episode_idx,time_sec,dr_E_m,dr_N_m,gt_E_m,gt_N_m,drift_m
0,1,0.6423476,-23.988655,-0.591557,-23.103634,1.5184805
0,2,0.6374922,-48.050217,-2.1836956,-49.715454,3.2759907
0,3,-0.06807572,-72.07538,-4.310089,-75.78957,5.6382556
0,4,-2.0056567,-96.20705,-7.4851003,-101.45273,7.58561
0,5,-5.712994,-120.41565,-11.987979,-126.87486,9.00538
0,6,-10.087431,-144.74673,-17.110981,-152.33705,10.341332
0,7,-15.355886,-169.09125,-23.18989,-177.53738,11.519932
0,8,-21.600515,-192.26897,-30.554682,-202.20175,13.373007
0,9,-28.193031,-214.98523,-38.78652,-226.37737,15.556437
0,10,-35.33873,-238.11902,-47.744865,-250.51866,17.540335
0,11,-42.839256,-261.39417,-57.66208,-274.4798,19.772451
0,12,-51.089664,-284.76044,-68.63043,-298.08917,22.03029
0,13,-59.795124,-307.92105,-80.24328,-321.25372,24.410799
0,14,-67.61096,-330.6789,-91.796,-344.2361,27.725695
0,15,-73.90231,-354.4761,-102.93455,-367.13184,31.670778
0,16,-79.958,-379.34012,-113.4678,-390.12576,35.202793
0,17,-85.91659,-403.85034,-123.37562,-413.4868,38.678677
0,18,-91.2977,-428.3954,-132.46384,-437.23624,42.104767
0,19,-96.66564,-452.71356,-140.56644,-461.2428,44.72167
0,20,-102.95553,-476.41367,-147.81677,-485.44858,45.762
0,21,-109.28128,-499.62122,-154.34576,-509.9654,46.236454
0,22,-114.21776,-521.8794,-159.93027,-534.8139,47.50721
0,23,-117.66159,-543.5469,-164.57092,-559.8788,49.671085
0,24,-120.2812,-565.3605,-167.91516,-584.8431,51.464226
0,25,-121.795525,-587.45245,-170.30203,-610.08356,53.526146
0,26,-122.7754,-609.20557,-171.60452,-635.59106,55.502056
0,27,-122.518074,-631.396,-172.21349,-660.7554,57.720074
0,28,-121.66544,-653.49536,-171.93881,-685.7302,59.720165
0,29,-120.40541,-675.82776,-170.44586,-710.78296,61.040253
0,30,-119.074036,-697.3111,-167.74568,-735.8536,62.084236
0,31,-117.53206,-717.5263,-164.07793,-760.88586,63.612648
0,32,-115.294,-736.62335,-159.61623,-785.75183,66.16697
0,33,-111.9747,-755.21936,-154.5155,-810.03973,69.39015
0,34,-108.170364,-773.1906,-148.8419,-834.14465,73.27734
0,35,-103.794,-789.97974,-142.16054,-857.97644,78.07396
0,36,-99.42091,-806.13495,-135.40875,-881.09735,83.15339
0,37,-95.0065,-822.1551,-128.88916,-903.4391,88.06317
0,38,-90.67958,-837.58765,-122.951706,-925.4242,93.5775
0,39,-86.58715,-852.2633,-116.887634,-947.06323,99.5246
0,40,-83.2706,-865.3377,-110.96374,-968.98816,107.28619
0,41,-80.085106,-877.72687,-105.35858,-991.6463,116.68928
0,42,-76.68504,-890.7163,-100.13384,-1014.91925,126.39706
0,43,-73.14116,-904.1091,-95.29985,-1038.3142,136.02216
0,44,-69.80778,-917.08716,-90.761696,-1061.6321,146.05582
0,45,-66.91691,-929.3442,-86.52463,-1084.6505,156.5392
0,46,-64.340836,-940.7406,-82.638405,-1107.8223,168.08058
0,47,-61.814083,-951.8558,-79.10239,-1131.3608,180.33566
0,48,-59.57369,-962.4959,-76.151375,-1154.9008,193.11769
0,49,-57.515247,-972.83795,-73.58928,-1178.1769,205.9671
0,50,-55.54226,-982.9709,-71.48812,-1201.1935,218.80441
0,51,-53.46471,-993.313,-69.71168,-1224.1449,231.40297
0,52,-51.183315,-1003.7627,-68.24434,-1246.7733,243.60878
0,53,-48.64972,-1014.3857,-66.9861,-1269.5018,255.77426
0,54,-46.193634,-1024.3455,-65.72697,-1292.1193,268.48532
0,55,-43.572117,-1034.0396,-64.281815,-1314.2856,281.01025
0,56,-40.821205,-1043.1869,-62.604378,-1336.2125,293.8342
0,57,-37.698833,-1053.4125,-60.861984,-1358.1499,305.6165
0,58,-34.833275,-1064.0383,-59.377075,-1380.1656,317.07867
0,59,-32.012745,-1074.6738,-58.13169,-1402.0394,328.4059
0,60,-29.451988,-1084.6761,-56.63312,-1423.3118,339.72473
1,1,4.2907243,-24.932413,3.344809,-22.505854,2.604409
1,2,9.979996,-50.27294,7.8065124,-47.37183,3.6249797
1,3,17.274376,-75.35661,12.907242,-71.65974,5.721779
1,4,25.430063,-100.361336,18.580837,-95.76466,8.248714
1,5,34.61299,-124.63547,25.2622,-119.596436,10.622107
1,6,43.99545,-148.75238,32.01399,-142.71735,13.415552
1,7,53.599815,-173.11298,38.533585,-165.0591,17.083801
1,8,63.16702,-197.06454,44.47104,-187.04422,21.211945
1,9,72.46223,-220.43057,50.535107,-208.6832,24.875679
1,10,80.64634,-242.50137,56.459003,-230.60817,26.95321
1,11,88.71713,-264.05206,62.064156,-253.26633,28.752623
1,12,97.13051,-286.22388,67.288895,-276.53928,31.37377
1,13,105.76201,-308.78857,72.12289,-299.9342,34.784916
1,14,114.11543,-331.11142,76.66105,-323.25208,38.270096
1,15,121.79926,-352.95218,80.89811,-346.27048,41.44333
1,16,129.0255,-374.1201,84.78433,-369.44223,44.487785
1,17,136.22519,-395.12643,88.32036,-392.98077,47.952858
1,18,142.95361,-415.83188,91.27137,-416.5207,51.686832
1,19,149.38153,-436.38315,93.83346,-439.79684,55.652866
1,20,155.67659,-456.8078,95.934616,-462.81342,60.043076
1,21,162.16408,-477.42096,97.71106,-485.76495,64.990875
1,22,169.04376,-498.06934,99.1784,-508.3933,70.62403
1,23,176.40376,-518.82336,100.436646,-531.1218,76.956184
1,24,183.70685,-538.9274,101.69578,-553.7393,83.33791
1,25,191.3992,-558.71466,103.14093,-575.90564,89.916916
1,26,199.46638,-577.8596,104.81836,-597.8325,96.732445
1,27,208.06483,-598.0266,106.56076,-619.76996,103.80679
1,28,216.11703,-618.7823,108.04567,-641.78564,110.49242
1,29,224.09146,-639.59485,109.291046,-663.6594,117.295525
1,30,231.65854,-659.86444,110.78962,-684.93176,123.44094
1,31,239.32889,-680.0501,112.3398,-705.6618,129.54608
1,32,246.22627,-699.30646,113.81112,-725.9571,135.07047
1,33,252.80884,-718.38617,115.2,-745.87335,140.32726
1,34,258.9972,-736.8485,116.37778,-766.08514,145.5853
1,35,265.18115,-755.5538,117.609245,-786.87726,150.85962
1,36,271.34723,-773.99194,118.93782,-808.03467,156.16508
1,37,277.30972,-792.5472,120.19554,-829.21893,161.33717
1,38,282.8177,-810.9347,121.407745,-850.70087,166.23634
1,39,287.71783,-828.747,122.52511,-872.6143,170.91805
1,40,292.2117,-846.34937,123.36863,-894.9661,175.70308
1,41,295.1451,-862.9201,123.12441,-917.83496,180.57341
1,42,297.1493,-878.28485,121.225624,-940.4743,186.59225
1,43,298.31738,-892.4705,117.942665,-962.9709,193.66296
1,44,299.10864,-905.1763,113.57386,-984.756,201.88138
1,45,299.54077,-917.16144,107.76973,-1006.6069,211.60486
1,46,299.26505,-929.5369,100.68142,-1028.0684,221.68423
1,47,298.60168,-942.10236,92.42934,-1048.8988,232.19069
1,48,297.13763,-954.00653,82.76608,-1069.0469,243.2888
1,49,295.327,-965.58374,72.003456,-1088.4573,254.89471
1,50,293.53128,-977.2278,60.56251,-1107.1073,266.7267
1,51,292.0496,-988.93054,48.55102,-1125.0566,278.9657
1,52,290.8473,-1000.2964,35.917973,-1142.6039,291.95956
1,53,289.8604,-1011.0979,23.190022,-1160.1226,305.4856
1,54,289.19965,-1021.1411,10.730864,-1177.5967,319.4107
1,55,288.67578,-1031.6338,-1.902902,-1195.1423,333.4232
1,56,288.3152,-1042.4047,-14.5320835,-1213.0652,347.62262
1,57,288.51862,-1052.898,-26.252125,-1231.4327,361.87747
1,58,289.1024,-1063.5687,-36.75439,-1250.0892,375.4631
1,59,290.18112,-1074.1346,-46.23198,-1269.014,388.78238
1,60,291.56815,-1084.3478,-54.9425,-1288.76,402.31082
2,1,1.8249003,-20.794775,1.3967656,-18.668123,2.1693194
2,2,3.2969956,-41.912704,2.8680866,-38.96342,2.980308
2,3,4.582174,-63.848,4.2569656,-58.879665,4.978966
2,4,5.6807814,-85.94682,5.434746,-79.091446,6.859791
2,5,6.7112045,-108.57716,6.6662164,-99.88356,8.69372
2,6,7.8336825,-131.49438,7.994785,-121.04098,10.454649
2,7,8.689604,-154.53563,9.252511,-142.22525,12.323242
2,8,9.086718,-177.54524,10.464715,-163.7072,13.906485
2,9,8.966208,-200.16394,11.582076,-185.62064,14.776687
2,10,8.428383,-222.73183,12.425601,-207.97244,15.291081
2,11,6.320152,-244.04892,12.181383,-230.84125,14.449797
2,12,3.4119668,-264.0938,10.282595,-253.48065,12.642969
2,13,-0.2338736,-282.88586,6.999631,-275.97717,10.00268
2,14,-3.9668128,-300.26407,2.630829,-297.7623,7.0560427
2,15,-8.015508,-316.9714,-3.1733,-319.6132,5.5159774
2,16,-13.153898,-333.81708,-10.261613,-341.0747,7.812714
2,17,-18.872965,-350.70474,-18.513695,-361.90506,11.206079
2,18,-25.561382,-366.6953,-28.176952,-382.05322,15.579043
2,19,-32.729237,-382.36887,-38.939575,-401.46365,20.079323
2,20,-39.90016,-398.1377,-50.38052,-420.11368,24.347109
2,21,-46.66027,-414.139,-62.392014,-438.06293,28.632877
2,22,-52.97415,-429.9848,-75.025055,-455.61017,33.80683
2,23,-58.890785,-445.4732,-87.75301,-473.12894,39.973335
2,24,-64.169,-460.41907,-100.212166,-490.60297,47.012527
2,25,-69.36727,-475.91464,-112.84593,-508.14862,54.12415
2,26,-74.39892,-491.7723,-125.47511,-526.0715,61.524063
2,27,-78.52476,-507.6386,-137.19516,-544.4391,69.25671
2,28,-82.13218,-523.83636,-147.69742,-563.0955,76.42043
2,29,-84.96592,-540.14453,-157.175,-582.0204,83.472984
2,30,-87.21738,-556.2605,-165.88553,-601.7663,90.881546
2,31,-89.28735,-571.87494,-173.68431,-621.5406,97.92611
2,32,-91.19324,-586.77765,-180.63837,-641.5056,104.85982
2,33,-92.7925,-601.73694,-186.59872,-662.0184,111.505424
2,34,-93.8857,-616.6203,-191.31935,-683.24255,118.033226
2,35,-94.14443,-631.042,-194.9291,-704.6867,124.82424
2,36,-93.93298,-645.3196,-197.45515,-726.3109,131.43985
2,37,-93.314995,-660.43805,-198.57213,-747.88086,136.84045
2,38,-92.60936,-675.64294,-198.38695,-769.69556,141.54431
2,39,-92.02349,-691.0559,-196.9497,-791.90027,145.5304
2,40,-91.2772,-706.6425,-194.20282,-814.2834,148.93031
2,41,-90.22256,-721.5892,-190.92627,-836.7231,152.96095
2,42,-89.56534,-735.2411,-188.1551,-859.02826,158.25046
2,43,-89.73375,-747.7358,-185.68344,-881.5434,164.65364
2,44,-90.76831,-760.4276,-183.61903,-904.7244,171.58913
2,45,-91.99711,-773.53015,-181.76985,-928.5941,179.17584
2,46,-93.30707,-786.5694,-179.84012,-952.83405,187.43506
2,47,-95.08669,-799.1396,-178.05563,-977.5402,196.75018
2,48,-96.90123,-810.72394,-176.73123,-1002.3389,207.57922
2,49,-98.85144,-821.9793,-175.96028,-1026.8038,218.85808
2,50,-100.59505,-832.3008,-175.6663,-1050.812,231.04729
2,51,-102.45854,-842.90936,-175.74745,-1074.4191,242.8333
2,52,-104.46673,-854.25287,-176.121,-1097.6387,253.71437
2,53,-106.804214,-865.63007,-176.6437,-1120.48,264.24615
2,54,-109.160515,-876.5161,-177.44464,-1143.1958,275.28308
2,55,-111.51359,-887.6552,-178.56853,-1165.8813,286.1925
2,56,-114.08526,-899.00806,-179.95763,-1188.4747,296.8672
2,57,-116.84597,-910.0787,-181.67685,-1210.7938,307.62418
2,58,-119.51964,-920.6766,-183.71143,-1232.6237,318.48325
2,59,-122.22737,-931.3814,-185.85849,-1253.9514,328.78613
2,60,-124.60042,-941.30865,-188.02681,-1274.7029,339.37387
3,1,-8.2456045,-19.959633,-6.9679947,-17.805704,2.5043354
3,2,-16.460533,-40.188145,-13.922049,-37.77069,3.5054226
3,3,-24.335363,-60.89015,-19.882414,-58.28349,5.1597896
3,4,-31.714596,-82.42883,-24.603035,-79.50762,7.688158
3,5,-37.979225,-104.65831,-28.212788,-100.95182,10.446117
3,6,-43.574333,-127.330734,-30.738836,-122.57601,13.687855
3,7,-48.79972,-151.15623,-31.855824,-144.14595,18.336842
3,8,-53.93,-175.18127,-31.670631,-165.96065,24.093555
3,9,-59.311005,-199.38522,-30.233395,-188.16539,31.167162
3,10,-64.52213,-223.96558,-27.486502,-210.54848,39.39107
3,11,-69.09361,-248.2179,-24.20996,-232.98817,47.397114
3,12,-73.96577,-271.22882,-21.438799,-255.29332,54.891006
3,13,-79.969444,-292.9021,-18.967125,-277.8085,62.84186
3,14,-87.58295,-314.55676,-16.902721,-300.98953,71.97057
3,15,-95.60806,-336.52368,-15.053535,-324.8592,81.39467
3,16,-103.8144,-358.53366,-13.123808,-349.09915,91.18
3,17,-112.787384,-379.91187,-11.339315,-373.80533,101.63169
3,18,-121.7242,-400.3545,-10.014925,-398.60403,111.72299
3,19,-130.90028,-420.45148,-9.243972,-423.06894,121.68446
3,20,-139.63338,-439.79367,-8.949989,-447.07706,130.88618
3,21,-148.63022,-459.37778,-9.031141,-470.6841,140.05618
3,22,-157.96614,-479.62872,-9.404687,-493.9038,149.24571
3,23,-167.93623,-499.7831,-9.92739,-516.74506,158.91666
3,24,-177.92923,-519.45966,-10.728326,-539.4609,168.39296
3,25,-187.95348,-539.4436,-11.852215,-562.1464,177.55864
3,26,-198.38342,-559.5013,-13.241315,-584.73987,186.85445
3,27,-209.15099,-579.1578,-14.960533,-607.0589,196.18462
3,28,-219.75021,-598.38184,-16.99512,-628.88873,205.03732
3,29,-230.41107,-617.6892,-19.142185,-650.21655,213.75821
3,30,-240.43146,-636.41254,-21.310505,-670.96796,221.82892
3,31,-250.00903,-654.7326,-23.423548,-691.23083,229.50621
3,32,-259.81793,-672.4344,-25.417044,-710.99146,237.55089
3,33,-269.39832,-689.2724,-27.614258,-730.367,245.2515
3,34,-278.72723,-705.0173,-29.77989,-749.39594,252.872
3,35,-287.5986,-719.74976,-31.912209,-768.2152,260.2392
3,36,-296.24356,-733.7255,-34.01191,-787.00354,267.58923
3,37,-305.16003,-747.57306,-35.994015,-805.85144,275.4028
3,38,-313.63843,-761.13245,-37.756256,-824.637,283.0968
3,39,-322.07648,-775.07556,-39.235283,-843.89166,291.0924
3,40,-330.27695,-789.7079,-40.176712,-863.8477,299.42422
3,41,-338.03247,-804.5859,-40.601364,-884.30743,307.92984
3,42,-345.13422,-819.1976,-40.36633,-904.8238,316.56802
3,43,-351.8965,-834.104,-39.28783,-925.1618,325.60052
3,44,-357.98892,-848.91925,-36.971233,-945.4544,335.21844
3,45,-362.86545,-863.87994,-33.396008,-965.72577,344.85168
3,46,-367.1212,-879.57336,-28.747889,-985.7199,354.6316
3,47,-370.7419,-894.49115,-22.856867,-1005.1645,365.0652
3,48,-373.83072,-908.8006,-16.023302,-1024.1763,375.94904
3,49,-376.35233,-922.3124,-8.393858,-1042.6908,387.14908
3,50,-378.24057,-933.7359,-0.4906604,-1060.9846,398.60663
3,51,-379.74808,-943.52185,7.8363514,-1078.8652,410.53568
3,52,-380.7711,-952.8704,16.388962,-1095.9934,422.16144
3,53,-381.27182,-962.7007,24.898455,-1112.7174,432.9888
3,54,-381.51883,-973.3249,33.611515,-1129.3141,443.4702
3,55,-381.63788,-984.6918,42.72219,-1146.2844,454.0855
3,56,-382.00125,-996.7775,52.0165,-1163.7634,465.03302
3,57,-382.14407,-1009.19495,61.295315,-1181.5986,475.77466
3,58,-382.30542,-1021.39014,70.6527,-1199.379,486.67352
3,59,-382.71158,-1032.9948,80.0518,-1217.3502,498.1334
3,60,-383.1639,-1044.9265,89.68868,-1235.6697,509.87503
4,1,-2.6083925,-22.657589,-1.8586916,-18.174103,4.5457344
4,2,-5.890914,-45.964752,-3.8521886,-37.934776,8.28474
4,3,-9.455658,-69.55319,-6.049401,-57.31027,12.707941
4,4,-13.46027,-93.22305,-8.215034,-76.33923,17.679815
4,5,-17.567366,-116.48862,-10.347353,-95.158485,22.51895
4,6,-21.878334,-139.31203,-12.447052,-113.94683,27.061823
4,7,-26.648876,-162.27905,-14.429157,-132.79471,31.916267
4,8,-31.03947,-184.92253,-16.1914,-151.58029,36.498905
4,9,-35.149616,-207.9086,-17.670427,-170.83495,40.987534
4,10,-38.559174,-231.49806,-18.611855,-190.79102,45.331657
4,11,-41.25622,-255.21217,-19.036507,-211.25075,49.257717
4,12,-43.24474,-278.51328,-18.801472,-231.7671,52.75109
4,13,-44.62095,-301.96744,-17.722975,-252.1051,56.654686
4,14,-45.149925,-325.0922,-15.406379,-272.39774,60.509373
4,15,-43.955578,-347.96042,-11.83115,-292.6691,63.94614
4,16,-41.561634,-371.24207,-7.1830325,-312.66318,67.92182
4,17,-38.656982,-393.6043,-1.2920101,-332.1078,71.95806
4,18,-35.290028,-415.19772,5.5415545,-351.1196,75.981735
4,19,-31.474934,-435.83774,13.170999,-369.63412,79.850975
4,20,-27.662745,-454.315,21.074196,-387.92792,82.35614
4,21,-23.99652,-471.1497,29.401207,-405.8085,84.384766
4,22,-19.703564,-487.39972,37.953815,-422.93677,86.4861
4,23,-14.330764,-503.8112,46.46331,-439.6607,88.38102
4,24,-8.233445,-520.8296,55.176373,-456.25735,90.50071
4,25,-1.6536055,-538.4814,64.28705,-473.22778,92.769615
4,26,4.8263793,-556.9634,73.58135,-490.70673,95.48398
4,27,11.796473,-575.72107,82.86017,-508.54196,97.791016
4,28,18.683308,-594.35315,92.21756,-526.32227,100.177284
4,29,24.99078,-612.6311,101.61666,-544.29346,102.672104
4,30,31.364079,-631.2754,111.25353,-562.6129,105.34163
4,31,37.5038,-650.01654,121.01812,-581.32526,108.134796
4,32,43.303223,-669.3594,130.89783,-600.0284,111.712135
4,33,49.169014,-688.8399,140.64926,-618.52216,115.382935
4,34,54.7472,-707.71,150.31207,-636.7808,119.0109
4,35,60.34446,-726.9315,159.82948,-654.82263,122.86969
4,36,66.39042,-746.352,169.22192,-672.8422,126.40413
4,37,72.665184,-765.9394,178.62593,-690.9233,129.82718
4,38,79.104935,-785.69946,187.91455,-708.6928,133.3025
4,39,85.50149,-806.1806,196.89725,-726.0306,137.23354
4,40,91.53241,-826.9605,205.7369,-743.0661,141.70721
4,41,96.53647,-847.81036,214.45944,-760.13403,146.94545
4,42,100.76786,-867.9218,223.25809,-777.56256,152.21252
4,43,104.754364,-886.7513,231.99309,-795.13617,156.78973
4,44,108.35409,-904.3916,240.52698,-812.59467,160.92342
4,45,111.64599,-920.56055,248.82916,-830.05164,164.3505
4,46,114.77552,-936.0101,256.90616,-847.8913,167.2305
4,47,117.487236,-950.9082,265.1025,-866.03186,170.27701
4,48,119.827255,-964.7554,273.2441,-884.4763,173.15155
4,49,121.7155,-978.6607,281.05463,-903.01514,176.3837
4,50,123.38874,-991.5911,288.40872,-921.26196,179.38168
4,51,125.05696,-1003.8327,295.47903,-939.76373,182.06734
4,52,126.650696,-1015.64526,302.31808,-958.85284,184.61963
4,53,128.43991,-1027.3872,309.45248,-977.91266,187.65202
4,54,130.003,-1037.8969,316.3853,-996.8427,190.85022
4,55,131.42073,-1047.4363,323.1817,-1015.6185,194.38272
4,56,132.88274,-1056.8966,329.8693,-1034.525,198.25285
4,57,134.43063,-1066.9136,336.78003,-1053.813,202.77303
4,58,136.04466,-1077.4524,343.92923,-1072.9731,207.93282
4,59,137.80527,-1088.7711,351.35794,-1092.006,213.57718
4,60,139.78098,-1100.1078,358.9303,-1110.9915,219.41942
5,1,9.450521,-18.236578,8.784066,-16.855816,1.5331885
5,2,18.838776,-37.578583,18.663774,-35.558937,2.0272133
5,3,28.584919,-57.59137,28.415203,-54.052742,3.5426953
5,4,38.287285,-77.74339,38.07803,-72.31139,5.436028
5,5,48.101116,-98.33703,47.595436,-90.35322,7.999809
5,6,58.429905,-119.019806,56.987877,-108.3728,10.744213
5,7,69.16611,-140.08403,66.391884,-126.45381,13.909679
5,8,80.117744,-161.30663,75.680504,-144.22337,17.650116
5,9,91.105865,-183.25984,84.6632,-161.56113,22.634977
5,10,101.788635,-205.72832,93.50284,-178.59663,28.36869
5,11,111.33793,-228.51111,102.225395,-195.66461,34.087105
5,12,119.96695,-250.84315,111.02404,-213.0931,38.79488
5,13,128.1924,-272.05106,119.75904,-230.66676,42.234833
5,14,135.86066,-292.2609,128.29294,-248.12526,44.779736
5,15,143.0333,-311.1902,136.59511,-265.5822,46.06015
5,16,149.99231,-329.61063,144.67212,-283.42188,46.49414
5,17,156.47098,-347.84445,152.86845,-301.5624,46.42204
5,18,162.45393,-365.38263,161.01004,-320.0069,45.398697
5,19,167.89201,-383.19446,168.82057,-338.5457,44.65843
5,20,172.99516,-400.29294,176.17467,-356.79248,43.6165
5,21,178.09004,-416.95242,183.24498,-375.29428,41.975876
5,22,183.08113,-433.3506,190.08403,-394.3834,39.59145
5,23,188.36969,-449.7158,197.21843,-413.4432,37.336315
5,24,193.2501,-465.00418,204.15126,-432.3733,34.403637
5,25,197.86024,-479.45132,210.94766,-451.14908,31.181688
5,26,202.5711,-493.9242,217.63524,-470.0556,28.224771
5,27,207.4593,-508.94257,224.54596,-489.3435,26.001478
5,28,212.50418,-524.5134,231.69519,-508.50375,24.992088
5,29,217.83467,-540.8355,239.12389,-527.5365,25.10168
5,30,223.4834,-557.11975,246.69624,-546.52203,25.5176
5,31,229.08606,-573.8603,254.34888,-565.4075,26.639448
5,32,234.92151,-590.0955,262.3693,-584.04535,28.10668
5,33,241.21599,-606.3821,270.49445,-602.38916,29.549475
5,34,248.02821,-623.2567,278.53647,-620.34216,30.647158
5,35,255.09431,-640.2554,286.4042,-637.95154,31.394535
5,36,262.38712,-657.98016,293.99112,-655.3322,31.714739
5,37,269.9356,-676.1534,301.5977,-672.42377,31.880985
5,38,277.087,-694.6129,309.1501,-689.4715,32.472687
5,39,284.61755,-713.56506,316.62726,-706.6064,32.75736
5,40,291.8523,-732.1453,324.0247,-723.50806,33.311638
5,41,298.80115,-750.118,331.23688,-740.2753,33.89623
5,42,306.28632,-769.9587,338.39404,-757.4517,34.457657
5,43,313.4565,-789.6211,345.39743,-775.1105,35.082478
5,44,319.58127,-809.7299,351.47574,-792.8442,36.088577
5,45,325.13647,-829.7282,356.80664,-810.2881,37.1607
5,46,330.02423,-848.9022,361.18082,-827.1101,38.02143
5,47,334.21487,-867.8806,364.17636,-842.7839,39.083717
5,48,337.9515,-887.1154,366.27792,-857.2662,41.150494
5,49,341.44553,-906.8082,367.63452,-871.2211,44.184895
5,50,344.90768,-926.744,368.7457,-884.323,48.659985
5,51,348.11713,-946.6189,369.4417,-896.2716,54.67712
5,52,350.94775,-964.73755,369.69562,-906.7181,60.973286
5,53,353.59235,-981.0908,369.83807,-916.32623,66.771065
5,54,358.0162,-995.4954,370.94363,-925.6885,70.99386
5,55,363.9972,-1009.1242,373.57318,-934.76373,74.974525
5,56,369.42236,-1021.9658,376.7248,-944.2913,78.017006
5,57,373.18213,-1033.4487,379.62277,-954.5524,79.15875
5,58,373.88235,-1043.5901,380.49258,-964.9385,78.9289
5,59,371.62543,-1052.0243,378.4477,-974.6712,77.65336
5,60,367.39288,-1058.1506,373.33206,-983.2613,75.12448
6,1,7.4417534,-18.839735,6.889712,-16.977077,1.942741
6,2,15.550202,-38.09746,14.910116,-35.614998,2.563657
6,3,24.39724,-57.767246,23.035278,-53.9588,4.0446496
6,4,33.890182,-78.060196,31.077303,-71.91177,6.761316
6,5,43.680573,-98.43717,38.94504,-89.521164,10.095566
6,6,53.73748,-119.56323,46.53195,-106.90182,14.568152
6,7,64.09818,-141.14105,54.1385,-123.99337,19.830236
6,8,73.98433,-163.06834,61.690903,-141.0411,25.225533
6,9,84.315926,-185.46684,69.16808,-158.17603,31.212912
6,10,94.29677,-207.5034,76.565506,-175.07765,36.957096
6,11,103.972786,-229.00328,83.77772,-191.84496,42.29163
6,12,114.2548,-252.3581,90.93488,-209.02136,49.212708
6,13,124.14744,-275.5207,97.93825,-226.6801,55.42856
6,14,132.78925,-299.22308,104.01659,-244.4138,61.90253
6,15,140.77115,-322.91843,109.34746,-261.8577,68.67213
6,16,147.95844,-345.86295,113.72165,-278.67975,75.40384
6,17,154.30333,-368.67432,116.71718,-294.3535,83.28448
6,18,160.07967,-391.69543,118.81875,-308.83582,92.56446
6,19,165.55936,-415.14474,120.175354,-322.79077,102.902695
6,20,170.99126,-438.77826,121.28653,-335.89264,114.2629
6,21,176.12428,-462.3897,121.98255,-347.84122,126.69919
6,22,180.7667,-484.28442,122.23644,-358.2877,138.92792
6,23,185.1439,-504.39706,122.378914,-367.89587,150.23987
6,24,191.72675,-522.323,123.48446,-377.25812,160.31479
6,25,200.31088,-539.32684,126.11401,-386.33334,170.03584
6,26,208.31403,-555.73975,129.26561,-395.86096,178.35324
6,27,214.30739,-571.1743,132.16359,-406.12204,184.36339
6,28,216.11713,-585.8252,133.03342,-416.5081,188.60326
6,29,213.34256,-599.004,130.98851,-426.2408,191.38788
6,30,206.86937,-609.5476,125.87288,-434.8309,192.57819
6,31,197.88394,-616.54395,117.92068,-441.30276,192.62292
6,32,186.84761,-619.70575,108.09231,-444.5301,192.06487
6,33,174.62634,-619.0548,97.18808,-444.41104,191.04222
6,34,161.82024,-616.0364,86.01239,-441.541,190.25108
6,35,148.82498,-613.4741,74.83937,-438.02206,190.41348
6,36,135.26427,-612.74146,63.52088,-436.0557,190.69601
6,37,121.40382,-614.2404,52.282486,-436.71307,190.5091
6,38,107.95992,-618.74054,41.58729,-439.57303,191.06628
6,39,94.875854,-624.9485,31.330408,-444.249,191.54721
6,40,82.4602,-632.3378,21.036058,-450.20987,192.20697
6,41,71.50374,-641.8403,11.582024,-457.5806,193.75821
6,42,61.775017,-652.9691,3.2277787,-466.00717,195.91464
6,43,53.27793,-664.2806,-4.3417077,-475.0318,197.826
6,44,45.302124,-675.59875,-11.215203,-484.51712,199.26465
6,45,37.423862,-686.6147,-18.106947,-494.40146,200.07397
6,46,29.857704,-697.49506,-24.769325,-504.55222,200.52695
6,47,22.906439,-708.1422,-31.010109,-514.63007,200.88292
6,48,16.129227,-718.75726,-37.118504,-524.4232,201.49701
6,49,9.870632,-728.65424,-42.783886,-534.1461,201.50908
6,50,4.4849086,-737.9521,-48.059704,-543.9277,201.01346
6,51,-0.94476414,-747.7695,-53.08705,-553.73505,200.91833
6,52,-6.093036,-757.2706,-58.32254,-563.9966,200.20685
6,53,-10.375252,-765.19727,-63.75092,-574.4814,198.0442
6,54,-14.238733,-772.4543,-69.07726,-585.0667,195.24693
6,55,-17.90856,-779.31714,-74.415306,-595.8734,191.94951
6,56,-21.58109,-786.00165,-79.77539,-607.01447,188.20996
6,57,-25.622234,-792.9207,-85.14363,-618.32245,184.46504
6,58,-30.065334,-799.95435,-90.53802,-629.9414,180.44763
6,59,-34.43501,-807.05194,-96.12775,-641.73785,176.4504
6,60,-37.880795,-812.7843,-102.03342,-653.55774,171.66437
7,1,-7.4947214,-5.3677015,-7.2782373,-5.70341,0.39945668
7,2,-16.227272,-7.2518063,-17.106606,-8.930732,1.8952621
7,3,-24.958567,-6.167431,-28.010836,-8.811676,4.0383635
7,4,-34.229877,-3.3305259,-39.186527,-5.941636,5.6023455
7,5,-43.801575,-0.78367925,-50.359543,-2.422715,6.7596884
7,6,-54.076294,0.44852388,-61.678032,-0.45634398,7.6554036
7,7,-64.86737,-0.008723557,-72.91643,-1.1137284,8.124553
7,8,-75.63145,-2.8448944,-83.611626,-3.973662,8.059613
7,9,-86.33907,-7.0922976,-93.86851,-8.649631,7.6888013
7,10,-96.650055,-12.349079,-104.16286,-14.6105,7.845777
7,11,-105.976326,-19.425255,-113.61689,-21.981249,8.056756
7,12,-114.49547,-27.972511,-121.97114,-30.40781,7.862335
7,13,-122.178,-36.917034,-129.54062,-39.43244,7.780451
7,14,-129.61797,-46.13156,-136.41412,-48.917763,7.345113
7,15,-137.13878,-55.314568,-143.30586,-58.8021,7.0849004
7,16,-144.52898,-64.58518,-149.96825,-68.952866,6.975838
7,17,-151.45078,-73.80901,-156.20903,-79.03072,7.0645065
7,18,-158.31387,-83.151215,-162.31743,-88.823845,6.94314
7,19,-164.6888,-91.90809,-167.9828,-98.546776,7.4109817
7,20,-170.25172,-100.20935,-173.25862,-108.32832,8.657895
7,21,-175.93872,-109.07063,-178.28596,-118.13571,9.364038
7,22,-181.36452,-117.687515,-183.52145,-128.39723,10.924762
7,23,-185.84808,-124.82792,-188.94983,-138.88202,14.392308
7,24,-189.90279,-131.37364,-194.27618,-149.46736,18.614761
7,25,-193.81554,-137.66437,-199.61423,-160.27403,23.341417
7,26,-197.78401,-143.88626,-204.9743,-171.4151,28.45237
7,27,-202.14232,-150.33961,-210.34254,-182.72307,33.405563
7,28,-206.91779,-156.90613,-215.73694,-194.34204,38.460697
7,29,-211.6588,-163.58609,-221.32666,-206.13849,43.636845
7,30,-215.41881,-169.00482,-227.23233,-217.95836,50.35879
7,31,-219.65042,-174.6138,-233.86104,-230.04582,57.224564
7,32,-223.80727,-179.88477,-241.01778,-242.30798,64.7523
7,33,-228.14162,-185.40527,-248.27728,-254.6946,72.15577
7,34,-232.8608,-191.46558,-255.79565,-267.3255,79.25109
7,35,-237.57845,-197.35371,-263.45792,-280.0912,86.69046
7,36,-242.02745,-203.1538,-271.46558,-292.88965,94.44113
7,37,-246.00072,-208.65793,-279.57028,-305.64328,102.63077
7,38,-249.55731,-213.7486,-287.7707,-318.7181,111.708824
7,39,-252.73628,-218.30107,-295.84354,-332.17365,121.75877
7,40,-255.60112,-222.5122,-303.80405,-345.5591,132.15167
7,41,-257.36066,-225.28127,-311.6785,-358.79407,144.13916
7,42,-258.33105,-226.84123,-319.41653,-371.70462,157.2159
7,43,-259.11105,-228.22443,-326.80093,-384.49112,170.29738
7,44,-260.17093,-230.17242,-333.91968,-397.48947,182.84932
7,45,-261.54846,-232.74889,-341.1516,-410.95242,195.1747
7,46,-262.59717,-234.91302,-348.19617,-424.82822,208.31459
7,47,-263.31128,-236.48572,-354.84543,-438.61728,221.89111
7,48,-263.80255,-237.60387,-361.4045,-452.3034,235.84323
7,49,-264.21002,-238.55475,-367.97186,-466.42032,250.37819
7,50,-264.7466,-239.8576,-374.04193,-481.04468,264.79553
7,51,-265.4208,-241.41449,-379.27634,-496.0007,278.88568
7,52,-266.27225,-243.03235,-384.39624,-511.00027,292.84824
7,53,-267.33423,-244.99944,-390.22986,-525.8934,306.60193
7,54,-268.825,-247.57674,-396.37473,-540.3584,319.3588
7,55,-270.54044,-250.30698,-402.15256,-554.4593,331.40668
7,56,-272.7215,-253.79944,-407.3199,-568.2302,342.02844
7,57,-275.08008,-257.53232,-411.9044,-582.1477,352.27267
7,58,-277.18234,-260.8363,-416.20132,-595.82294,362.68765
7,59,-279.25378,-264.10855,-420.30453,-609.18195,372.78812
7,60,-281.3145,-267.2033,-424.43066,-622.237,382.79388
8,1,-6.731758,-11.955839,-5.9916286,-10.854921,1.326579
8,2,-13.9268465,-24.10101,-13.148366,-23.11708,1.2546504
8,3,-21.38866,-36.7385,-20.407871,-35.503693,1.5769253
8,4,-29.103758,-49.94001,-27.926254,-48.134605,2.1554585
8,5,-37.03157,-63.086437,-35.588512,-60.900288,2.6194782
8,6,-44.628456,-76.30883,-43.596172,-73.69876,2.8067904
8,7,-51.640152,-89.37825,-51.70087,-86.45238,2.926503
8,8,-58.20346,-102.07857,-59.90127,-99.52721,3.064638
8,9,-64.46444,-114.201,-67.97412,-112.98274,3.7151055
8,10,-70.39592,-126.03731,-75.93463,-126.36822,5.548588
8,11,-75.261475,-136.55658,-83.809074,-139.60318,9.074318
8,12,-79.48845,-145.92989,-91.54714,-152.51373,13.738964
8,13,-83.33111,-155.53336,-98.93152,-165.30022,18.405552
8,14,-87.25296,-165.78268,-106.05026,-178.29857,22.582869
8,15,-91.37855,-176.805,-113.28222,-191.76154,26.52299
8,16,-94.99793,-187.78535,-120.32677,-205.63733,30.987785
8,17,-98.19671,-198.3735,-126.97602,-219.42639,35.65772
8,18,-101.16091,-208.63803,-133.5351,-233.11249,40.584316
8,19,-104.01889,-218.88477,-140.10245,-247.22942,45.8851
8,20,-106.82572,-229.5283,-146.17253,-261.85376,50.922554
8,21,-109.90907,-240.42224,-151.40692,-276.80978,55.191708
8,22,-113.86308,-251.20016,-156.52682,-291.8094,58.900795
8,23,-118.07326,-262.31122,-162.36044,-306.7025,62.7052
8,24,-122.88794,-273.97223,-168.50531,-321.1675,65.63794
8,25,-128.22859,-285.67474,-174.28314,-335.26837,67.679756
8,26,-133.90263,-298.1983,-179.45047,-349.0393,68.259895
8,27,-139.77054,-310.97052,-184.03499,-362.9568,68.278206
8,28,-145.47084,-323.27493,-188.33192,-376.63202,68.44013
8,29,-151.11954,-335.54242,-192.43512,-389.99103,68.34931
8,30,-156.97746,-347.52756,-196.56126,-403.0461,68.184944
8,31,-162.97406,-359.1884,-200.85297,-415.70145,68.033356
8,32,-169.22958,-371.04706,-204.97148,-427.9909,67.231575
8,33,-174.84752,-383.71786,-208.55255,-440.14386,65.72611
8,34,-179.67825,-396.59186,-211.68422,-452.49725,64.4189
8,35,-184.22571,-409.373,-214.01329,-465.08228,63.172977
8,36,-188.33536,-422.49393,-215.3667,-477.79224,61.551575
8,37,-191.7492,-434.20474,-216.22682,-490.6799,61.551582
8,38,-194.9454,-444.543,-217.07039,-503.8986,63.345097
8,39,-198.36697,-455.02463,-217.85498,-517.29865,65.25209
8,40,-201.57388,-464.41364,-218.61714,-530.8287,68.56698
8,41,-204.62914,-472.63492,-219.3456,-544.4811,73.33788
8,42,-207.32974,-479.75302,-220.03424,-558.20496,79.47396
8,43,-209.63959,-486.15793,-220.64131,-571.8175,86.36319
8,44,-212.04793,-492.9246,-221.18665,-585.3718,92.897835
8,45,-214.58308,-500.1048,-221.63548,-599.02405,99.170334
8,46,-217.24182,-507.5765,-221.97032,-612.6676,105.19742
8,47,-219.46025,-513.89307,-222.18886,-626.20044,112.340515
8,48,-221.1755,-518.8251,-222.34552,-639.6338,120.814384
8,49,-222.58122,-522.86273,-222.55641,-652.9554,130.09265
8,50,-223.71329,-525.8563,-223.03812,-666.2093,140.35458
8,51,-225.02112,-529.13385,-223.62558,-679.3646,150.23726
8,52,-226.4777,-532.6891,-223.80977,-692.4416,159.77478
8,53,-228.12393,-536.4913,-224.01385,-705.4514,169.01013
8,54,-230.00133,-540.4172,-224.49615,-718.39545,178.0634
8,55,-231.91135,-544.3193,-225.10277,-731.3283,187.13293
8,56,-233.94815,-548.4775,-225.62851,-744.2144,195.91367
8,57,-235.58217,-552.0952,-225.33888,-757.10187,205.2624
8,58,-237.12598,-555.5984,-224.4552,-769.9125,214.68832
8,59,-238.71312,-559.3851,-223.18318,-782.621,223.77544
8,60,-240.28838,-563.53424,-221.57545,-795.19904,232.41934
9,1,-4.9352736,-13.6776905,-3.862584,-11.386806,2.5295882
9,2,-10.116079,-27.625645,-7.9810953,-23.676258,4.4895225
9,3,-14.550422,-42.59621,-11.562169,-35.829227,7.397413
9,4,-18.107285,-57.86282,-14.6938305,-48.18261,10.264411
9,5,-21.473408,-73.521,-17.022902,-60.767647,13.507595
9,6,-24.30357,-89.67355,-18.376312,-73.47761,17.246479
9,7,-26.641153,-104.7752,-19.236439,-86.365265,19.843273
9,8,-29.076878,-118.98509,-20.079996,-99.583954,21.385698
9,9,-31.891626,-133.98872,-20.86459,-112.98398,23.723297
9,10,-34.76822,-148.24858,-21.626753,-126.51403,25.398598
9,11,-37.852695,-161.68013,-22.355211,-140.16644,26.514349
9,12,-40.83934,-174.29128,-23.043854,-153.89032,27.071726
9,13,-43.501106,-186.41985,-23.650923,-167.50285,27.420473
9,14,-46.20342,-198.9841,-24.196262,-181.05717,28.384672
9,15,-48.98495,-212.07715,-24.645094,-194.70943,29.900944
9,16,-51.86781,-225.48503,-24.979942,-208.35295,31.882057
9,17,-54.47177,-237.8431,-25.198465,-221.88582,33.34008
9,18,-56.764484,-248.89122,-25.355139,-235.31915,34.216194
9,19,-58.892525,-259.12872,-25.566029,-248.64075,34.937847
9,20,-61.07834,-268.40305,-26.047726,-261.89465,35.630085
9,21,-63.513966,-277.95825,-26.635195,-275.05,36.993263
9,22,-66.128914,-287.83725,-26.819384,-288.12695,39.3106
9,23,-69.03477,-297.9994,-27.023464,-301.13678,42.128292
9,24,-72.43299,-308.39355,-27.505762,-314.0808,45.28577
9,25,-75.95467,-318.8411,-28.112375,-327.01367,48.535313
9,26,-79.609695,-329.67422,-28.638132,-339.89975,51.98713
9,27,-82.754005,-340.05313,-28.348494,-352.78726,55.87591
9,28,-85.78062,-350.38354,-27.464817,-365.59787,60.267803
9,29,-88.69597,-361.04953,-26.192799,-378.30634,64.84168
9,30,-91.3222,-372.12778,-24.585073,-390.88443,69.32283
9,31,-94.0721,-383.28723,-22.745853,-403.2179,74.058525
9,32,-96.985306,-394.68875,-20.718279,-415.18365,78.972786
9,33,-99.68384,-405.5678,-18.409937,-426.90356,84.02774
9,34,-102.40188,-416.45773,-15.769748,-438.56744,89.40898
9,35,-105.19184,-427.4115,-12.78626,-450.3657,95.21389
9,36,-107.5891,-437.87195,-9.64687,-462.11655,100.89837
9,37,-109.41116,-448.2745,-6.465281,-473.65125,106.02751
9,38,-110.91513,-458.4654,-3.2459064,-484.73938,110.82863
9,39,-112.12131,-467.90524,0.033111114,-495.89023,115.59313
9,40,-113.312904,-477.77588,3.4797313,-507.75116,120.57793
9,41,-114.575195,-487.02063,7.0650783,-520.2718,126.10312
9,42,-115.86589,-495.73557,10.57371,-532.70337,131.73303
9,43,-116.97938,-503.54898,14.044987,-545.30035,137.51569
9,44,-117.99601,-510.82715,17.410442,-557.87695,143.3478
9,45,-118.961754,-517.5207,20.687206,-570.3749,149.31642
9,46,-119.91982,-523.82806,24.059086,-583.3935,155.81389
9,47,-121.10681,-529.6971,27.23803,-596.6162,162.74017
9,48,-122.434944,-535.0705,30.04971,-609.8348,169.82716
9,49,-123.624756,-539.3561,32.638073,-622.946,177.21553
9,50,-124.716515,-543.809,35.42782,-635.89954,184.7346
9,51,-125.90761,-549.0356,38.251186,-648.62317,192.00468
9,52,-126.79324,-553.4098,41.1253,-660.9778,199.41794
9,53,-127.60015,-558.1877,44.129894,-672.97705,206.56186
9,54,-128.26627,-562.8504,47.019726,-684.7662,213.51495
9,55,-129.04076,-567.0088,49.999866,-696.01166,220.6746
9,56,-129.89235,-571.46716,53.03237,-706.97424,227.64801
9,57,-130.76706,-576.1748,56.361965,-717.8811,234.72952
9,58,-131.5609,-580.5787,59.94459,-729.1105,242.35521
9,59,-132.40816,-585.06665,63.57272,-740.75073,250.2919
9,60,-133.24187,-590.3886,67.32608,-752.85925,258.11667
10,1,1.6655098,-12.631335,1.6548783,-11.076026,1.5553457
10,2,3.2912586,-25.800953,3.6824515,-23.041767,2.7867792
10,3,5.029296,-39.17262,5.9907947,-34.761692,4.514505
10,4,6.7584567,-52.594795,8.630983,-46.425568,6.4471483
10,5,8.454013,-66.26596,11.614471,-58.22382,8.640864
10,6,10.457357,-79.747665,14.753861,-69.97466,10.675745
10,7,13.195154,-93.29499,17.93545,-81.50937,12.703199
10,8,16.30584,-106.80664,21.154825,-92.597496,15.013742
10,9,19.55919,-119.77941,24.433842,-103.74836,16.7558
10,10,23.022163,-133.1925,27.880463,-115.6093,18.242044
10,11,26.173626,-146.23422,31.465809,-128.12991,18.861952
10,12,29.097105,-158.96242,34.97444,-140.56151,19.316744
10,13,31.914793,-170.92929,38.445717,-153.1585,18.932886
10,14,34.671352,-182.4928,41.811172,-165.73508,18.21533
10,15,37.27441,-193.63474,45.087936,-178.233,17.270338
10,16,39.74098,-204.5594,48.459816,-191.25165,15.909572
10,17,41.627686,-215.34056,51.63876,-204.47433,14.774859
10,18,43.0139,-225.90324,54.45044,-217.69292,14.07849
10,19,43.997856,-235.51721,57.038803,-230.80412,13.866488
10,20,45.306866,-245.34857,59.82855,-243.75764,14.60857
10,21,46.8916,-255.92451,62.651917,-256.48132,15.770147
10,22,48.591972,-265.65295,65.52603,-268.8359,17.230598
10,23,50.684853,-275.69373,68.530624,-280.8352,18.571655
10,24,53.00067,-285.54428,71.420456,-292.62427,19.733593
10,25,54.80955,-295.01828,74.4006,-303.86978,21.497864
10,26,56.629383,-304.79337,77.4331,-314.83237,23.099266
10,27,58.54429,-314.79932,80.762695,-325.73926,24.7657
10,28,60.45077,-324.47946,84.34532,-336.9686,26.961603
10,29,62.29925,-334.2911,87.97345,-348.60886,29.396639
10,30,64.62707,-344.82892,91.726814,-360.71735,31.413984
10,31,67.057175,-355.48285,95.42279,-372.7485,33.207092
10,32,69.565796,-365.5924,99.1147,-384.4484,35.05262
10,33,71.722305,-374.8313,102.84029,-396.12253,37.70471
10,34,73.32763,-382.37534,106.571075,-408.00922,41.978836
10,35,74.67736,-388.39346,110.22276,-419.70795,47.371643
10,36,75.98669,-393.4961,114.01244,-430.95187,53.375027
10,37,77.52802,-398.7534,118.01396,-441.74115,59.051327
10,38,79.044876,-403.24957,122.27437,-452.18167,65.29272
10,39,80.20379,-406.27216,126.73548,-462.5228,73.00228
10,40,80.86661,-408.03796,131.2868,-472.87503,82.13429
10,41,81.19713,-408.92722,135.74957,-483.35938,92.2828
10,42,81.60497,-410.0619,140.04884,-493.98962,102.27194
10,43,81.940704,-411.1348,144.17358,-504.6325,112.31542
10,44,82.27984,-412.51147,148.0824,-515.3395,122.0802
10,45,82.74036,-414.6269,151.7218,-526.06934,131.06433
10,46,83.22567,-417.0883,154.92348,-536.83234,139.56795
10,47,83.539764,-419.0041,157.72339,-547.57404,148.43666
10,48,83.66271,-420.37592,159.53865,-558.09375,157.23663
10,49,83.68088,-421.96786,160.51477,-568.6134,165.5547
10,50,83.620964,-423.6382,160.77716,-579.3313,173.76253
10,51,83.48049,-424.5098,159.98247,-589.9177,182.24252
10,52,83.30147,-425.22876,158.50064,-600.5366,190.75577
10,53,83.02782,-426.131,156.4927,-611.09033,199.01517
10,54,82.61927,-427.5831,154.28809,-621.5984,206.82928
10,55,82.27824,-428.8841,151.86739,-632.3713,215.0574
10,56,82.20169,-429.22635,149.74734,-643.21277,224.39386
10,57,82.22177,-429.11575,147.83847,-653.7327,234.00499
10,58,82.410286,-427.96024,146.23024,-664.1094,244.62094
10,59,82.67476,-426.3929,144.58896,-674.7147,255.92398
10,60,83.07195,-423.79535,142.9446,-685.6218,268.58487
11,1,4.21947,-12.606841,3.311904,-10.851744,1.9758651
11,2,8.856894,-25.438774,7.0038157,-22.55164,3.4306622
11,3,13.412559,-38.59653,10.729396,-34.225773,5.128634
11,4,17.477766,-51.166046,14.460188,-46.112484,5.885938
11,5,21.509575,-63.181133,18.111874,-57.8112,6.3545704
11,6,25.9456,-75.17317,21.90156,-69.05514,7.333799
11,7,30.909584,-87.30758,25.903072,-79.84441,8.986879
11,8,36.187267,-98.86104,30.163486,-90.28492,10.480255
11,9,41.390224,-109.12269,34.624596,-100.626045,10.861246
11,10,46.041107,-118.45791,39.175915,-110.978294,10.152611
11,11,50.369835,-127.21727,43.63868,-121.46264,8.855745
11,12,54.732655,-136.29103,47.937954,-132.09288,7.987016
11,13,58.812202,-145.77075,52.0627,-142.73575,7.4004765
11,14,62.419563,-155.81956,55.971508,-153.44272,6.8721766
11,15,66.001236,-166.71968,59.61092,-164.1726,6.879224
11,16,69.49899,-178.11577,62.812588,-174.93561,7.40415
11,17,72.516884,-189.20856,65.6125,-185.67728,7.7550254
11,18,74.63422,-200.07088,67.427765,-196.19699,8.181683
11,19,75.93939,-211.41643,68.40388,-206.71666,8.88098
11,20,76.71546,-222.93561,68.66628,-217.43454,9.749412
11,21,76.1017,-233.75395,67.87158,-228.02097,10.030053
11,22,74.59769,-244.35674,66.38975,-238.63985,10.002653
11,23,72.51968,-255.0831,64.38181,-249.19356,10.045472
11,24,70.55778,-266.43497,62.177208,-259.70166,10.750412
11,25,68.8162,-277.7108,59.756496,-270.47452,11.594904
11,26,67.59524,-288.10678,57.636456,-281.316,12.05371
11,27,66.82634,-298.1383,55.72758,-291.83597,12.763303
11,28,66.29577,-307.18338,54.119358,-302.21262,13.151938
11,29,65.73558,-315.91846,52.478077,-312.818,13.615222
11,30,65.358246,-323.675,50.83371,-323.7251,14.524623
11,31,65.11774,-331.4545,49.348305,-334.45575,16.052492
11,32,65.02945,-338.08487,48.10974,-344.9756,18.269058
11,33,64.94727,-342.97943,46.94986,-355.35184,21.839949
11,34,64.9218,-346.35565,45.920395,-365.80194,27.188446
11,35,64.92358,-348.63342,44.85912,-376.6314,34.445168
11,36,64.86368,-351.4405,43.60636,-387.71756,42.046394
11,37,64.632416,-355.00467,42.162292,-398.99094,49.393303
11,38,64.18959,-359.53687,40.698326,-410.45468,56.075516
11,39,63.63246,-364.40686,39.170635,-421.79767,62.38658
11,40,62.960117,-369.42752,37.488598,-433.03882,68.52149
11,41,62.216167,-374.46304,36.02004,-444.4265,74.706924
11,42,61.500008,-379.26248,34.477253,-455.60205,80.981224
11,43,60.921055,-383.61755,33.268894,-466.64417,87.510345
11,44,60.599594,-387.40967,32.45714,-477.79578,94.66597
11,45,60.378273,-391.66187,31.871647,-489.05963,101.48376
11,46,60.266277,-395.62668,31.60405,-500.1583,108.38995
11,47,60.225136,-399.41544,31.345203,-510.97482,115.23692
11,48,60.318268,-403.0239,31.133137,-521.8742,122.38124
11,49,60.419228,-406.33328,31.119717,-532.97107,129.98303
11,50,60.477676,-409.81934,31.200722,-543.9687,137.30692
11,51,60.53092,-412.397,31.288837,-554.70233,145.27872
11,52,60.679935,-416.0437,31.493408,-565.4959,152.27547
11,53,60.790024,-418.87454,31.887953,-576.6252,160.37642
11,54,60.916107,-421.91132,32.424915,-587.71277,168.2316
11,55,61.01532,-425.00046,33.044605,-598.7545,175.99101
11,56,61.036934,-427.98718,33.793827,-609.6186,183.66316
11,57,60.990723,-429.95367,34.50979,-620.39514,192.27374
11,58,60.96295,-430.55417,35.008236,-630.8924,202.01251
11,59,61.015015,-429.9037,35.41676,-641.0018,212.64447
11,60,61.185207,-428.30246,35.724976,-651.2295,224.3762
12,1,-1.1662844,-9.8288,-1.3290763,-9.640944,0.2485786
12,2,-2.1367638,-19.777174,-2.56764,-20.16077,0.5768887
12,3,-3.0480974,-28.941933,-3.7275183,-30.537018,1.7337558
12,4,-3.8192291,-37.50839,-4.756983,-40.98713,3.6029181
12,5,-4.4854,-45.670357,-5.8182592,-51.816612,6.289115
12,6,-5.3809185,-54.287693,-7.071018,-62.90275,8.779272
12,7,-6.7718515,-63.681126,-8.515087,-74.17613,10.638799
12,8,-8.646685,-74.00702,-9.9790535,-85.639885,11.708919
12,9,-10.765556,-84.67219,-11.5067425,-96.98287,12.332976
12,10,-13.125386,-95.46109,-13.18878,-108.22402,12.763089
12,11,-15.641227,-106.25986,-14.657341,-119.61172,13.388062
12,12,-18.140537,-116.91794,-16.200127,-130.78725,14.004389
12,13,-20.389172,-127.24599,-17.408485,-141.82935,14.884852
12,14,-22.05819,-137.16022,-18.220236,-152.98097,16.279625
12,15,-23.466927,-147.59329,-18.805733,-164.24481,17.29161
12,16,-24.60318,-157.83864,-19.07333,-175.34349,18.357536
12,17,-25.545412,-167.93315,-19.332176,-186.16,19.25675
12,18,-26.1105,-177.94017,-19.544243,-197.05943,20.21539
12,19,-26.61655,-187.71667,-19.557663,-208.15623,21.624142
12,20,-27.269321,-197.6763,-19.476656,-219.15385,22.847559
12,21,-27.83142,-206.79556,-19.388542,-229.88754,24.587025
12,22,-28.25365,-216.9954,-19.183971,-240.68109,25.362783
12,23,-28.660526,-226.37679,-18.789427,-251.81035,27.28195
12,24,-29.051722,-235.97897,-18.252464,-262.89795,29.0044
12,25,-29.537844,-245.67241,-17.632772,-273.9397,30.67198
12,26,-30.2593,-255.27693,-16.883553,-284.8038,32.415222
12,27,-31.17286,-263.8871,-16.167591,-295.58032,35.06593
12,28,-32.111897,-271.15863,-15.669145,-306.07758,38.596592
12,29,-33.099895,-277.20078,-15.260618,-316.18695,42.873787
12,30,-34.076893,-282.3333,-14.952405,-326.4147,48.05117
12,31,-34.810898,-286.35938,-14.835687,-337.0753,54.507915
12,32,-35.43041,-289.47427,-15.060056,-347.99585,61.965527
12,33,-35.96267,-292.1096,-15.488478,-358.78177,69.74505
12,34,-36.477726,-294.31827,-16.060848,-369.5449,77.94802
12,35,-37.231777,-297.16818,-16.910831,-380.56396,85.83588
12,36,-38.048344,-300.38324,-17.567081,-391.69458,93.58015
12,37,-38.722008,-303.1098,-17.813335,-402.71466,101.775734
12,38,-39.451355,-305.94284,-17.807472,-413.6894,109.89894
12,39,-40.37333,-309.29678,-17.671278,-424.57492,117.49226
12,40,-41.327248,-313.01828,-17.670452,-435.72678,124.96807
12,41,-42.4115,-317.20877,-17.88653,-447.0145,132.10223
12,42,-43.609478,-321.5982,-18.437582,-458.1905,138.89232
12,43,-44.863304,-325.80997,-19.221403,-469.2415,145.70555
12,44,-46.07094,-329.84686,-20.256237,-480.26135,152.61362
12,45,-47.497753,-334.4386,-21.492754,-491.4809,159.18085
12,46,-48.90379,-339.42746,-22.971832,-503.03183,165.64679
12,47,-50.233486,-344.37677,-24.850733,-514.55255,172.05836
12,48,-51.45963,-348.96964,-26.942493,-525.77344,178.49559
12,49,-52.55822,-353.08752,-29.081137,-536.683,185.09042
12,50,-53.53577,-356.45322,-31.345428,-547.015,191.84944
12,51,-54.297966,-358.9963,-33.449738,-556.0736,198.17697
12,52,-54.65826,-360.34018,-34.910023,-563.4249,204.04266
12,53,-54.740387,-360.75015,-35.66389,-568.688,208.81107
12,54,-54.653248,-360.0911,-36.051994,-572.78174,213.5025
12,55,-54.44845,-358.29272,-36.386406,-576.80743,219.25993
12,56,-54.12105,-355.5199,-36.807762,-581.052,226.19566
12,57,-53.69109,-352.80557,-37.691082,-586.3627,234.1045
12,58,-53.41394,-350.70984,-38.7764,-592.54865,242.28137
12,59,-53.277744,-349.1453,-39.52014,-599.3333,250.566
12,60,-53.2399,-347.9886,-39.672222,-607.20233,259.56857
13,1,0.5433089,-10.991704,0.08374153,-9.62603,1.440926
13,2,0.9660233,-22.253769,-0.14062697,-20.546598,2.0344794
13,3,1.3856555,-33.69982,-0.5690488,-31.332506,3.0700245
13,4,1.4673678,-45.373405,-1.1414189,-42.095623,4.189227
13,5,1.1880784,-57.760864,-1.9914035,-53.114704,5.629912
13,6,1.0268885,-70.545746,-2.6476533,-64.245316,7.293674
13,7,0.9507731,-83.00642,-2.8939068,-75.265396,8.643203
13,8,0.74842304,-95.76756,-2.8880432,-86.24012,10.197845
13,9,0.31940645,-109.10644,-2.7518492,-97.125656,12.368175
13,10,0.11616637,-122.83109,-2.7510233,-108.2775,14.83334
13,11,-0.1272077,-137.08481,-2.9671013,-119.56523,17.748255
13,12,-0.5692372,-151.65971,-3.5181527,-130.74121,21.125338
13,13,-1.3458383,-166.23642,-4.301975,-141.7922,24.622314
13,14,-2.1378403,-180.73804,-5.336808,-152.81207,28.108591
13,15,-3.1239915,-195.85045,-6.573326,-164.03165,32.00522
13,16,-3.7238572,-211.38596,-8.052403,-175.58257,36.0641
13,17,-4.1327167,-226.89865,-9.931305,-187.10326,40.215633
13,18,-4.5097876,-242.12071,-12.023066,-198.32416,44.436333
13,19,-4.8738976,-256.92087,-14.161709,-209.23372,48.583202
13,20,-5.5311813,-271.02942,-16.425999,-219.56577,52.604225
13,21,-6.2658606,-284.35474,-18.530312,-228.62433,57.063957
13,22,-6.579727,-296.50446,-19.990593,-235.97565,61.996677
13,23,-6.147502,-307.75015,-20.744463,-241.23872,68.09435
13,24,-5.077765,-317.93378,-21.132566,-245.33247,74.35527
13,25,-3.9566448,-327.02316,-21.46698,-249.35818,79.61445
13,26,-2.980943,-335.21225,-21.888334,-253.6027,83.77116
13,27,-2.318921,-343.57312,-22.771654,-258.9134,87.09526
13,28,-1.3755031,-352.55655,-23.856974,-265.0994,90.300446
13,29,0.05037415,-362.037,-24.600712,-271.88406,93.462425
13,30,2.0745173,-371.85043,-24.752792,-279.75308,95.92511
13,31,4.619995,-382.52332,-24.791767,-287.86987,99.11774
13,32,7.2079897,-393.32587,-24.97008,-295.91794,102.58524
13,33,10.200931,-404.3734,-24.88198,-303.97092,106.3554
13,34,13.310199,-416.00653,-24.881157,-312.35333,110.465225
13,35,17.046152,-428.30832,-24.700735,-321.24658,114.91309
13,36,21.348385,-440.91638,-24.078777,-330.84048,119.08119
13,37,25.616478,-453.9819,-23.907343,-340.9361,123.41784
13,38,30.00996,-467.5162,-23.846838,-351.23096,128.15152
13,39,34.063107,-481.67975,-24.082882,-361.34076,133.6504
13,40,37.934067,-494.89835,-24.17308,-371.12686,138.47989
13,41,41.628468,-506.74484,-24.031082,-380.9774,141.8754
13,42,45.095768,-517.76764,-23.66287,-391.13818,144.09293
13,43,48.930458,-529.41785,-23.269001,-401.62448,146.77843
13,44,52.838196,-541.4741,-22.851198,-412.14224,149.85199
13,45,55.808502,-553.5561,-22.850107,-422.3188,153.0046
13,46,57.680435,-566.03033,-23.31289,-432.02692,156.57852
13,47,58.7888,-579.094,-24.256765,-441.3153,160.87117
13,48,59.452824,-592.55945,-25.544321,-450.14554,165.85005
13,49,60.072,-605.12573,-26.974426,-458.5981,170.43304
13,50,60.64784,-616.7061,-28.474308,-466.83945,174.3639
13,51,61.16007,-627.31836,-30.081306,-475.0105,177.54626
13,52,62.350494,-637.3137,-31.298006,-483.1624,180.36813
13,53,64.06243,-646.6929,-31.992212,-491.24585,182.73006
13,54,65.77485,-656.6028,-32.992504,-499.3297,185.71432
13,55,67.42263,-666.55536,-34.183376,-507.32407,188.88724
13,56,68.985344,-676.4296,-35.5194,-515.3089,192.04462
13,57,70.71216,-685.6874,-36.7402,-523.2811,194.7352
13,58,72.524254,-694.4055,-37.852245,-531.22217,197.00703
13,59,74.276535,-703.1937,-38.873035,-539.1387,199.29095
13,60,75.87885,-711.69855,-39.92153,-547.0328,201.3071
14,1,0.09220962,-8.958232,-0.03951936,-7.2971907,1.6662564
14,2,0.1544095,-17.980066,-0.21783158,-15.345237,2.6609943
14,3,0.46938804,-27.339,-0.12973244,-23.398216,3.9860666
14,4,0.76360416,-37.29065,-0.12890933,-31.780634,5.5818324
14,5,1.4382007,-47.95989,0.051512733,-40.673904,7.4167695
14,6,2.5078402,-58.936386,0.6734706,-50.267803,8.860544
14,7,3.4589648,-70.22692,0.84490454,-60.36341,10.204026
14,8,4.410742,-81.78115,0.9054108,-70.65829,11.662137
14,9,4.9712133,-93.69201,0.6693653,-80.76808,13.6210785
14,10,5.547495,-104.518394,0.5791669,-90.55417,14.821737
14,11,6.2020345,-113.77406,0.72116673,-100.40471,14.449206
14,12,6.793596,-121.856476,1.0893773,-110.5655,12.650071
14,13,7.5481935,-130.58014,1.4832469,-121.051796,11.294817
14,14,8.299928,-139.75597,1.9010506,-131.56955,10.390527
14,15,8.385292,-148.86812,1.9021406,-141.7461,9.630913
14,16,7.616939,-158.13266,1.4393586,-151.45422,9.097472
14,17,6.1827135,-167.8151,0.4954818,-160.74263,9.07548
14,18,4.3435054,-177.78503,-0.7920734,-169.57285,9.685774
14,19,2.6648054,-186.88281,-2.222178,-178.02544,10.116112
14,20,1.1700606,-195.00421,-3.7220595,-186.26675,10.01379
14,21,-0.15473378,-202.14389,-5.3290586,-194.4378,9.282101
14,22,-0.9054641,-208.7499,-6.5457573,-202.58974,8.352271
14,23,-1.2188523,-214.87029,-7.2399635,-210.67316,7.3395963
14,24,-1.6218452,-221.51335,-8.240254,-218.75703,7.169423
14,25,-2.0765648,-228.22746,-9.4311285,-226.75139,7.501227
14,26,-2.5745971,-234.87872,-10.767155,-234.73618,8.193797
14,27,-2.8633971,-240.98111,-11.987951,-242.70842,9.286607
14,28,-3.013072,-246.57262,-13.099998,-250.6495,10.879665
14,29,-3.209652,-252.20491,-14.120786,-258.566,12.629981
14,30,-3.4517322,-257.52408,-15.169284,-266.46008,14.736119
14,31,-3.6537259,-262.56882,-16.191936,-274.31046,17.177683
14,32,-3.8838067,-267.37952,-17.167437,-282.15015,19.865204
14,33,-4.073929,-272.52545,-17.925962,-289.86722,22.194946
14,34,-4.0478864,-278.0299,-18.518011,-297.53003,24.28249
14,35,-3.7718213,-283.1564,-18.798727,-305.13593,26.625315
14,36,-2.946555,-288.42593,-18.265593,-312.38806,28.440401
14,37,-0.6273844,-293.90735,-16.045555,-318.96277,29.41928
14,38,2.2854905,-298.51724,-12.456966,-324.3931,29.780865
14,39,3.5921898,-302.0519,-9.804909,-329.80606,30.81842
14,40,3.5761461,-303.65732,-9.400694,-335.89734,34.753666
14,41,3.5555003,-303.73785,-10.867371,-341.91254,40.8084
14,42,3.7162638,-303.1294,-12.977944,-348.0623,47.933926
14,43,3.9342077,-301.89243,-15.134676,-354.3277,55.794983
14,44,4.045075,-300.66254,-16.959774,-360.53723,63.452206
14,45,4.0887003,-298.94955,-18.440632,-366.87622,71.56538
14,46,4.041917,-297.08173,-19.627935,-373.16098,79.67631
14,47,3.894361,-294.99268,-20.668598,-379.39633,87.90515
14,48,3.6756802,-292.82333,-21.318699,-385.40112,95.89247
14,49,3.4764397,-291.1571,-22.074507,-391.4623,103.508385
14,50,3.2706704,-289.70386,-22.55261,-397.44528,110.792854
14,51,3.0427055,-288.1532,-22.940434,-403.41013,118.149414
14,52,2.8154016,-286.4874,-23.167988,-409.23843,125.47093
14,53,2.6309557,-285.15704,-23.581814,-415.14685,132.6064
14,54,2.2663348,-282.66956,-23.957407,-421.5666,141.35089
14,55,1.8848672,-280.34775,-24.04164,-428.37726,150.2828
14,56,1.6245278,-278.53983,-23.787607,-435.3566,158.86244
14,57,1.4903331,-277.38986,-23.951143,-443.01462,167.56738
14,58,1.4050592,-276.62827,-24.122046,-450.8772,176.10884
14,59,1.3606236,-276.23563,-24.33193,-458.6165,184.18166
14,60,1.3593876,-276.22382,-24.699547,-466.1426,191.69824
15,1,-0.71654826,-8.007573,-0.9779523,-7.071108,0.972265
15,2,-1.5285379,-16.63056,-1.9534531,-14.910795,1.7714806
15,3,-2.2794473,-25.884491,-2.7119787,-22.627853,3.2852354
15,4,-2.6675987,-35.783916,-3.3040268,-30.290688,5.5299735
15,5,-2.5687792,-45.75431,-3.584743,-37.896564,7.923153
15,6,-1.4376223,-55.86061,-3.0516076,-45.148697,10.832823
15,7,2.3347764,-65.99428,-0.83156997,-51.72343,14.617894
15,8,7.5506167,-75.11152,2.7570179,-57.153748,18.586557
15,9,10.2975,-83.68047,5.4090757,-62.566715,21.672274
15,10,9.923105,-90.62235,5.81329,-68.657974,22.345572
15,11,8.309203,-95.93726,4.346614,-74.67317,21.630157
15,12,6.798796,-100.78218,2.2360404,-80.822945,20.474125
15,13,5.7726054,-105.408356,0.07930869,-87.08834,19.18428
15,14,5.1160903,-110.286156,-1.7457899,-93.29788,18.321758
15,15,4.7893634,-114.98993,-3.226647,-99.63688,17.319717
15,16,4.698336,-119.81957,-4.4139504,-105.921616,16.618874
15,17,4.825676,-124.600586,-5.4546146,-112.15698,16.14087
15,18,5.0965753,-129.3834,-6.104714,-118.16176,15.855418
15,19,5.49413,-134.66553,-6.860522,-124.22297,16.176664
15,20,6.027479,-140.15982,-7.3386264,-130.20593,16.665314
15,21,6.582926,-145.58229,-7.7264485,-136.17079,17.12701
15,22,7.075239,-150.93427,-7.954003,-141.99908,17.484724
15,23,7.611832,-156.63322,-8.367829,-147.90749,18.206814
15,24,8.077293,-161.19609,-8.7434225,-154.32724,18.16914
15,25,8.642938,-165.9287,-8.827656,-161.13791,18.115551
15,26,9.167374,-171.20184,-8.573622,-168.11723,18.007158
15,27,9.59882,-177.16046,-8.73716,-175.77528,18.388226
15,28,10.029429,-183.5194,-8.908062,-183.63785,18.937864
15,29,10.493607,-190.25467,-9.117945,-191.37714,19.643646
15,30,10.925261,-197.38971,-9.485563,-198.90326,20.466866
15,31,11.424597,-204.82568,-9.785476,-206.30217,21.2614
15,32,11.846992,-211.66145,-9.963738,-213.49738,21.887863
15,33,12.28809,-217.61827,-9.930212,-220.45906,22.399174
15,34,12.67207,-222.59116,-9.841352,-226.06151,22.779322
15,35,12.940746,-226.50197,-9.841084,-228.97311,22.91546
15,36,13.1524515,-229.53531,-9.801012,-230.80954,22.988806
15,37,13.32425,-232.07841,-9.807009,-232.25685,23.131948
15,38,13.462222,-234.31924,-9.827724,-233.5903,23.301352
15,39,13.586587,-236.48198,-9.8072815,-235.13663,23.43252
15,40,13.717723,-238.58907,-9.793653,-236.57121,23.597807
15,41,13.842305,-240.65128,-9.780296,-237.62933,23.81511
15,42,13.960847,-242.63945,-9.77321,-238.4958,24.093054
15,43,14.078073,-244.6047,-9.759853,-239.54012,24.369997
15,44,14.203476,-246.59094,-9.732998,-240.83884,24.61791
15,45,14.340389,-248.60847,-9.685167,-242.37291,24.821556
15,46,14.485015,-250.7949,-9.610215,-244.85956,24.815489
15,47,14.617994,-252.85788,-9.501253,-248.2627,24.553082
15,48,14.750682,-254.92836,-9.358077,-252.48053,24.232708
15,49,14.891924,-257.4581,-9.160732,-257.1614,24.054485
15,50,15.156181,-260.84122,-8.7933,-262.00772,23.977873
15,51,15.689724,-265.13992,-8.323901,-267.46628,24.126047
15,52,16.261053,-270.18893,-7.8199286,-273.1361,24.260658
15,53,16.99192,-275.84125,-7.20663,-279.33276,24.449142
15,54,17.87581,-282.11023,-6.505289,-286.10855,24.706772
15,55,18.977377,-288.85507,-5.7216277,-293.04623,25.05208
15,56,20.400002,-296.2393,-4.8294797,-300.20584,25.539385
15,57,22.091091,-304.24637,-3.895863,-307.57837,26.199696
15,58,24.296425,-312.62985,-2.7998583,-314.7497,27.179077
15,59,26.606514,-320.46344,-1.4854807,-321.9658,28.13214
15,60,28.551805,-327.04953,0.039940372,-329.37344,28.606417
16,1,-0.18050697,-6.5409584,-0.2722896,-6.6504917,0.14290416
16,2,-0.38554874,-13.1483135,-0.45055255,-13.845693,0.70040214
16,3,-0.4939779,-19.34034,-0.41702595,-20.807384,1.4690616
16,4,-0.5695933,-24.664362,-0.3281668,-26.40983,1.7620856
16,5,-0.6798274,-29.517532,-0.32789692,-29.321442,0.40287295
16,6,-0.7778971,-34.051617,-0.2878258,-31.157854,2.934967
16,7,-0.8844556,-38.517952,-0.29382244,-32.605167,5.9422107
16,8,-1.0165677,-42.94812,-0.3145381,-33.938618,9.036813
16,9,-1.165263,-47.337105,-0.29409498,-35.484955,11.884124
16,10,-1.2916267,-51.670734,-0.28046626,-36.91953,14.785821
16,11,-1.4245367,-55.961273,-0.26711008,-37.97766,18.020819
16,12,-1.5587211,-60.185745,-0.26002315,-38.84413,21.381092
16,13,-1.6922657,-64.39349,-0.24666697,-39.888435,24.54766
16,14,-1.812118,-68.634415,-0.21981157,-41.187153,27.49341
16,15,-1.9129077,-72.91381,-0.1719814,-42.721237,30.242723
16,16,-2.0253334,-77.36443,-0.09702872,-45.207882,32.214317
16,17,-2.1417458,-81.68533,0.0119326,-48.611008,33.14437
16,18,-2.2599497,-86.01279,0.15510912,-52.828854,33.271698
16,19,-2.4299371,-90.79492,0.352454,-57.509716,33.401295
16,20,-2.5052783,-96.436676,0.7198866,-62.356037,34.232903
16,21,-2.2936099,-103.0122,1.1892847,-67.81459,35.36951
16,22,-2.1369686,-110.34068,1.6932575,-73.48442,37.054752
16,23,-1.8405373,-118.28751,2.3065557,-79.6811,38.828518
16,24,-1.4219874,-126.86365,3.0078974,-86.45687,40.64888
16,25,-0.7807431,-135.93333,3.7915583,-93.39455,42.78381
16,26,0.18616956,-145.6662,4.6837063,-100.55416,45.33568
16,27,1.4038787,-156.04126,5.617323,-107.926674,48.29872
16,28,3.2098374,-166.82545,6.713328,-115.098015,51.845947
16,29,5.238099,-177.06976,8.027705,-122.31412,54.82666
16,30,7.0189853,-186.04437,9.553126,-129.72176,56.379597
16,31,8.72823,-193.69661,11.284912,-136.80005,56.95397
16,32,10.443929,-200.46597,13.116304,-143.57841,56.950294
16,33,11.973371,-206.19214,14.983411,-150.1173,56.155575
16,34,13.463604,-211.80319,16.78926,-156.50034,55.402763
16,35,15.027716,-217.84352,18.664837,-163.34328,54.621475
16,36,16.62803,-224.41533,20.43477,-170.17642,54.37233
16,37,18.53804,-231.59027,22.256521,-176.65399,55.061985
16,38,20.532154,-238.1258,24.121994,-182.84285,55.399376
16,39,22.407055,-244.08047,25.880428,-188.81447,55.375046
16,40,24.039114,-249.22655,27.543732,-194.40979,54.928673
16,41,25.564556,-254.3402,29.172146,-199.84856,54.610928
16,42,26.941523,-259.679,30.544062,-205.03159,54.766018
16,43,28.146156,-265.25375,31.330194,-208.85446,56.489098
16,44,29.338036,-270.83417,31.855747,-211.11314,59.77407
16,45,30.516985,-276.3424,32.297867,-213.23776,63.129772
16,46,31.719215,-281.88794,32.75532,-215.48427,66.41176
16,47,32.98834,-287.56897,33.549576,-218.90248,68.66878
16,48,34.235428,-293.4809,34.442875,-223.23747,70.24373
16,49,35.560677,-299.93866,35.405895,-227.38416,72.55467
16,50,37.021076,-307.00333,36.55406,-231.75192,75.25285
16,51,38.56557,-314.77026,37.91645,-237.29745,77.475525
16,52,40.21278,-323.4102,39.407986,-243.23193,80.18229
16,53,41.984722,-332.79193,41.111107,-250.18828,82.60827
16,54,43.755287,-342.49594,42.85519,-257.62927,84.871445
16,55,45.641426,-352.74603,44.59395,-264.92294,87.82934
16,56,47.327072,-363.45776,46.357864,-272.1604,91.30251
16,57,49.03667,-375.16943,48.253723,-279.80615,95.36649
16,58,50.742157,-387.01236,50.253597,-287.32843,99.68513
16,59,52.482796,-399.2237,52.2515,-294.72318,104.50078
16,60,54.29385,-411.88553,54.20133,-302.0278,109.857765
17,1,1.3437401,-5.2052584,1.5813862,-6.366914,1.1857145
17,2,2.8302414,-10.336612,3.4127789,-13.145284,2.868447
17,3,4.295275,-15.12896,5.279885,-19.68417,4.660407
17,4,5.828806,-20.171074,7.085736,-26.067204,6.0286164
17,5,7.4556723,-25.647453,8.961312,-32.910152,7.4171257
17,6,9.159456,-31.70375,10.731245,-39.74329,8.191747
17,7,11.208321,-38.43323,12.552995,-46.22086,7.9028664
17,8,13.412735,-44.837242,14.418468,-52.40973,7.638983
17,9,15.580776,-50.958267,16.1769,-58.38134,7.446971
17,10,17.54387,-56.464287,17.840206,-63.97667,7.5182247
17,11,19.449556,-62.11486,19.46862,-69.415436,7.3006
17,12,21.20587,-68.04822,20.840534,-74.59845,6.560412
17,13,22.78044,-74.26168,21.626667,-78.42133,4.3167005
17,14,24.34346,-80.49215,22.152222,-80.680016,2.199277
17,15,25.891937,-86.6534,22.594343,-82.80464,5.0682383
17,16,27.46763,-92.85373,23.051798,-85.05114,8.965488
17,17,29.121227,-99.19308,23.846052,-88.46935,11.950972
17,18,30.75342,-105.76961,24.739347,-92.80434,14.292212
17,19,32.479492,-112.8914,25.70237,-96.95103,17.32123
17,20,34.36323,-120.61512,26.850534,-101.31879,20.707224
17,21,36.350582,-129.03957,28.212923,-106.864334,23.621227
17,22,38.46594,-138.33481,29.70446,-112.798805,26.99724
17,23,40.731224,-148.3685,31.40758,-119.75516,30.09408
17,24,43.003616,-158.73239,33.151665,-127.19616,33.03929
17,25,45.412243,-169.63916,34.890423,-134.48982,36.69039
17,26,47.618134,-181.01962,36.65434,-141.72728,40.793297
17,27,49.875366,-193.40135,38.550198,-149.37303,45.461548
17,28,52.13237,-205.9183,40.55007,-156.89531,50.37265
17,29,54.436745,-218.80392,42.547974,-164.29005,55.795204
17,30,56.828102,-232.13902,44.497803,-171.59468,61.787167
17,31,59.49307,-245.90779,46.46699,-179.10033,68.06553
17,32,62.381985,-259.84845,48.59041,-186.85284,74.28705
17,33,65.31092,-273.5833,50.840977,-194.77704,80.1237
17,34,68.243225,-286.83682,53.184067,-202.51678,85.65423
17,35,71.36492,-299.59045,55.765335,-210.0352,90.90374
17,36,74.40519,-311.61734,58.538956,-217.49638,95.4489
17,37,77.40406,-323.2621,61.56391,-225.28893,99.24541
17,38,80.85824,-334.80853,64.81349,-233.54893,102.52287
17,39,84.76589,-346.68674,68.21327,-241.87833,106.10745
17,40,88.308395,-358.5664,71.76813,-249.79317,110.02362
17,41,91.95237,-371.19717,75.07745,-257.69067,114.754036
17,42,95.14597,-382.70123,78.40937,-265.4303,118.45922
17,43,98.17322,-393.10327,81.606224,-273.31476,120.92871
17,44,100.85384,-402.33875,84.832436,-281.23874,122.15522
17,45,103.07542,-410.17886,87.96602,-288.92624,122.1904
17,46,104.97102,-417.31265,90.977936,-296.36694,121.752495
17,47,106.700356,-424.3297,93.847664,-303.5513,121.46035
17,48,108.33801,-431.81995,96.621506,-310.64484,121.74023
17,49,109.957115,-439.81198,99.57194,-317.7838,122.469284
17,50,111.64235,-448.1266,102.52242,-324.8782,123.58534
17,51,113.3773,-456.85272,105.177246,-331.75967,125.36153
17,52,115.04411,-465.3744,107.2839,-337.72925,127.88081
17,53,116.52068,-472.99054,108.71008,-341.70767,131.51501
17,54,117.73413,-479.19287,109.523544,-343.9271,135.51474
17,55,118.663536,-483.93542,109.946915,-345.50623,138.70335
17,56,119.36713,-487.46338,110.22605,-346.7298,141.03014
17,57,119.88438,-490.208,110.4256,-348.1865,142.33615
17,58,120.31479,-492.60962,110.724106,-349.177,143.7529
17,59,120.72399,-494.9089,111.04437,-350.05444,145.1775
17,60,121.12862,-497.1456,111.41241,-351.33237,146.13658
18,1,2.0780947,-7.740188,1.778375,-6.7606516,1.0243651
18,2,4.3714476,-15.905109,3.901793,-14.513158,1.4690489
18,3,6.7102385,-24.033743,6.152359,-22.437357,1.6910582
18,4,9.126113,-32.196102,8.495449,-30.177103,2.1152055
18,5,11.693553,-40.213737,11.076718,-37.695526,2.5926576
18,6,14.161049,-47.72352,13.85034,-45.156704,2.5855515
18,7,16.568806,-54.942963,16.875296,-52.949245,2.0171378
18,8,19.246918,-62.046383,20.124872,-61.209248,1.2130951
18,9,22.269598,-69.44862,23.524652,-69.538635,1.2582781
18,10,25.033348,-76.798744,27.079512,-77.45348,2.1483643
18,11,27.95856,-84.79428,30.388836,-85.351006,2.4932265
18,12,30.409569,-91.70899,33.720757,-93.090614,3.5878747
18,13,32.55525,-97.53175,36.917603,-100.97509,5.5575805
18,14,34.2699,-102.195045,40.143814,-108.89907,8.913294
18,15,35.476665,-105.542725,43.2774,-116.58655,13.521003
18,16,36.41902,-108.29772,46.289318,-124.02727,18.569904
18,17,37.354202,-111.20229,49.15905,-131.21162,23.232042
18,18,38.346844,-114.589066,51.932888,-138.30515,27.331905
18,19,39.42137,-118.475525,54.88332,-145.44414,31.08662
18,20,40.59457,-122.71739,57.833805,-152.53853,34.445484
18,21,41.862473,-127.368805,60.48863,-159.41998,37.070362
18,22,43.08008,-131.89098,62.59528,-165.38956,38.76852
18,23,44.064182,-135.57025,64.02147,-169.368,39.250237
18,24,44.68997,-137.894,64.83492,-171.5874,39.256397
18,25,44.9373,-138.81126,65.25829,-173.16653,39.915253
18,26,44.870037,-138.56506,65.53744,-174.39012,41.359116
18,27,44.609207,-137.56909,65.736984,-175.84682,43.721474
18,28,44.277775,-136.25572,66.03549,-176.83733,46.046333
18,29,43.923664,-134.84528,66.35575,-177.71475,48.38378
18,30,43.55014,-133.37521,66.72379,-178.99269,51.166126
18,31,43.203518,-131.96194,67.160385,-180.3218,53.968567
18,32,42.8673,-130.49141,67.58657,-181.8046,56.956875
18,33,42.535854,-129.04346,68.097694,-184.24689,60.83442
18,34,42.272835,-127.92853,68.90895,-186.72874,64.5519
18,35,42.05188,-127.084305,69.672775,-188.88593,67.693085
18,36,41.88625,-126.52182,70.41506,-190.86653,70.38561
18,37,41.834503,-126.35246,71.41421,-193.94054,73.77741
18,38,41.86623,-126.45488,72.98214,-198.3246,78.31639
18,39,42.060295,-127.13086,74.88107,-204.43588,83.98375
18,40,42.412525,-128.3489,76.93267,-210.8407,89.423355
18,41,43.063896,-130.75854,78.74621,-216.93752,93.27402
18,42,43.692474,-133.51619,80.39634,-222.75279,96.49013
18,43,44.345715,-136.76366,81.70146,-228.2638,98.83182
18,44,44.877834,-139.62193,82.32991,-233.13306,100.73226
18,45,45.154453,-141.07286,82.97816,-235.8311,102.02821
18,46,45.193935,-141.27795,83.38545,-237.38252,103.415085
18,47,45.02354,-140.3649,83.8295,-237.79613,104.87491
18,48,44.749863,-138.87932,83.99334,-238.1751,106.76939
18,49,44.422745,-137.08296,84.05549,-238.40904,108.80132
18,50,44.066525,-135.1397,84.204605,-238.45396,110.83729
18,51,43.71352,-133.21077,84.40959,-238.73016,113.095146
18,52,43.354416,-131.24597,84.478836,-239.37376,115.68421
18,53,42.99545,-129.2638,84.45185,-240.07474,118.311874
18,54,42.643036,-127.30358,84.42404,-240.53154,120.690605
18,55,42.32873,-125.54537,84.35589,-240.97545,122.842926
18,56,42.02919,-123.89706,84.33544,-241.76448,125.22998
18,57,41.759888,-122.488,84.517525,-243.58275,128.42178
18,58,41.600506,-121.66527,84.98697,-247.45274,133.05966
18,59,41.530193,-121.27734,85.61371,-252.77477,138.69005
18,60,41.5908,-121.69713,86.36338,-258.91888,144.34125
19,1,0.5785793,-1.785059,0.39597842,-1.2063376,0.60684556
19,2,1.0573831,-3.329631,0.8221599,-2.6891382,0.6823204
19,3,1.5008506,-4.7521114,1.3332841,-5.1314235,0.41467592
19,4,1.9726787,-6.229793,2.144541,-7.613294,1.3941348
19,5,2.5116656,-7.786112,2.9083657,-9.770475,2.023628
19,6,3.1685052,-9.511364,3.6506553,-11.75108,2.2910247
19,7,3.9784765,-11.575425,4.6497993,-14.825085,3.318277
19,8,4.8968515,-13.889314,6.2177315,-19.209146,5.4813633
19,9,5.969498,-16.765343,8.116668,-25.32042,8.820413
19,10,7.250787,-20.180687,10.1682625,-31.725246,11.907498
19,11,8.89146,-24.797916,11.981804,-37.822063,13.385762
19,12,10.459903,-29.841013,13.631936,-43.637337,14.156282
19,13,12.039179,-35.418724,14.937055,-49.148335,14.032102
19,14,13.463559,-40.741512,15.565502,-54.017605,13.441459
19,15,14.55211,-44.73995,16.21375,-56.71564,12.090421
19,16,15.327398,-47.567654,16.621042,-58.26707,10.777339
19,17,15.802382,-49.33952,17.065088,-58.680676,9.426114
19,18,16.132309,-50.58177,17.228933,-59.05964,8.548498
19,19,16.38569,-51.543774,17.291079,-59.293587,7.8025208
19,20,16.606524,-52.37823,17.4402,-59.338505,7.0100236
19,21,16.831564,-53.229607,17.645187,-59.61471,6.4367347
19,22,17.047209,-54.04619,17.714428,-60.25831,6.247849
19,23,17.257328,-54.847107,17.68744,-60.959282,6.12729
19,24,17.47255,-55.671738,17.659632,-61.41609,5.747396
19,25,17.738964,-56.696663,17.591482,-61.85999,5.1654325
19,26,18.036612,-57.828392,17.571035,-62.649033,4.843071
19,27,18.40793,-59.18986,17.75312,-64.467285,5.317892
19,28,18.941074,-61.12553,18.22256,-68.33729,7.2474623
19,29,19.563509,-63.4966,18.849302,-73.65931,10.187774
19,30,20.279583,-66.686844,19.598976,-79.80343,13.134231
19,31,21.083021,-70.435844,20.477264,-85.88874,15.464765
19,32,21.988008,-74.63564,21.62084,-92.788605,18.156675
19,33,23.052212,-79.1818,22.89625,-100.688194,21.50696
19,34,24.248238,-84.264336,24.4406,-109.45069,25.18709
19,35,25.48348,-89.18526,25.901014,-118.42482,29.242544
19,36,26.985487,-94.93639,27.562275,-127.11003,32.178806
19,37,28.632809,-101.10537,29.487453,-135.64256,34.547768
19,38,30.544662,-107.954956,31.55324,-144.26785,36.3269
19,39,32.58377,-115.3447,33.892,-153.39189,38.06967
19,40,34.4725,-122.476524,36.669544,-162.81161,40.394882
19,41,36.4669,-129.28506,39.660877,-172.45088,43.28382
19,42,38.68552,-136.60007,42.930008,-182.14752,45.744793
19,43,41.08355,-144.24892,46.445854,-191.87752,47.929512
19,44,43.49773,-152.16087,49.942493,-201.41887,49.67781
19,45,45.688095,-160.13075,53.40451,-211.2241,51.672756
19,46,47.870613,-168.34006,57.03651,-221.6533,54.095436
19,47,50.463497,-177.35161,60.464603,-232.20659,55.759224
19,48,53.247234,-186.5514,63.948456,-242.66823,57.128048
19,49,55.99699,-195.55629,67.532364,-253.33095,58.91499
19,50,58.532833,-203.73048,70.94085,-264.0279,61.560833
19,51,61.16339,-212.02783,74.09932,-274.5778,63.87359
19,52,63.92706,-220.97545,76.69693,-285.34528,65.62427
19,53,66.09215,-229.72618,79.014885,-296.12943,67.649
19,54,67.84194,-238.60587,80.83841,-307.1911,69.80575
19,55,69.410736,-247.36133,82.24325,-318.37732,72.16609
19,56,70.93871,-255.07407,83.55154,-329.68674,75.67123
19,57,72.50162,-262.17017,84.685036,-341.41425,80.17518
19,58,74.45548,-268.55884,86.44325,-353.30188,85.58674
19,59,77.285904,-275.13895,88.91636,-365.2224,90.831154
19,60,80.683754,-282.3159,91.85002,-376.77777,95.119576
20,1,0.04574582,-0.342586,0.8036068,-5.448741,5.16209
20,2,0.14186019,-1.0303102,1.9471818,-12.348608,11.461372
20,3,0.3101585,-2.0801477,3.2225919,-20.248192,18.400003
20,4,0.5330008,-3.4511876,4.7669415,-29.010689,25.907806
20,5,0.6854056,-4.308106,6.227356,-37.98482,34.129673
20,6,0.93969977,-5.6629186,7.8886175,-46.670036,41.59172
20,7,1.2542149,-7.289329,9.813795,-55.202557,48.671795
20,8,1.6981696,-9.454179,11.879582,-63.827858,55.318695
20,9,2.2122495,-11.999165,14.21834,-72.95189,62.123917
20,10,2.591626,-13.982859,16.995886,-82.37161,69.88924
20,11,2.9066634,-15.42528,19.98722,-92.01088,78.46719
20,12,3.2531366,-16.94218,23.25635,-101.70752,87.093575
20,13,3.6482568,-18.600626,26.772196,-111.43752,95.67344
20,14,4.0096645,-20.170769,30.268835,-120.97887,104.17205
20,15,4.2365475,-21.299953,33.73085,-130.7841,113.38735
20,16,4.4486446,-22.40323,37.362854,-141.2133,123.28495
20,17,4.842437,-24.248621,40.790947,-151.76659,132.48822
20,18,5.2637773,-26.09884,44.274796,-162.22823,141.60886
20,19,5.5823007,-27.481329,47.858704,-172.89096,151.43071
20,20,5.681456,-27.90312,51.267193,-183.5879,162.22148
20,21,5.7446957,-28.164835,54.42566,-194.13779,172.96489
20,22,5.9156365,-28.896046,57.023273,-204.90527,183.27914
20,23,5.9601197,-29.151169,59.341225,-215.68944,194.02596
20,24,5.974992,-29.26987,61.164753,-226.75111,205.04817
20,25,5.9531813,-29.067524,62.569588,-237.93733,216.40706
20,26,5.7890124,-27.767916,63.87788,-249.24673,228.96983
20,27,5.483336,-25.701546,65.01138,-260.97424,242.6867
20,28,4.8388996,-22.909985,66.76959,-272.86188,257.50992
20,29,3.967299,-20.416704,69.2427,-284.7824,272.30515
20,30,3.2480102,-18.57453,72.17636,-296.33777,286.18796
20,31,2.161439,-16.205433,76.07593,-307.55835,300.58255
20,32,0.68684876,-13.282711,80.920944,-318.19025,315.28735
20,33,-0.69250774,-10.79948,86.23625,-328.2663,329.15314
20,34,-2.4978833,-7.850044,91.708595,-338.20755,343.52722
20,35,-4.39978,-4.864798,97.3017,-348.12918,358.01343
20,36,-6.2807636,-1.959724,103.070435,-357.62354,372.09467
20,37,-8.088245,0.99675035,108.52018,-366.80157,385.84085
20,38,-10.302636,4.823489,113.41685,-375.87112,400.29352
20,39,-13.232521,10.119894,117.53275,-384.10648,415.34805
20,40,-17.057032,17.071175,121.37062,-391.1408,431.04434
20,41,-21.562408,25.276318,124.25418,-395.8519,445.65845
20,42,-26.937624,34.73465,125.755806,-399.28027,460.09155
20,43,-33.649822,44.17205,127.614426,-402.28802,474.6923
20,44,-41.856796,51.814503,129.89713,-404.8678,487.91202
20,45,-52.144318,55.32501,133.72849,-406.30823,497.64844
20,46,-62.49813,54.867184,138.92528,-405.28302,502.3043
20,47,-72.59579,53.107468,144.77965,-401.98364,504.34116
20,48,-82.30123,51.04538,151.25888,-398.66336,506.74283
20,49,-91.23227,48.520115,157.97856,-394.91565,508.6662
20,50,-100.47414,45.677097,164.40788,-391.08075,510.8032
20,51,-109.52858,42.771976,170.77367,-387.3538,513.398
20,52,-118.77135,40.03872,176.98259,-383.85852,516.8745
20,53,-128.15256,37.35708,183.67894,-380.19388,521.14075
20,54,-137.26183,34.918365,191.01172,-376.29138,526.172
20,55,-146.45233,32.424507,198.57545,-372.4452,531.94324
20,56,-155.21454,30.014418,207.11162,-368.52893,538.6252
20,57,-163.84781,27.552408,216.1204,-364.44913,545.93134
20,58,-172.27928,25.298168,224.96248,-360.7333,553.91455
20,59,-181.64728,23.651733,232.555,-357.92554,563.1738
20,60,-193.04053,25.115112,238.93793,-356.9617,576.70447
21,1,3.8772097,-10.600338,3.5351114,-10.087054,0.6168398
21,2,8.243411,-21.393805,8.380133,-20.718958,0.688557
21,3,13.506042,-33.040596,13.695437,-30.794996,2.2535727
21,4,19.428469,-44.811726,19.167782,-40.736267,4.0837874
21,5,25.630684,-56.604725,24.760883,-50.65789,6.0101075
21,6,32.01052,-68.52218,30.52962,-60.152237,8.499941
21,7,38.31086,-81.060165,35.97937,-69.33027,11.959361
21,8,44.123844,-93.35998,40.87603,-78.39983,15.308632
21,9,49.26177,-104.797676,44.991943,-86.63517,18.657654
21,10,53.776035,-114.909096,48.829807,-93.6695,21.807922
21,11,57.827168,-124.00371,51.713367,-98.38061,26.342396
21,12,61.481705,-131.89505,53.21499,-101.80897,31.201138
21,13,65.69965,-139.00987,55.073612,-104.81672,35.806206
21,14,71.551735,-145.44589,57.356316,-107.396515,40.611145
21,15,79.87911,-149.08443,61.187668,-108.83694,44.376015
21,16,89.51727,-149.45953,66.38447,-107.811714,47.641026
21,17,99.29316,-148.58275,72.23884,-104.512344,51.712055
21,18,109.434326,-147.29541,78.71806,-101.19206,55.39862
21,19,120.14439,-145.2082,85.437744,-97.44434,59.04183
21,20,130.57066,-142.92755,91.86707,-93.60946,62.691643
21,21,141.29527,-140.446,98.23285,-89.88251,66.41566
21,22,152.07718,-138.21056,104.44177,-86.38724,70.39026
21,23,162.88724,-136.07166,111.13812,-82.72258,74.32426
21,24,174.0987,-134.04893,118.4709,-78.82008,78.38799
21,25,185.32849,-131.9836,126.03464,-74.97391,82.25488
21,26,197.02022,-129.79163,134.57082,-71.05765,85.72985
21,27,208.82185,-127.46418,143.57959,-66.97783,88.96714
21,28,220.92796,-125.28422,152.42168,-63.262,92.4114
21,29,232.44531,-124.23455,160.01418,-60.454243,96.510086
21,30,241.85962,-126.24931,166.39711,-59.490406,100.753876
21,31,248.29857,-130.30997,171.89973,-60.317696,103.61322
21,32,251.60567,-135.0719,176.33533,-63.400017,103.93499
21,33,253.28,-139.74219,180.06537,-68.3513,102.25967
21,34,254.37317,-144.60097,183.4564,-75.09004,99.302345
21,35,255.36203,-149.94896,186.69847,-83.296005,95.69379
21,36,256.4135,-155.75615,189.77353,-91.71336,92.42492
21,37,257.6638,-161.67831,192.95398,-99.73363,89.5796
21,38,259.11578,-167.77663,196.94807,-107.05232,86.90377
21,39,260.52686,-174.43529,200.19995,-114.76661,84.85097
21,40,261.77628,-181.78423,203.24576,-123.53328,82.5772
21,41,263.17438,-189.86885,206.34239,-133.02939,80.377846
21,42,264.82584,-197.9751,209.87564,-142.63618,77.98666
21,43,266.57877,-206.24063,213.60956,-152.45514,75.48918
21,44,268.2509,-214.98143,217.32578,-162.12955,73.394066
21,45,269.70065,-224.0276,220.69493,-171.71455,71.68135
21,46,270.96063,-233.33112,223.88333,-181.45433,70.05336
21,47,271.9452,-242.44551,226.6399,-191.6816,68.04076
21,48,272.69125,-250.84515,229.31714,-201.74474,65.51462
21,49,273.32272,-258.7679,232.03865,-211.64282,62.65101
21,50,273.95123,-267.21954,234.7237,-221.75983,60.044865
21,51,274.58313,-275.5934,237.5926,-232.07828,57.112747
21,52,274.8558,-284.15485,240.38683,-242.2655,54.247837
21,53,275.21106,-292.9178,243.25143,-252.51526,51.51487
21,54,275.3007,-301.30878,245.86813,-263.0563,48.26517
21,55,275.20718,-308.8118,248.13947,-273.76346,44.283714
21,56,275.32193,-316.98495,249.81427,-283.9445,41.741024
21,57,275.56076,-325.18576,250.2183,-293.69006,40.425472
21,58,275.7186,-332.63596,254.58322,-303.39026,36.083443
21,59,275.76367,-340.49924,256.97113,-313.3085,33.05292
21,60,275.74832,-348.2654,260.09512,-323.3057,29.462011
22,1,8.19682,-2.069471,4.922763,-0.827735,3.5016224
22,2,14.57324,-7.262079,9.358349,-3.9100585,6.199285
22,3,19.672026,-14.408942,13.088388,-8.861346,8.609303
22,4,24.245699,-22.733454,16.479424,-15.6000805,10.545143
22,5,28.685148,-31.609879,19.721487,-23.806047,11.884739
22,6,33.362286,-41.049107,22.796549,-32.2234,13.766913
22,7,38.520603,-50.743828,25.977,-40.243668,16.358343
22,8,44.17604,-60.74468,29.971104,-47.562363,19.379208
22,9,49.945286,-71.56757,33.22298,-55.27665,23.345871
22,10,55.626785,-83.34967,36.268776,-64.04333,27.33985
22,11,61.749893,-95.95595,39.365414,-73.53943,31.679098
22,12,68.46503,-108.79512,42.89867,-83.146225,36.2147
22,13,75.46625,-121.92435,46.632587,-92.96519,40.86579
22,14,82.51073,-135.79465,50.348793,-102.63959,46.191425
22,15,89.32405,-150.27348,53.71795,-112.224594,52.11058
22,16,96.001144,-165.4067,56.906357,-121.96438,58.443455
22,17,102.39952,-181.03809,59.66292,-132.19164,64.90295
22,18,108.42454,-196.59488,62.34016,-142.25478,71.25038
22,19,114.35756,-212.33577,65.06167,-152.15286,77.79504
22,20,120.4379,-228.73055,67.74672,-162.26987,84.813805
22,21,126.59141,-245.26727,70.61564,-172.58832,91.73613
22,22,132.12315,-262.37387,73.40986,-182.77554,98.90978
22,23,137.90898,-279.74963,76.27446,-193.0253,106.395134
22,24,143.13438,-297.1587,78.89117,-203.56633,113.51969
22,25,147.80037,-314.12,81.16248,-214.27351,120.04136
22,26,153.13324,-331.67297,82.83729,-224.45451,128.2081
22,27,158.80264,-349.36993,83.24133,-234.20009,137.7447
22,28,164.17537,-366.6102,87.60625,-243.90028,144.63939
22,29,169.47769,-384.5983,89.99414,-253.81854,153.03914
22,30,174.64314,-402.63354,93.11816,-263.81573,160.98666
22,31,179.82533,-421.00665,96.26768,-273.6209,169.42384
22,32,184.78722,-439.7656,99.6366,-283.0404,178.36316
22,33,188.31131,-458.69275,102.81728,-292.48447,186.90752
22,34,189.85245,-477.59137,104.49102,-302.16644,195.09094
22,35,189.2207,-496.6774,104.19193,-312.09525,203.22514
22,36,189.62613,-514.84863,103.82444,-321.36566,211.65442
22,37,193.71352,-530.92206,105.257965,-327.87247,221.4803
22,38,199.0012,-544.40546,106.7455,-331.8795,231.686
22,39,204.89218,-556.04877,108.42007,-335.5169,240.70973
22,40,212.30475,-565.303,111.3417,-340.00607,246.88506
22,41,220.89519,-571.62946,116.798904,-344.40216,249.93655
22,42,229.73647,-576.6409,124.189705,-348.58987,251.29147
22,43,238.30995,-581.37787,132.13011,-353.01962,251.83655
22,44,247.03549,-586.1452,139.90767,-357.59198,252.41423
22,45,255.85773,-591.1118,147.00803,-361.8016,253.83347
22,46,264.9439,-596.5682,152.67247,-365.22998,257.14243
22,47,273.90674,-602.3175,156.69205,-367.779,262.19763
22,48,282.01996,-607.6437,159.4311,-369.58398,267.76938
22,49,289.50076,-612.6423,160.8804,-370.554,274.1349
22,50,296.49673,-617.36414,161.55737,-370.98987,280.90732
22,51,303.21857,-621.9554,161.8382,-371.15753,287.9027
22,52,309.88898,-626.52185,161.94072,-371.0686,295.2034
22,53,316.5231,-631.0647,162.05632,-370.99118,302.48672
22,54,323.10184,-635.57983,162.16537,-370.91336,309.75616
22,55,329.62604,-640.0846,162.26042,-370.85733,317.0088
22,56,336.10413,-644.5781,162.33604,-370.81284,324.25726
22,57,342.5401,-649.04144,162.41785,-370.76837,331.4814
22,58,348.92474,-653.4717,162.56044,-370.77948,338.59494
22,59,355.3536,-657.9462,162.81917,-370.92358,345.61758
22,60,361.754,-662.4019,163.0103,-371.04547,352.6863
23,1,4.1239514,-9.88858,2.755283,-8.891147,1.6935545
23,2,8.283652,-20.212116,6.1242003,-18.310642,2.8772967
23,3,11.779194,-31.13796,9.304892,-27.754698,4.191496
23,4,14.234456,-42.81423,10.978628,-37.436665,6.286386
23,5,15.362813,-54.936977,10.679542,-47.365482,8.902841
23,6,17.07697,-66.4181,10.312048,-56.635902,11.893508
23,7,20.892944,-76.11487,11.74557,-63.142708,15.872977
23,8,25.008461,-83.65486,13.233103,-67.14973,20.275072
23,9,29.178555,-89.82547,14.90767,-70.78713,23.793201
23,10,33.993217,-94.48989,17.829304,-75.2763,25.108448
23,11,39.24438,-97.41945,23.286512,-79.672386,23.86654
23,12,44.954315,-99.765,30.677309,-83.8601,21.37285
23,13,50.864883,-102.11801,38.617718,-88.28986,18.471891
23,14,57.23565,-104.61945,46.395283,-92.86221,15.992068
23,15,63.82806,-107.30499,53.495625,-97.07184,14.542237
23,16,70.79019,-110.371574,59.16007,-100.5002,15.254633
23,17,77.7871,-113.70369,63.179653,-103.04923,18.080238
23,18,83.9496,-116.71874,65.91872,-104.8542,21.584255
23,19,89.491516,-119.48631,67.36801,-105.82421,26.00197
23,20,94.55641,-122.04516,68.04498,-106.26009,30.854887
23,21,99.369286,-124.51024,68.325806,-106.42778,35.925938
23,22,104.128746,-126.95433,68.42832,-106.33882,41.22523
23,23,108.84911,-129.37907,68.54393,-106.26143,46.464325
23,24,113.51229,-131.78069,68.65298,-106.18359,51.648514
23,25,118.12364,-134.17206,68.74803,-106.12755,56.7842
23,26,122.690544,-136.55284,68.823654,-106.08308,61.887383
23,27,127.211586,-138.90912,68.90545,-106.0386,66.93338
23,28,131.67766,-141.23825,69.04804,-106.04971,71.83803
23,29,136.19395,-143.60178,69.30678,-106.193825,76.63713
23,30,140.67957,-145.94984,69.4979,-106.3157,81.472046
23,31,145.43164,-148.445,69.797,-106.51585,86.47921
23,32,150.47891,-151.1134,70.71259,-107.19018,91.05995
23,33,155.8648,-154.07832,72.95039,-108.909645,94.41933
23,34,161.6018,-157.86449,76.44188,-111.83986,96.80124
23,35,167.5638,-162.47865,81.113365,-116.20403,98.0562
23,36,174.00537,-168.14601,86.73935,-122.020676,98.706154
23,37,180.77473,-174.69504,92.55436,-128.70502,99.48827
23,38,187.72665,-181.99248,98.56564,-136.39659,100.14325
23,39,195.04573,-190.14986,104.34605,-144.59796,101.49585
23,40,202.64058,-198.7136,110.00478,-153.05092,103.27861
23,41,209.95456,-207.22745,115.51334,-161.57957,104.89458
23,42,216.9988,-215.54353,120.767845,-169.9285,106.49473
23,43,223.72586,-223.90475,125.58565,-177.98337,108.35255
23,44,230.17574,-232.64407,129.63704,-185.92192,110.86473
23,45,236.87395,-242.1119,133.08646,-193.7628,114.49663
23,46,243.80554,-251.81744,136.58331,-201.28061,118.53513
23,47,251.30986,-262.47748,140.35704,-208.4211,123.4205
23,48,259.19894,-273.34164,144.39172,-215.21645,128.6827
23,49,267.11542,-284.56116,148.52254,-222.08723,134.042
23,50,275.84695,-296.22485,152.88332,-229.51198,139.89519
23,51,284.93127,-308.51645,157.48154,-237.67958,145.81255
23,52,293.8939,-321.1723,161.88173,-246.02144,151.90413
23,53,302.7671,-333.4973,166.17326,-254.0605,158.01291
23,54,312.4019,-343.60294,170.93132,-261.06433,163.7881
23,55,322.5058,-350.81226,175.81807,-266.10904,169.3869
23,56,332.54553,-354.99023,181.1242,-269.81894,173.73131
23,57,342.48856,-357.1768,187.00612,-272.3991,177.09332
23,58,353.0531,-360.7199,193.14244,-275.32843,181.28189
23,59,360.43823,-368.2506,197.86511,-280.63956,184.67732
23,60,362.53143,-378.46896,199.53154,-288.23138,186.31099
24,1,1.8150046,-1.3782226,0.2720987,-0.1885866,1.9482794
24,2,3.6841636,-2.7949202,1.1876993,-0.86292106,3.1567316
24,3,5.8827677,-4.513069,3.4254997,-2.582391,3.1250095
24,4,8.522337,-6.9378443,6.916981,-5.5125995,2.1467395
24,5,11.358859,-9.967489,11.5884695,-9.876779,0.24687928
24,6,14.61116,-13.911424,17.21445,-15.6934185,3.1547785
24,7,18.118254,-18.599516,23.029465,-22.377756,6.1963773
24,8,21.744492,-23.883081,29.04075,-30.069332,9.565829
24,9,25.622948,-29.912514,34.821148,-38.270706,12.428447
24,10,29.607063,-36.18554,40.47989,-46.723663,15.141678
24,11,33.19517,-42.03699,45.988445,-55.252316,18.393278
24,12,36.435062,-47.403908,51.242954,-63.601246,21.946012
24,13,39.288136,-52.411892,56.060753,-71.656105,25.52764
24,14,41.88875,-57.454758,60.112137,-79.594666,28.675205
24,15,44.695557,-63.176556,63.561554,-87.43555,30.731491
24,16,47.662586,-69.157326,67.05841,-94.953354,32.27434
24,17,51.061874,-76.12811,70.83215,-102.09384,32.63561
24,18,54.72297,-83.36414,74.86682,-108.88919,32.516193
24,19,58.398495,-90.88058,78.997635,-115.75998,32.3003
24,20,62.655838,-98.99971,83.35843,-123.184715,31.8357
24,21,67.17281,-107.7442,87.956635,-131.35231,31.453299
24,22,71.57967,-116.71705,92.35683,-139.69418,30.978037
24,23,75.879036,-125.3015,96.64837,-147.73325,30.570385
24,24,80.576675,-132.1403,101.406425,-154.73708,30.732597
24,25,85.3355,-136.84245,106.293175,-159.78177,31.07147
24,26,89.69725,-139.54079,111.599304,-163.4917,32.455296
24,27,93.81512,-141.16705,117.48122,-166.07185,34.35598
24,28,98.588135,-143.67172,123.61755,-169.00116,35.609722
24,29,101.38125,-147.61766,128.34021,-174.3123,37.939285
24,30,101.582214,-152.35637,130.00664,-181.90411,41.00021
24,31,100.598976,-157.4606,128.89557,-190.97328,43.86111
24,32,99.81696,-163.27304,127.19857,-200.48001,46.19644
24,33,99.41905,-169.61629,125.8871,-210.42883,48.64382
24,34,99.77778,-176.7255,125.62275,-221.35518,51.57297
24,35,100.60774,-184.53516,126.18702,-232.98361,54.786423
24,36,100.94763,-192.77034,126.9565,-244.6066,57.99533
24,37,100.62176,-201.14871,127.070435,-256.29053,61.156784
24,38,100.2221,-208.90875,126.59437,-267.55814,64.305885
24,39,99.61373,-216.16699,125.41948,-278.7768,67.71945
24,40,98.44327,-222.52238,123.39744,-289.41147,71.392296
24,41,96.64213,-228.91211,121.436195,-299.40924,74.730125
24,42,95.01314,-234.73372,118.72009,-309.32788,78.27074
24,43,93.83815,-239.68942,116.849815,-317.14633,80.8029
24,44,93.25749,-242.39914,115.92655,-321.9621,82.72938
24,45,93.05806,-243.35277,115.502815,-324.36005,84.05918
24,46,93.11127,-243.08449,115.24324,-325.67627,85.505714
24,47,93.35271,-241.81065,115.15381,-326.15686,87.11814
24,48,93.7314,-239.77776,115.106094,-326.1901,89.016685
24,49,94.15429,-237.58873,114.80916,-327.42636,92.18147
24,50,94.51038,-235.87056,113.99172,-331.36356,97.459915
24,51,94.73681,-234.76546,112.74615,-337.35837,104.16161
24,52,94.73328,-234.78268,111.593925,-343.34637,109.86517
24,53,94.66931,-235.09692,110.730675,-349.16364,115.19194
24,54,94.64335,-235.23247,109.577034,-355.16592,120.85963
24,55,94.47549,-236.11867,108.49749,-360.74493,125.412605
24,56,94.248695,-237.32579,107.02163,-366.71597,130.0191
24,57,93.99628,-238.82237,105.61452,-373.7148,135.39186
24,58,93.76535,-240.63065,104.5303,-381.30252,141.08318
24,59,93.64763,-241.7392,103.80074,-388.69046,147.30159
24,60,93.655876,-241.64217,103.21384,-396.31238,154.96526
25,1,-0.88200045,-9.601625,-1.0917078,-8.213747,1.4036323
25,2,-1.9371382,-19.771824,-2.788711,-17.720469,2.2210886
25,3,-2.7645369,-30.700306,-4.100183,-27.6693,3.312242
25,4,-2.4387288,-42.49442,-4.364535,-38.59564,4.3484735
25,5,-1.3980131,-54.980667,-3.8002598,-50.22408,5.328782
25,6,-1.1596264,-67.83448,-3.0307863,-61.84707,6.272985
25,7,-1.9548714,-80.73191,-2.9168506,-73.53098,7.2648993
25,8,-2.8694425,-93.041306,-3.3929121,-84.798584,8.259327
25,9,-4.1204214,-104.76223,-4.5678,-96.017265,8.756401
25,10,-6.3406754,-115.44948,-6.589844,-106.65195,8.801059
25,11,-9.52915,-125.85054,-8.551089,-116.649704,9.252675
25,12,-12.525727,-135.69275,-11.267187,-126.568344,9.210793
25,13,-14.897789,-144.7736,-13.137465,-134.38681,10.534906
25,14,-16.55415,-151.72858,-14.060726,-139.20256,12.771775
25,15,-17.789513,-157.03172,-14.4844675,-141.60051,15.781181
25,16,-18.72945,-161.26482,-14.744041,-142.91673,18.775932
25,17,-19.459198,-164.68819,-14.833475,-143.39732,21.787569
25,18,-20.063509,-167.5675,-14.881191,-143.43056,24.687014
25,19,-20.673996,-170.3828,-15.17812,-144.66682,26.29669
25,20,-21.430527,-173.6571,-15.995561,-148.60402,25.635834
25,21,-22.32222,-177.55673,-17.241137,-154.59883,23.513456
25,22,-23.475893,-182.59688,-18.393356,-160.58682,22.589262
25,23,-24.69433,-187.95715,-19.256607,-166.4041,22.228428
25,24,-25.83668,-193.26575,-20.410246,-172.4064,21.553617
25,25,-27.133614,-199.35336,-21.48979,-177.98538,22.100754
25,26,-28.494762,-205.78941,-22.96565,-183.95644,22.522211
25,27,-29.795225,-212.55876,-24.372765,-190.95526,22.273624
25,28,-30.872623,-219.70079,-25.456987,-198.54298,21.839914
25,29,-31.712921,-226.20387,-26.186537,-205.93092,21.012695
25,30,-32.292408,-231.57149,-26.773443,-213.55284,18.84491
25,31,-32.604904,-235.75206,-27.167648,-221.49902,15.254927
25,32,-32.73937,-239.05052,-27.321268,-229.49475,10.984924
25,33,-32.866787,-242.82722,-27.287937,-237.19345,7.9286175
25,34,-32.969135,-247.14078,-27.12487,-244.74478,6.3163466
25,35,-33.137627,-251.81987,-26.859612,-252.21007,6.2901297
25,36,-33.221523,-256.18103,-26.457644,-259.7223,7.634827
25,37,-33.124336,-259.79416,-25.865154,-267.27213,10.421886
25,38,-32.996986,-262.12756,-25.142607,-275.09546,15.161056
25,39,-32.853886,-264.79376,-24.339296,-283.4799,20.534594
25,40,-32.721363,-268.50644,-23.318369,-292.57333,25.83857
25,41,-32.712826,-273.02063,-22.939655,-301.94885,30.534521
25,42,-32.672073,-278.22098,-22.49741,-311.66293,34.955517
25,43,-32.560684,-283.66385,-21.851143,-321.3724,39.199867
25,44,-32.3215,-289.0183,-20.700775,-330.95615,43.51808
25,45,-32.056362,-294.66763,-19.635988,-340.69547,47.674175
25,46,-31.787848,-300.95306,-18.545258,-350.31555,51.10794
25,47,-31.499033,-306.9,-17.344723,-359.40656,54.38091
25,48,-31.250925,-311.53143,-16.23493,-366.9037,57.372173
25,49,-31.068495,-314.34268,-15.28575,-373.30228,61.035473
25,50,-31.003723,-315.42084,-14.712043,-379.36285,65.98485
25,51,-31.016237,-315.12256,-14.174872,-384.718,71.60416
25,52,-31.054045,-313.68658,-13.670896,-388.9111,77.20688
25,53,-31.090523,-311.72333,-13.254593,-391.94345,82.179
25,54,-31.107891,-309.93225,-12.993097,-393.68253,85.68695
25,55,-31.120623,-307.85184,-12.903932,-394.07605,88.12753
25,56,-31.136997,-305.54755,-12.863303,-394.03122,90.350914
25,57,-31.152208,-303.17365,-12.8564205,-394.0201,92.67047
25,58,-31.172657,-300.73444,-12.869847,-394.009,95.053345
25,59,-31.203213,-298.2203,-12.883481,-394.01965,97.53526
25,60,-31.239891,-295.6628,-12.903932,-394.009,100.04089
26,1,-0.3215365,-7.5617123,-0.3452344,-7.1385713,0.4238041
26,2,-0.40227932,-15.491587,-0.49885514,-15.134303,0.370106
26,3,-0.41879183,-24.06278,-0.46552366,-22.83301,1.2306583
26,4,-0.34659952,-33.313194,-0.30245778,-30.384329,2.929198
26,5,-0.39109823,-43.060738,-0.037197597,-37.849613,5.223128
26,6,-0.26930627,-53.049606,0.36476895,-45.361847,7.713864
26,7,0.29664078,-62.743015,0.9572589,-52.911682,9.853503
26,8,1.04616,-71.441986,1.679807,-60.735004,10.725716
26,9,1.8198005,-80.516525,2.483116,-69.11945,11.416358
26,10,2.5023968,-90.67314,3.5040433,-78.2129,12.500439
26,11,2.8692012,-101.678276,3.8827581,-87.58841,14.126275
26,12,3.3298354,-113.40436,4.3250036,-97.302475,16.132607
26,13,3.9530015,-125.40315,4.9712706,-107.01195,18.419373
26,14,4.8755274,-137.50754,6.121639,-116.59569,20.948944
26,15,5.850591,-149.93106,7.1864247,-126.33502,23.633821
26,16,6.823737,-163.03618,8.277155,-135.95511,27.120043
26,17,7.8576074,-175.93942,9.477692,-145.0461,30.935776
26,18,8.85221,-187.61995,10.587482,-152.54323,35.119617
26,19,9.810879,-197.55157,11.536662,-158.94183,38.648293
26,20,10.570351,-205.83496,12.110371,-165.0024,40.861595
26,21,11.086118,-212.85298,12.64754,-170.35754,42.524113
26,22,11.43494,-218.88652,13.151518,-174.55067,44.369064
26,23,11.718855,-224.5595,13.56782,-177.583,47.012875
26,24,11.964144,-230.52075,13.829316,-179.32208,51.23263
26,25,12.18274,-236.3401,13.918481,-179.7156,56.651093
26,26,12.403032,-242.05432,13.959109,-179.67079,62.402935
26,27,12.617558,-247.72182,13.965993,-179.65967,68.07551
26,28,12.8408,-253.32666,13.952565,-179.64854,73.6865
26,29,13.08241,-258.8673,13.938931,-179.65923,79.212715
26,30,13.3343,-264.36722,13.918481,-179.64854,84.72069
26,31,13.59187,-269.80682,13.88473,-179.63742,90.16988
26,32,13.836715,-275.19995,13.8846035,-179.78131,95.41865
26,33,14.070697,-280.53766,13.945748,-180.14803,100.38971
26,34,14.298695,-285.83844,14.047732,-180.35976,105.47898
26,35,14.515552,-291.09515,14.09538,-180.38188,110.71407
26,36,14.738961,-296.53674,14.122782,-180.42657,116.1118
26,37,14.960985,-302.00128,14.272414,-181.143,120.86024
26,38,15.145022,-307.69266,14.802405,-184.19473,123.4984
26,39,15.327664,-313.7958,15.537358,-188.71405,125.08193
26,40,15.464612,-320.55875,16.369839,-193.8597,126.702286
26,41,15.361727,-328.1787,17.059835,-199.24648,128.94342
26,42,14.504176,-336.57538,17.327475,-204.96565,131.64
26,43,12.611773,-345.4431,17.103613,-211.01486,134.50328
26,44,9.827975,-354.4631,16.255585,-216.77742,137.83563
26,45,5.8158965,-363.6028,14.920553,-222.28157,141.61423
26,46,0.6607914,-372.0944,12.959451,-227.3534,145.26257
26,47,-5.8420286,-380.20615,10.493073,-232.00357,149.1001
26,48,-13.485376,-387.64175,7.621857,-236.34515,152.76184
26,49,-21.736334,-394.06082,4.408789,-240.34586,155.9226
26,50,-29.85244,-399.42477,0.9659413,-243.9837,158.46672
26,51,-37.409557,-403.81073,-1.7183146,-246.4807,161.32762
26,52,-44.293255,-407.61758,-3.411109,-247.96227,164.80646
26,53,-50.4605,-410.9999,-4.368787,-248.77579,168.64493
26,54,-55.897923,-413.9426,-5.186253,-249.45361,172.12872
26,55,-61.019672,-416.71628,-5.936583,-250.08778,175.49701
26,56,-66.07029,-419.37018,-6.6183667,-250.62248,178.91428
26,57,-71.14309,-421.93085,-6.942032,-250.85822,182.7228
26,58,-76.25757,-424.4939,-6.921041,-250.80219,187.01968
26,59,-81.51123,-427.10596,-6.9008603,-250.74658,191.49239
26,60,-86.72575,-429.68332,-6.887229,-250.69098,195.99094
27,1,0.33280963,0.27879202,0.020450974,-0.00033695388,0.4189044
27,2,1.0477438,0.88145936,0.034084953,-0.011119492,1.3506299
27,3,1.960968,1.6545846,0.04771894,-0.011119492,2.5367484
27,4,2.9473956,2.4888105,0.05453593,-0.022238985,3.8306668
27,5,3.9913886,3.3709483,0.068169914,-0.033358477,5.194319
27,6,5.0915155,4.299317,0.06850739,-0.033358477,6.6334524
27,7,6.221338,5.2524657,0.074986905,-0.033358477,8.106637
27,8,7.368327,6.217653,0.074986905,-0.033358477,9.60562
27,9,8.551406,7.2109165,0.074986905,-0.033358477,11.150301
27,10,9.777791,8.239981,0.074986905,-0.033358477,12.751179
27,11,11.058166,9.308471,0.074986905,-0.022238985,14.411536
27,12,12.394106,10.420788,0.068169914,-0.011119492,16.147861
27,13,13.772512,11.570908,0.068169914,0.011119493,17.928682
27,14,15.185671,12.749667,0.074986905,0.022238987,19.756523
27,15,16.611324,13.938961,0.088620886,0.0329137,21.595783
27,16,18.082907,15.164851,0.09543788,0.04447797,23.498398
27,17,19.60098,16.427975,0.10907186,0.05559746,25.455633
27,18,21.15616,17.72344,0.12243586,0.066716954,27.46229
27,19,22.735313,19.039717,0.13613324,0.08861899,29.49351
27,20,24.35975,20.391644,0.1499738,0.10007543,31.58894
27,21,26.0185,21.771906,0.17042477,0.11119492,33.72402
27,22,27.676834,23.153715,0.19060306,0.122314416,35.85998
27,23,29.367895,24.56639,0.21132672,0.14455341,38.033295
27,24,31.103317,26.018898,0.2317777,0.1667924,40.266403
27,25,32.847435,27.478737,0.25222868,0.18903138,42.510887
27,26,34.59987,28.941572,0.26586264,0.22238985,44.761765
27,27,36.323914,30.38181,0.27949664,0.26686782,46.969242
27,28,38.065197,31.829117,0.28631362,0.3220205,49.1929
27,29,39.798706,33.269997,0.2732196,0.36694327,51.42835
27,30,41.537075,34.701374,-0.12663075,0.10209716,54.15694
27,31,43.09729,35.929546,-2.1364453,-1.4148443,58.657433
27,32,44.22039,36.801434,-5.2249155,-3.8278012,63.996662
27,33,44.800846,37.249832,-8.91554,-6.826479,69.48504
27,34,45.05428,37.447803,-12.65462,-9.920272,74.65957
27,35,44.90003,37.32781,-16.319492,-12.942319,79.21436
27,36,44.073376,36.691826,-19.891739,-15.855951,82.78167
27,37,42.65688,35.666134,-23.300383,-18.703537,85.47761
27,38,40.618843,34.582558,-26.711216,-21.11102,87.37913
27,39,38.508694,33.97411,-30.429882,-22.899416,89.37072
27,40,37.259327,34.125507,-35.56243,-23.297562,92.73844
27,41,36.718227,34.374447,-41.063198,-21.75613,95.919716
27,42,36.28484,34.712147,-46.316402,-18.41256,98.20998
27,43,35.592205,35.555157,-51.285473,-12.890606,99.47222
27,44,34.374287,37.183563,-56.241966,-5.874615,100.326035
27,45,32.596264,39.6623,-61.638256,2.0249586,101.472725
27,46,30.497147,42.53201,-67.0881,9.9929695,102.86724
27,47,28.103756,45.718925,-72.61825,18.144316,104.42835
27,48,25.311832,49.33296,-78.63057,26.375437,106.4475
27,49,22.159204,53.26433,-84.572914,34.57926,108.35532
27,50,19.019848,57.10514,-91.31429,42.91372,111.24306
27,51,16.302633,60.287613,-98.19709,51.084282,114.869
27,52,13.338904,63.433994,-105.45685,58.64982,118.89205
27,53,10.9143715,65.69733,-113.069405,65.51205,123.98392
27,54,9.039015,67.16688,-121.34212,71.730515,130.46098
27,55,6.979313,68.59335,-129.9793,77.395874,137.24118
27,56,4.5381675,70.17033,-139.0292,82.87536,144.12845
27,57,2.1560369,71.71793,-147.98228,88.133316,151.03305
27,58,-0.47207403,73.78209,-156.32823,93.5603,157.10608
27,59,-2.9332242,76.39622,-163.70953,99.383804,162.41136
27,60,-4.843046,79.85083,-169.40814,105.88559,166.61176
28,1,-0.16095774,-0.13768081,-1.9087173,-1.4188076,2.167014
28,2,-0.63066757,-0.5387028,-4.9971876,-3.8317645,5.4690723
28,3,-1.3894794,-1.1853225,-8.687812,-6.8304424,9.226756
28,4,-2.1163373,-1.8121617,-12.426892,-9.924235,13.119195
28,5,-3.0822046,-2.6418142,-16.091764,-12.946282,16.596106
28,6,-4.613581,-3.9430351,-19.664011,-15.859915,19.19707
28,7,-6.6909246,-5.606736,-23.072655,-18.7075,20.975965
28,8,-9.413751,-7.228617,-26.483488,-21.114983,22.004705
28,9,-12.152085,-8.164375,-30.202154,-22.90338,23.303288
28,10,-14.034093,-8.028569,-35.3347,-23.301525,26.210287
28,11,-15.050745,-7.619395,-40.83547,-21.760094,29.407673
28,12,-15.789538,-7.0993137,-46.088673,-18.416523,32.343727
28,13,-16.747952,-6.041935,-51.057747,-12.894568,34.98744
28,14,-18.254509,-4.219237,-56.014236,-5.8785787,37.79617
28,15,-20.352858,-1.5750339,-61.41053,2.0209954,41.214848
28,16,-22.789558,1.4376364,-66.86037,9.989006,44.892784
28,17,-25.534601,4.7453785,-72.39052,18.140352,48.73297
28,18,-28.696985,8.45212,-78.40284,26.371473,52.837254
28,19,-32.234165,12.448957,-84.345184,34.5753,56.613895
28,20,-35.74366,16.3407,-91.08657,42.909756,61.390167
28,21,-38.799725,19.586788,-97.96936,51.08032,67.02901
28,22,-42.097004,22.763186,-105.22912,58.645855,72.617004
28,23,-44.81759,25.066214,-112.841675,65.50809,79.137985
28,24,-46.956005,26.58033,-121.11439,71.72655,86.819626
28,25,-49.260048,28.01575,-129.75157,77.391914,94.42929
28,26,-51.948345,29.57287,-138.80148,82.87139,101.90289
28,27,-54.560303,31.094818,-147.75455,88.12936,109.261635
28,28,-57.4287,33.13061,-156.10051,93.556335,115.70391
28,29,-60.13583,35.739788,-163.4818,99.37984,121.36904
28,30,-62.296734,39.23623,-169.18042,105.88163,125.95924
28,31,-63.781612,42.46264,-173.37457,112.90404,130.27896
28,32,-65.2161,44.855865,-177.46198,119.50127,134.80013
28,33,-67.484184,46.71464,-183.18246,124.484985,139.40701
28,34,-69.26978,47.444237,-190.79008,127.57008,145.5587
28,35,-70.597435,47.952156,-199.97446,130.47038,153.4525
28,36,-72.10954,48.701088,-209.4231,134.33641,161.82837
28,37,-73.18991,49.363033,-218.38365,138.9252,170.59485
28,38,-74.71035,50.486015,-226.506,144.59125,178.59932
28,39,-75.79296,51.647427,-233.37886,151.52202,186.56969
28,40,-76.82764,53.12763,-238.67534,159.65236,193.75809
28,41,-77.09427,53.53392,-242.98378,167.7923,201.43065
28,42,-76.56156,52.747936,-246.61612,174.51956,209.15756
28,43,-75.6271,51.40469,-249.77066,180.38734,216.70833
28,44,-74.49893,49.7926,-252.59349,185.84813,224.11778
28,45,-72.869934,47.38464,-255.1983,191.09697,232.15698
28,46,-70.74196,44.129463,-257.58032,196.00775,240.78122
28,47,-68.08982,40.120163,-259.64526,200.23141,249.65797
28,48,-65.480995,36.305676,-261.4932,203.99083,257.95172
28,49,-63.0158,32.764153,-263.14987,207.42839,265.63367
28,50,-60.64441,29.362597,-264.39404,209.90271,272.22903
28,51,-58.017963,25.571684,-265.15125,211.37181,278.2551
28,52,-55.361126,21.69522,-265.92807,212.91653,284.43634
28,53,-52.83412,17.952036,-266.7671,214.53998,290.5411
28,54,-50.349873,14.198406,-267.40134,215.833,296.25638
28,55,-47.854366,10.3815365,-267.62708,216.26883,301.1472
28,56,-45.346302,6.531085,-267.7975,216.54727,305.927
28,57,-42.84494,2.6890016,-267.90738,216.70427,310.5731
28,58,-40.317444,-1.1965477,-267.92783,216.69316,315.0911
28,59,-37.756004,-5.1363525,-267.94827,216.68204,319.67465
28,60,-35.16359,-9.127064,-267.94876,216.67047,324.30457
29,1,-4.9840674,7.572603,-3.7158802,6.3436775,1.7659438
29,2,-10.974558,15.039523,-7.8032928,12.940906,3.8027778
29,3,-20.012566,20.669472,-13.523772,17.924622,7.0454698
29,4,-29.95158,23.303968,-21.131401,21.009724,9.113677
29,5,-40.39097,25.821882,-30.31577,23.910023,10.254991
29,6,-50.874672,29.426647,-39.764412,27.776049,11.232202
29,7,-60.849827,33.893436,-48.72496,32.36484,12.220842
29,8,-70.92027,39.492996,-56.84731,38.030888,14.148712
29,9,-79.61136,46.69252,-63.720173,44.961655,15.98517
29,10,-87.3652,55.205715,-69.016655,53.09199,18.469889
29,11,-94.04288,62.98333,-73.325096,61.231934,20.791677
29,12,-99.91742,69.62303,-76.957436,67.9592,23.020191
29,13,-105.44946,75.724266,-80.11197,73.82698,25.408428
29,14,-110.8785,81.678474,-82.93481,79.287766,28.045776
29,15,-115.6901,87.126175,-85.53961,84.53661,30.261492
29,16,-119.88016,92.02397,-87.921646,89.447395,32.06221
29,17,-123.59789,96.32222,-89.98657,93.67105,33.715717
29,18,-127.59073,100.796974,-91.83451,97.43047,35.91435
29,19,-131.84636,105.48788,-93.49117,100.868034,38.632412
29,20,-136.27386,110.3612,-94.73536,103.34234,42.127327
29,21,-140.44241,114.97645,-95.49256,104.81145,46.08488
29,22,-144.58018,119.6044,-96.269394,106.35617,50.094395
29,23,-148.81758,124.41138,-97.10839,107.979614,54.257195
29,24,-153.02771,129.27664,-97.74264,109.27262,58.79286
29,25,-157.17815,134.1275,-97.96838,109.70847,64.04752
29,26,-161.29756,138.95883,-98.13881,109.986916,69.48669
29,27,-165.42351,143.80006,-98.24869,110.14391,75.1345
29,28,-169.51501,148.60469,-98.269135,110.13279,80.96951
29,29,-173.56404,153.36177,-98.28959,110.12167,86.809845
29,30,-177.57281,158.0751,-98.29007,110.11011,92.6628
29,31,-181.54707,162.74896,-98.30349,110.08787,98.50221
29,32,-185.47597,167.38013,-98.31031,110.06563,104.32068
29,33,-189.36726,171.98686,-98.31031,110.04339,110.128845
29,34,-193.21986,176.5573,-98.310036,110.02116,115.909164
29,35,-197.06244,181.11516,-98.29668,109.99892,121.70536
29,36,-200.86696,185.61867,-98.28959,109.97712,127.45102
29,37,-204.62988,190.06609,-98.27623,109.96555,133.14351
29,38,-208.3593,194.4877,-98.26941,109.95444,138.80078
29,39,-212.0278,198.87271,-98.418015,110.26356,144.07903
29,40,-215.72513,203.3009,-98.89382,111.18381,148.77873
29,41,-219.47629,207.84735,-99.8714,113.100815,152.58517
29,42,-223.43715,212.78712,-101.4997,116.21159,155.54927
29,43,-227.8973,218.33884,-103.81833,120.80343,157.82504
29,44,-232.72586,224.27992,-106.59739,126.14376,159.80957
29,45,-238.38867,230.96367,-109.71171,131.88681,162.4007
29,46,-244.83852,238.36536,-113.102486,138.04984,165.58255
29,47,-251.93376,246.35419,-116.81511,144.71931,169.07602
29,48,-259.41507,254.92438,-120.7963,152.16626,172.55258
29,49,-267.18536,264.24866,-124.5908,160.73244,176.20676
29,50,-274.9677,274.1145,-127.756805,169.53941,180.57408
29,51,-282.5124,284.9413,-130.29893,178.31485,185.8444
29,52,-290.138,296.21777,-132.56804,186.8564,191.8025
29,53,-298.15607,307.9354,-134.81053,195.10872,198.5236
29,54,-306.3095,319.256,-137.29959,202.87816,205.20271
29,55,-314.80685,329.4753,-139.87827,210.29376,211.67015
29,56,-322.70483,338.35196,-142.89133,217.46214,216.67313
29,57,-330.25797,346.50052,-146.4407,224.9116,220.39203
29,58,-338.7867,354.88812,-150.7386,232.61636,224.30443
29,59,-348.55518,363.5358,-155.47517,240.17926,229.12163
29,60,-359.54797,371.82114,-160.71686,247.22325,234.64536
30,1,0.010218726,-0.01482236,-0.0070866602,-0.022238985,0.01882771
30,2,0.24914877,-0.35982528,-0.013903352,-0.04447797,0.41065842
30,3,0.6056956,-0.874696,-0.013903352,-0.066716954,1.0182009
30,4,1.0354197,-1.4960797,-0.013630685,-0.08895594,1.7551365
30,5,1.4948081,-2.1602602,-0.0002699678,-0.11119492,2.5365188
30,6,2.0031853,-2.8936875,0.006819392,-0.13298914,3.4068947
30,7,2.5550504,-3.6885645,0.02018011,-0.14455341,4.3572445
30,8,3.131315,-4.521319,0.026996803,-0.1556729,5.3568325
30,9,3.74393,-5.414249,-0.12160709,0.153449,6.778026
30,10,4.3399367,-6.2847815,-0.59741217,1.0736982,8.861413
30,11,4.876562,-7.0785,-1.5749929,2.990703,11.958738
30,12,5.1728525,-7.530231,-3.2032955,6.101488,15.999489
30,13,5.041417,-7.330252,-5.5219197,10.693318,20.890984
30,14,4.6082215,-6.67921,-8.300982,16.033655,26.125118
30,15,3.5250616,-5.1213303,-11.415302,21.776701,30.768791
30,16,1.7923392,-2.7016282,-14.806083,27.939726,34.848244
30,17,-0.4915322,0.42497373,-18.518703,34.6092,38.646347
30,18,-3.166173,4.153137,-22.499893,42.056145,42.549156
30,19,-6.1976137,8.589933,-26.294392,50.622334,46.589733
30,20,-9.36531,13.504467,-29.460402,59.429306,50.12887
30,21,-12.5639305,19.179264,-32.002533,68.20474,52.73857
30,22,-15.898407,25.293777,-34.271637,76.74629,54.63458
30,23,-19.57014,31.939651,-36.51412,84.99861,55.698757
30,24,-23.335556,38.383495,-39.003178,92.76806,56.596424
30,25,-27.206366,44.06202,-41.581863,100.183655,57.93352
30,26,-30.457184,48.504013,-44.594913,107.35203,60.52243
30,27,-33.364983,52.31202,-48.144302,114.8015,64.21342
30,28,-36.998154,56.639545,-52.442192,122.506256,67.65311
30,29,-41.595783,61.566494,-57.17877,130.06915,70.25271
30,30,-47.101902,66.60637,-62.420452,137.11314,72.15167
30,31,-52.987785,71.40291,-68.101265,143.77193,73.93032
30,32,-59.012993,75.44248,-74.04524,150.11049,76.16613
30,33,-64.55704,78.45308,-80.334404,156.01154,79.14695
30,34,-69.86839,80.87334,-86.95371,161.30765,82.22887
30,35,-74.51175,82.74986,-93.79651,166.19783,85.64733
30,36,-79.979,84.83172,-100.9992,171.00845,88.703316
30,37,-85.92051,87.20762,-108.99928,175.77357,91.523544
30,38,-91.795906,89.65227,-116.69721,181.0925,94.7702
30,39,-97.37729,91.98708,-124.32426,186.16388,97.95615
30,40,-102.9287,94.09158,-131.16087,191.33578,101.25952
30,41,-108.91094,95.73991,-139.37712,195.22316,104.04377
30,42,-116.181274,95.9233,-148.08958,197.26692,106.24815
30,43,-123.94653,94.76267,-155.86359,197.47241,107.55459
30,44,-131.62325,92.70529,-163.44344,196.38715,108.454834
30,45,-139.77197,89.93984,-171.22617,194.72055,109.40002
30,46,-147.97792,86.63888,-179.13965,192.68947,110.53407
30,47,-155.30272,83.30971,-187.14879,190.28743,111.617226
30,48,-162.02643,79.508156,-194.92224,187.05522,112.465576
30,49,-168.72244,74.308975,-201.80302,182.88986,113.5083
30,50,-173.87628,69.03656,-208.12436,177.73871,113.96968
30,51,-177.8058,64.6494,-214.23265,171.97693,113.3407
30,52,-181.24522,60.83372,-220.63115,165.6855,112.00511
30,53,-184.76103,56.733353,-227.24203,158.88081,110.62884
30,54,-187.57639,53.41239,-234.23329,151.88693,108.96835
30,55,-189.43306,51.200256,-241.30391,144.80399,107.01515
30,56,-190.47131,49.90918,-248.23628,137.7551,105.136566
30,57,-191.38557,48.61174,-254.51237,130.38539,103.305
30,58,-191.60393,48.240223,-260.06155,122.75653,101.18857
30,59,-191.53473,48.371162,-265.22305,114.9075,99.2827
30,60,-191.21954,48.95636,-270.53912,106.76848,98.152115
31,1,-5.814552,6.6532526,-5.124321,5.983891,0.9614903
31,2,-12.555555,13.06666,-11.0683,12.322447,1.6630638
31,3,-19.84534,18.798061,-17.357466,18.223501,2.5533588
31,4,-27.753098,24.165167,-23.976772,23.51961,3.8311064
31,5,-35.492752,28.939964,-30.819569,28.409788,4.7031617
31,6,-43.964157,33.93249,-38.02226,33.22042,5.984413
31,7,-52.77226,39.322037,-46.022343,37.985535,6.8809595
31,8,-61.333008,44.72506,-53.72027,43.304466,7.744152
31,9,-69.45988,49.87596,-61.347317,48.375843,8.250091
31,10,-77.56424,54.636024,-68.18393,53.547745,9.443229
31,11,-86.26645,58.7071,-76.40018,57.43512,9.947927
31,12,-96.72584,60.761295,-85.11265,59.47888,11.683782
31,13,-107.91939,60.98904,-92.88664,59.68437,15.089254
31,14,-119.114105,59.943325,-100.4665,58.599106,18.695992
31,15,-130.80591,58.074898,-108.24922,56.932518,22.585596
31,16,-142.55661,55.52424,-116.16271,54.901436,26.401245
31,17,-153.35521,52.675987,-124.171844,52.499397,29.183899
31,18,-163.41922,49.04929,-131.94531,49.267185,31.474663
31,19,-173.46317,43.67244,-138.8261,45.10182,34.66655
31,20,-181.81137,37.610397,-145.14743,39.95067,36.738556
31,21,-188.71033,32.12599,-151.2557,34.1889,37.511387
31,22,-194.96423,27.18653,-157.6542,27.897469,37.316803
31,23,-201.26917,21.94785,-164.26509,21.092781,37.013954
31,24,-206.77435,17.321232,-171.25636,14.098897,35.66386
31,25,-211.16989,13.590039,-178.32697,7.015943,33.494427
31,26,-214.59274,10.558765,-185.25934,-0.03293478,31.187061
31,27,-217.80008,7.333188,-191.53543,-7.4026437,30.11605
31,28,-220.03577,4.67928,-197.08463,-15.031506,30.253428
31,29,-221.84427,2.3242211,-202.2461,-22.880533,31.927544
31,30,-223.41382,0.31335878,-207.56218,-31.019556,35.11447
31,31,-225.58298,-2.2699723,-212.76764,-38.680653,38.600136
31,32,-227.8926,-4.9972,-217.88899,-45.978832,42.184906
31,33,-230.41737,-8.027388,-223.21954,-53.405766,45.945686
31,34,-233.01598,-11.1006565,-228.5981,-60.98837,50.082943
31,35,-236.0422,-14.872373,-233.92159,-68.78269,53.952015
31,36,-239.05858,-18.927608,-239.34706,-76.77627,57.84938
31,37,-242.38902,-23.661833,-244.92278,-84.9918,61.382282
31,38,-245.69882,-28.65331,-250.64673,-93.70565,65.240234
31,39,-248.79645,-33.790833,-256.69916,-102.71397,69.37472
31,40,-251.20438,-37.82709,-263.07166,-112.47295,75.58331
31,41,-253.25562,-40.748363,-269.87933,-122.51475,83.43914
31,42,-255.1534,-43.329224,-277.33487,-132.36707,91.759224
31,43,-257.09302,-45.7238,-284.88232,-141.8537,100.06599
31,44,-258.95935,-48.04616,-292.47995,-150.99533,108.268936
31,45,-261.12418,-50.617844,-300.06943,-159.71469,115.83978
31,46,-263.56378,-53.20507,-307.63297,-168.16737,123.11955
31,47,-265.83423,-55.55305,-314.9044,-176.40334,130.43263
31,48,-268.1568,-57.8032,-322.5771,-183.87592,137.31679
31,49,-269.9125,-59.39887,-330.0898,-190.97774,144.68694
31,50,-271.08163,-60.43152,-337.73587,-197.76636,152.65532
31,51,-272.0082,-61.212894,-345.65417,-204.39893,161.01543
31,52,-272.6366,-61.732777,-353.87054,-210.94006,169.88753
31,53,-272.87534,-61.927338,-362.11786,-217.0742,178.98262
31,54,-272.0691,-61.29498,-370.31186,-222.74141,188.98833
31,55,-270.4255,-60.06695,-378.3102,-228.01402,199.61295
31,56,-268.88278,-58.944622,-386.25674,-232.86891,209.82446
31,57,-267.31543,-57.833122,-394.19907,-237.4774,219.93529
31,58,-265.9863,-56.90489,-402.29065,-242.00348,229.87033
31,59,-264.376,-55.838596,-410.76862,-246.60739,240.46524
31,60,-262.48654,-54.632454,-419.43256,-251.15572,251.50237
32,1,-5.5742655,-8.317752,-4.6818285,-6.8738484,1.6974396
32,2,-11.259321,-16.817806,-9.803183,-14.1720295,3.0200121
32,3,-17.002735,-25.578516,-15.13374,-21.59896,4.3965898
32,4,-22.778942,-34.25757,-20.512297,-29.181564,5.5590916
32,5,-28.750166,-43.752087,-25.835781,-36.975883,7.376352
32,6,-34.432594,-53.56786,-31.261251,-44.969467,9.164593
32,7,-40.163017,-64.10011,-36.836967,-53.18499,11.410631
32,8,-45.646782,-74.87552,-42.560917,-61.898846,13.338538
32,9,-50.647118,-85.84181,-48.61336,-70.90716,15.072494
32,10,-55.0363,-95.58842,-54.98586,-80.66615,14.92235
32,11,-59.549206,-103.90026,-61.793526,-90.70794,13.3818655
32,12,-64.01003,-111.70433,-69.24906,-100.56026,12.31413
32,13,-68.775566,-119.20434,-76.796524,-110.04689,12.173521
32,14,-73.45388,-126.630226,-84.39413,-119.18852,13.231324
32,15,-78.533134,-134.29993,-91.98361,-127.90788,14.892064
32,16,-84.15507,-141.83076,-99.54716,-136.36058,16.335218
32,17,-89.73444,-149.11186,-106.81857,-144.59654,17.670755
32,18,-95.56007,-156.22136,-114.49127,-152.0691,19.381222
32,19,-101.0691,-162.5235,-122.00401,-159.17094,21.201656
32,20,-106.145134,-168.1668,-129.65007,-165.95955,23.608347
32,21,-111.1066,-173.43488,-137.56836,-172.59213,26.475178
32,22,-115.87071,-178.39908,-145.78473,-179.13326,29.923025
32,23,-120.35075,-182.99843,-154.03204,-185.2674,33.75763
32,24,-124.01463,-186.62216,-162.22604,-190.9346,38.453987
32,25,-127.059235,-189.49542,-170.22438,-196.20721,43.68384
32,26,-130.26291,-192.44257,-178.17093,-201.0621,48.677254
32,27,-133.5261,-195.37233,-186.11327,-205.6706,53.586052
32,28,-137.07253,-198.51056,-194.20485,-210.19667,58.315243
32,29,-140.509,-201.40303,-202.68282,-214.8006,63.600925
32,30,-143.79276,-204.07433,-211.34676,-219.3489,69.25934
32,31,-147.60973,-207.14552,-219.92024,-223.60191,74.15945
32,32,-151.48038,-210.27925,-228.38585,-227.51695,78.81364
32,33,-155.64185,-213.57117,-236.90424,-231.18317,83.14902
32,34,-160.18674,-217.02797,-246.16985,-235.00203,87.84168
32,35,-164.24156,-220.08737,-255.74799,-238.98949,93.4383
32,36,-168.24048,-222.98303,-265.73538,-242.58409,99.44575
32,37,-172.45006,-225.8429,-276.06104,-245.9402,105.54211
32,38,-176.66483,-228.42538,-286.26303,-249.3072,111.569786
32,39,-180.49896,-230.7619,-296.15314,-252.11284,117.60846
32,40,-183.81035,-232.64494,-305.5216,-254.92328,123.7334
32,41,-186.8291,-234.34346,-314.41223,-257.86194,129.7327
32,42,-188.30585,-235.10918,-323.07712,-260.3319,137.11119
32,43,-188.56876,-235.23976,-331.40326,-262.5438,145.42079
32,44,-188.8193,-235.34454,-339.3924,-264.27216,153.32666
32,45,-188.5551,-235.22177,-347.0906,-266.03925,161.50302
32,46,-187.89839,-234.69693,-353.9128,-269.26154,169.57446
32,47,-187.06,-233.71115,-359.32782,-274.15884,176.95259
32,48,-186.11635,-232.32224,-364.00006,-280.13028,184.19615
32,49,-184.9031,-230.3976,-369.07623,-287.29968,192.76305
32,50,-182.88126,-227.95523,-374.9553,-294.05942,203.13098
32,51,-179.03761,-225.44016,-382.08,-298.81235,215.89276
32,52,-172.88876,-223.7636,-389.91998,-300.90323,230.33253
32,53,-165.28813,-224.43376,-397.59702,-300.19028,244.34908
32,54,-158.38582,-227.23518,-404.2621,-297.4718,255.7114
32,55,-152.63649,-231.63792,-409.1594,-293.49503,263.87552
32,56,-148.38379,-237.23933,-411.77136,-289.6877,268.55884
32,57,-144.9079,-243.82536,-412.6957,-287.48184,271.32306
32,58,-141.38907,-251.48479,-413.09393,-286.37476,273.93585
32,59,-137.8225,-259.69086,-413.25064,-285.93954,276.6761
32,60,-134.06956,-268.4436,-413.29837,-285.97202,279.77844
33,1,-9.184929,-4.9141097,-7.7006526,-3.80823,1.8509582
33,2,-18.913471,-10.209024,-16.166265,-7.723263,3.704882
33,3,-29.325958,-15.738279,-24.684658,-11.389474,6.360328
33,4,-40.429695,-21.371386,-33.950268,-15.20834,8.942377
33,5,-51.477192,-26.923843,-43.528397,-19.195803,11.086296
33,6,-62.90358,-32.38816,-53.51579,-22.7904,13.425633
33,7,-74.87628,-37.678852,-63.84147,-26.146507,15.961268
33,8,-87.15919,-42.429825,-74.04344,-29.513512,18.407986
33,9,-99.22998,-47.065163,-83.93354,-32.319145,21.24679
33,10,-110.93199,-51.15728,-93.30203,-35.12959,23.826506
33,11,-122.4435,-55.124126,-102.192635,-38.06825,26.476412
33,12,-132.49481,-58.208023,-110.85753,-40.53821,27.935537
33,13,-141.39345,-60.770313,-119.18367,-42.75011,28.600733
33,14,-150.60251,-62.785652,-127.17281,-44.478477,29.733873
33,15,-159.33482,-65.05568,-134.87103,-46.245567,30.859316
33,16,-166.98886,-69.17372,-141.6932,-49.467842,32.06543
33,17,-173.45906,-74.46357,-147.10823,-54.365154,33.140797
33,18,-179.12547,-80.22105,-151.78049,-60.33659,33.810352
33,19,-184.25235,-85.80094,-156.85666,-67.506,32.942814
33,20,-189.43314,-90.15286,-162.7357,-74.265724,31.066929
33,21,-194.42769,-92.2573,-169.8604,-79.01868,27.90722
33,22,-198.1194,-92.57386,-177.70041,-81.10956,23.417204
33,23,-200.55208,-91.90427,-185.37744,-80.3966,19.04458
33,24,-202.92558,-90.3956,-192.04251,-77.67811,16.738455
33,25,-204.98648,-88.12314,-196.9398,-73.70133,16.514767
33,26,-206.4822,-85.16929,-199.55179,-69.89402,16.773918
33,27,-207.39348,-82.27429,-200.47614,-67.68816,16.143257
33,28,-207.92084,-80.20897,-200.87434,-66.58108,15.341854
33,29,-208.30496,-78.56354,-201.03107,-66.14586,14.391258
33,30,-208.56693,-77.41582,-201.07878,-66.17833,13.503831
33,31,-208.77737,-76.48698,-201.11969,-66.22325,12.805632
33,32,-208.96123,-75.67439,-201.16086,-66.27885,12.211554
33,33,-209.13649,-74.90984,-201.20149,-66.345566,11.675232
33,34,-209.3047,-74.16836,-201.22876,-66.411835,11.197522
33,35,-209.46762,-73.45174,-201.2563,-66.46788,10.779611
33,36,-209.62508,-72.75826,-201.29012,-66.523476,10.40885
33,37,-209.77313,-72.099106,-201.3242,-66.58975,10.086495
33,38,-209.91226,-71.478584,-201.35828,-66.64535,9.825011
33,39,-210.04147,-70.907265,-201.37901,-66.70094,9.629712
33,40,-210.15794,-70.39385,-201.41309,-66.75699,9.470972
33,41,-210.26245,-69.93159,-201.45378,-66.812584,9.344563
33,42,-210.35501,-69.515884,-201.48781,-66.86818,9.25406
33,43,-210.43765,-69.14121,-201.52216,-66.92344,9.187198
33,44,-210.5112,-68.80258,-201.56279,-66.95714,9.136723
33,45,-210.57393,-68.51035,-201.6037,-66.99049,9.098077
33,46,-210.66219,-68.08891,-201.65141,-66.990944,9.07742
33,47,-210.79933,-67.31113,-201.9639,-65.897224,8.94785
33,48,-210.95076,-65.98061,-202.55563,-62.736904,8.999989
33,49,-210.7088,-63.69319,-202.61649,-57.573593,10.145692
33,50,-209.70009,-60.583973,-201.18268,-51.259525,12.628999
33,51,-208.49852,-56.73208,-199.05663,-44.270702,15.634426
33,52,-207.48015,-52.014557,-197.30086,-35.77052,19.169943
33,53,-206.97264,-46.922424,-196.83133,-25.964146,23.282948
33,54,-206.82373,-40.915977,-197.67252,-15.428074,27.080952
33,55,-207.17,-33.73453,-199.38818,-4.332599,30.414309
33,56,-207.34721,-25.745678,-201.1412,7.264142,33.588135
33,57,-206.60486,-17.629995,-202.4435,18.883568,36.74993
33,58,-205.06822,-9.106719,-202.83737,30.58109,39.750458
33,59,-202.34859,-0.45617867,-202.76933,42.556076,43.01431
33,60,-198.87532,8.145352,-200.89087,54.221745,46.120457
34,1,-0.020864712,0.078907,-0.040628966,-0.04447797,0.1249579
34,2,0.05303254,-0.19701679,-0.081803285,-0.10007543,0.16606724
34,3,0.17775428,-0.65340245,-0.122432254,-0.1667924,0.57175285
34,4,0.32661396,-1.2019401,-0.14970002,-0.23306456,1.0796272
34,5,0.4892339,-1.8001009,-0.17724046,-0.28910682,1.6514512
34,6,0.6645875,-2.4458342,-0.21105248,-0.34470427,2.2762892
34,7,0.84815943,-3.1280384,-0.24513718,-0.41097644,2.928775
34,8,1.0422035,-3.8502595,-0.2792219,-0.46657392,3.6325603
34,9,1.2508187,-4.6210623,-0.29994538,-0.5221714,4.382439
34,10,1.4757795,-5.4501147,-0.3340301,-0.57821363,5.1971946
34,11,1.7142098,-6.3313017,-0.37472516,-0.63381106,6.0683646
34,12,1.9624534,-7.2607875,-0.40874377,-0.68940854,6.9861
34,13,2.2198277,-8.232196,-0.44310117,-0.7446691,7.9469647
34,14,2.4837763,-9.241574,-0.48373014,-0.7783645,8.9683895
34,15,2.757503,-10.2988825,-0.5246318,-0.81172293,10.038855
34,16,2.996563,-11.241635,-0.5723504,-0.81216776,11.0232
34,17,3.1305945,-11.851225,-0.88483894,0.28154555,12.779977
34,18,3.1437109,-11.935046,-1.4765762,3.4418683,16.056046
34,19,3.1992102,-11.062023,-1.5374205,8.605179,20.229546
34,20,3.6961856,-9.278891,-0.10362097,14.919246,24.494658
34,21,4.3737326,-6.7367916,2.0224385,21.90807,28.741201
34,22,4.957779,-3.3486888,3.7782006,30.408255,33.777546
34,23,5.1729937,0.3942659,4.247732,40.214626,39.831112
34,24,5.093153,5.0583973,3.4065459,50.750698,45.723415
34,25,4.5657372,10.897426,1.6908778,61.846172,51.02979
34,26,4.137815,17.566013,-0.06214268,73.44292,56.034523
34,27,4.4793544,24.486015,-1.3644301,85.06234,60.857544
34,28,5.49429,31.876938,-1.7583137,96.759865,65.28702
34,29,7.541865,39.49109,-1.690274,108.73485,69.8565
34,30,10.260514,47.131054,0.18819897,120.40052,73.95855
34,31,13.533846,54.705948,4.3777423,131.7433,77.57956
34,32,17.888365,62.517506,10.083078,143.18439,81.043625
34,33,23.062368,69.07548,17.878435,154.48355,85.565254
34,34,28.857813,74.99479,27.494589,165.25859,90.27409
34,35,33.95215,79.76499,38.217323,175.2601,95.59031
34,36,38.503654,83.74631,49.539577,184.5471,101.40312
34,37,42.682034,87.35539,60.833805,193.43098,107.61746
34,38,46.812126,90.9247,70.95795,201.35431,113.038574
34,39,51.317783,94.79402,80.182236,208.75009,117.55485
34,40,56.49649,98.97429,89.216995,215.9748,121.48971
34,41,62.079525,103.35179,98.07092,223.13976,125.078125
34,42,68.074326,108.12518,107.01297,230.34474,128.2725
34,43,74.86114,113.31241,116.02517,237.63898,130.96402
34,44,81.88679,118.999214,124.97556,244.85568,133.02817
34,45,89.008156,125.047966,133.94055,252.06778,134.7329
34,46,96.54872,131.71657,143.17369,259.47693,136.0022
34,47,103.791,138.40637,152.54085,267.00467,137.52843
34,48,110.54809,144.71141,161.32458,274.13553,139.02824
34,49,117.61156,151.31192,168.87367,280.3377,138.83609
34,50,125.811005,158.38577,175.93082,286.04422,137.14471
34,51,135.07393,166.14415,182.37453,291.1508,133.6563
34,52,145.13058,174.58325,187.40715,295.098,127.71496
34,53,154.64844,182.43283,190.56558,297.63013,120.666725
34,54,162.94962,189.46747,192.04161,298.81192,113.14837
34,55,169.97194,195.54129,192.57516,299.3016,106.19373
34,56,175.7115,200.50113,192.93727,299.62497,100.60946
34,57,180.31067,204.48393,193.23697,299.9247,96.31216
34,58,184.11607,207.75983,194.4429,300.853,93.66419
34,59,188.66098,211.69746,197.41907,303.18344,91.90423
34,60,193.74901,215.25226,201.72594,306.16232,91.25936
35,1,3.7458339,11.237463,3.8295906,10.197131,1.043698
35,2,8.83028,22.711855,9.534927,21.638212,1.284226
35,3,15.725483,33.31891,17.330284,32.93738,1.6495302
35,4,23.891582,43.354782,26.946438,43.712414,3.075718
35,5,31.822891,52.28305,37.66917,53.713932,6.018837
35,6,39.504814,60.36198,48.991425,63.000935,9.84682
35,7,46.959362,68.1043,60.285656,71.88481,13.85216
35,8,54.42087,75.85802,70.4098,79.80813,16.469643
35,9,62.313248,84.00827,79.63409,87.20392,17.613167
35,10,70.9647,92.41454,88.668846,94.42862,17.818342
35,11,80.10363,101.04622,97.522766,101.593575,17.427732
35,12,89.62552,110.17568,106.46482,108.79856,16.89552
35,13,99.975746,119.71222,115.47702,116.0928,15.91822
35,14,110.406975,129.87526,124.427414,123.3095,15.481663
35,15,120.80763,140.49974,133.3924,130.5216,16.060493
35,16,131.48138,151.84799,142.62553,137.93074,17.829245
35,17,141.7571,163.25836,151.99269,145.4585,20.532965
35,18,151.555,174.24904,160.77643,152.58936,23.540958
35,19,161.61154,185.54636,168.32552,158.79153,27.58438
35,20,172.9091,197.2662,175.38268,164.49805,32.861385
35,21,185.24469,209.69455,181.82637,169.6046,40.23542
35,22,198.27948,222.85179,186.859,173.55182,50.60548
35,23,210.85391,235.32964,190.01744,176.08395,62.80294
35,24,222.23315,246.92738,191.49345,177.26575,76.14245
35,25,232.38419,257.48453,192.02702,177.75543,89.36123
35,26,241.37,266.82147,192.38911,178.0788,101.36266
35,27,249.32663,275.1064,192.68883,178.37856,112.08978
35,28,256.5929,282.6281,193.89474,179.30682,120.85672
35,29,264.51874,290.88477,196.87093,181.63728,128.49606
35,30,273.4048,298.39575,201.1778,184.61617,134.76843
35,31,284.9785,302.1867,207.28403,185.96295,139.80125
35,32,297.64563,300.9575,214.7901,184.41151,142.9965
35,33,310.9575,298.0483,223.25432,180.09007,146.98978
35,34,324.59186,295.3501,232.69711,174.51254,151.81027
35,35,338.59198,293.03284,243.26909,167.93768,157.27444
35,36,352.89252,290.8759,254.48851,160.85423,163.06128
35,37,367.2734,288.78113,265.6408,153.88231,168.89902
35,38,381.87292,286.59848,276.6865,146.96155,174.8218
35,39,396.037,284.3607,287.69662,140.2774,180.27098
35,40,409.92548,282.25864,298.15573,133.89348,185.7544
35,41,423.07086,280.231,308.20044,127.66053,190.97896
35,42,435.30414,278.3934,317.76352,121.57175,195.9817
35,43,446.3534,276.61038,326.6218,115.832535,200.4624
35,44,456.4241,275.00967,334.11984,111.23463,204.40303
35,45,465.96045,273.6878,339.8412,108.047775,208.18907
35,46,474.6853,272.76984,342.82632,106.58403,212.14268
35,47,482.97333,272.10193,344.04572,106.07114,216.48811
35,48,491.12436,271.64148,344.98282,105.70335,221.1172
35,49,499.2516,271.3226,345.79456,105.39244,226.013
35,50,507.4801,271.04172,346.0963,105.3026,231.33133
35,51,515.7111,270.76086,346.0762,105.34708,236.934
35,52,523.8538,270.4936,346.1103,105.35819,242.61588
35,53,532.1202,270.2412,346.1441,105.369316,248.53539
35,54,540.31323,270.00052,346.1714,105.38043,254.54042
35,55,548.42615,269.7597,346.1921,105.391556,260.60602
35,56,556.4861,269.51233,346.25302,105.35853,266.7291
35,57,564.8671,269.24503,346.30115,105.33595,273.1982
35,58,573.5974,268.9861,346.78052,105.13758,279.80753
35,59,582.72504,269.40118,349.07977,104.43968,286.0112
35,60,592.087,271.90582,353.29288,104.00162,291.91513
36,1,1.3296685,0.2725452,5.576729,1.1097254,4.3287864
36,2,3.4061987,-0.23324594,13.082794,-0.4417147,9.678841
36,3,6.3023853,-1.358909,21.547016,-4.763146,15.620102
36,4,9.465384,-2.5088308,30.989817,-10.340683,22.905
36,5,12.868435,-3.6269975,41.561794,-16.915539,31.621103
36,6,16.3463,-4.7147646,52.781208,-23.998993,41.223583
36,7,19.585697,-5.7099915,63.933506,-30.970915,51.037655
36,8,22.843315,-6.7242293,74.9792,-37.891674,60.741753
36,9,25.537167,-7.587508,85.989334,-44.57582,70.8703
36,10,27.73738,-8.276897,96.448425,-50.959743,80.889015
36,11,29.152908,-8.724826,106.493126,-57.1927,91.27236
36,12,29.710093,-8.8987255,116.05623,-63.28148,102.04479
36,13,29.242195,-8.747081,124.91448,-69.02069,113.075615
36,14,28.018766,-8.35376,132.41255,-73.6186,123.11605
36,15,26.591694,-7.9260926,138.13388,-76.80545,131.09549
36,16,24.663763,-7.4168215,141.11903,-78.269196,136.3154
36,17,22.594563,-6.9239397,142.33842,-78.78209,139.65024
36,18,20.44421,-6.4659333,143.27553,-79.14988,142.72522
36,19,18.26307,-6.040477,144.08725,-79.460785,145.67863
36,20,16.20551,-5.649996,144.38902,-79.55063,147.96053
36,21,14.172152,-5.2641373,144.36891,-79.50615,149.87686
36,22,12.055344,-4.865282,144.403,-79.49503,151.93913
36,23,10.069806,-4.4958687,144.43681,-79.48391,153.8756
36,24,8.013752,-4.1157866,144.46408,-79.47279,155.87614
36,25,5.8797126,-3.7206187,144.4848,-79.46167,157.9496
36,26,3.6949017,-3.3137681,144.54573,-79.4947,160.13274
36,27,1.8271171,-2.9636335,144.59386,-79.51727,161.99629
36,28,0.3012718,-2.681126,145.07321,-79.715645,163.99156
36,29,-0.84136796,-2.5572572,147.37248,-80.41354,167.41847
36,30,-1.4333334,-2.6214309,151.58557,-80.85161,171.85677
36,31,-1.154862,-2.5017838,156.91533,-79.96917,176.03233
36,32,-0.4675393,-1.8649487,162.9205,-76.54481,179.64613
36,33,0.39346337,-0.6370133,168.47195,-70.40418,181.98306
36,34,1.3031886,0.8701111,173.43655,-63.742893,183.86064
36,35,2.151214,2.4452927,177.94278,-57.150085,185.61864
36,36,3.2205296,4.4939623,182.30602,-50.731766,187.40729
36,37,4.446668,6.7942677,187.0281,-44.107468,189.54411
36,38,5.8717313,9.405645,191.99712,-36.914047,191.80243
36,39,7.66197,12.620142,196.92049,-29.840002,193.96301
36,40,9.213973,15.674497,201.08931,-23.41187,195.81595
36,41,9.858111,18.34761,203.7554,-16.951445,197.0842
36,42,9.393794,19.774443,203.57108,-10.511924,196.52501
36,43,8.266001,20.818293,200.2696,-4.9363627,193.72322
36,44,6.153249,22.016039,194.77531,-0.34248036,189.9426
36,45,3.5638137,23.326183,187.99069,4.8022866,185.35481
36,46,0.43589282,24.771336,180.39847,10.360699,180.53862
36,47,-3.4766552,26.391926,172.61511,16.054768,176.39493
36,48,-7.766718,28.10606,164.85051,21.93033,172.72768
36,49,-12.429705,29.932945,156.77496,28.060707,169.21503
36,50,-16.615778,31.521164,148.32396,34.48175,164.96631
36,51,-20.328413,32.73228,140.5673,40.241444,161.07086
36,52,-24.31668,33.930363,133.58582,45.29595,158.311
36,53,-28.79988,35.642612,126.43159,50.75232,155.96509
36,54,-33.692554,37.72524,118.79774,56.982506,153.70145
36,55,-38.89877,40.188866,111.58186,63.71914,152.3092
36,56,-43.731384,43.155235,106.09273,69.57467,152.13564
36,57,-47.83824,45.834106,102.72938,73.43289,153.07614
36,58,-50.12834,47.405212,100.669044,75.96882,153.47878
36,59,-50.7933,47.899746,99.26345,77.838745,153.01428
36,60,-50.220795,47.425716,98.28057,79.30867,151.88542
37,1,-0.03604732,-0.0072510387,4.857814,0.8608847,4.9702654
37,2,-0.024032008,1.8209219e-05,10.862988,4.2852435,11.700016
37,3,0.17579472,0.18981081,16.414444,10.425873,19.195591
37,4,0.1584064,0.17093435,21.379034,17.087158,27.138048
37,5,-0.3283157,-0.41216502,25.88526,23.679968,35.603123
37,6,-0.6399793,-0.79539967,30.248507,30.098286,43.686592
37,7,-0.9372047,-1.1544784,34.970585,36.722584,52.192352
37,8,-1.0759299,-1.3187604,39.939594,43.916004,61.061092
37,9,-0.8072765,-1.0061084,44.86297,50.99005,69.20529
37,10,-0.69743955,-0.8679916,49.031796,57.418182,76.61772
37,11,-0.9068077,-1.314839,51.69788,63.87861,83.77016
37,12,-0.7131777,-3.0225663,51.51356,70.31813,90.03605
37,13,0.3054154,-4.442352,48.21209,75.89369,93.53571
37,14,0.95904833,-5.01268,42.717793,80.48757,95.15296
37,15,1.2664951,-5.2563105,35.933178,85.63234,97.27551
37,16,1.1545,-5.1738772,28.340954,91.19075,100.126144
37,17,0.39180815,-4.6583424,20.557602,96.88482,103.52619
37,18,-0.69133055,-3.945864,12.792992,102.76038,107.55487
37,19,-2.0973606,-3.034473,4.7174473,108.89076,112.13251
37,20,-3.059897,-2.4251842,-3.733556,115.3118,117.738914
37,21,-3.5403848,-2.1519625,-11.4902115,121.071495,123.47964
37,22,-4.2431035,-1.7739472,-18.471693,126.12601,128.68896
37,23,-5.441583,-1.0116045,-25.62593,131.58237,134.12149
37,24,-7.0267973,0.08255553,-33.259777,137.81256,140.20601
37,25,-8.910691,1.4960393,-40.475655,144.5492,146.49422
37,26,-10.555559,3.0352545,-45.964787,150.40472,151.56377
37,27,-11.5999775,4.0678205,-49.328136,154.26294,154.86119
37,28,-11.138729,3.5900373,-51.388474,156.79887,158.40765
37,29,-9.391181,1.6358382,-52.794064,158.6688,162.92072
37,30,-6.755227,-1.6404611,-53.776943,160.13872,168.47417
37,31,-3.6470728,-5.9497733,-54.56107,161.41696,174.93958
37,32,0.2116673,-11.615745,-56.076252,163.98874,184.40515
37,33,3.044645,-17.21135,-58.169704,168.27374,195.32515
37,34,3.53578,-22.80295,-59.00948,174.28343,206.7727
37,35,2.1699271,-27.884459,-57.106625,181.33115,217.45088
37,36,-0.53603387,-31.782883,-52.358612,187.96326,225.77411
37,37,-3.6408737,-34.5419,-45.81299,192.90742,231.32593
37,38,-6.7582197,-36.338264,-38.419693,195.89412,234.38074
37,39,-9.647518,-37.685905,-30.298138,198.19585,236.78397
37,40,-12.153101,-38.772842,-21.355627,200.64258,239.59221
37,41,-14.208242,-39.5904,-11.905437,202.7673,242.36864
37,42,-16.07369,-40.27844,-2.4920816,204.73454,245.38913
37,43,-18.055223,-40.954403,6.414723,206.48254,248.64397
37,44,-20.993567,-41.8187,14.793868,207.96518,252.33455
37,45,-24.077362,-42.4688,23.230707,209.03162,255.91113
37,46,-27.15803,-42.71336,32.14405,210.2138,259.78625
37,47,-30.967932,-42.22845,41.061985,209.3357,261.67313
37,48,-34.093124,-40.876877,49.143642,205.7629,260.3066
37,49,-36.64975,-39.194088,56.03797,200.45335,256.9473
37,50,-38.518784,-37.818817,61.936028,193.28503,251.99237
37,51,-40.246166,-36.56294,68.30367,186.60571,248.16792
37,52,-42.39413,-35.12613,74.68264,180.82587,245.64656
37,53,-44.883396,-33.6158,80.24263,174.9779,243.24443
37,54,-46.892128,-32.43978,85.226234,169.33987,241.18518
37,55,-49.294968,-30.975307,90.92446,163.81062,240.00635
37,56,-51.762955,-29.373003,96.65239,157.51672,238.65222
37,57,-53.72056,-28.040474,102.39322,151.00562,237.54791
37,58,-56.31299,-26.570242,108.808586,145.6939,238.62117
37,59,-59.99107,-25.705263,115.67925,142.52722,243.23286
37,60,-64.3484,-26.350447,123.345566,142.08022,252.18626
38,1,-1.3360186,2.1618316,-0.7078736,1.1439599,1.196089
38,2,-2.086985,3.430655,-2.2230573,3.7157302,0.31588525
38,3,-2.7413886,4.954234,-4.31651,8.000738,3.4296057
38,4,-2.798298,7.2877073,-5.156282,14.010421,7.124252
38,5,-1.9125407,9.909334,-3.2534285,21.058136,11.229148
38,6,0.23889303,12.624945,1.4945852,27.690247,15.117542
38,7,3.5231333,15.1910715,8.040206,32.63442,18.01872
38,8,7.878115,17.34626,15.433503,35.621113,19.77509
38,9,12.895303,19.310732,23.555058,37.922848,21.448572
38,10,18.471571,21.321472,32.49757,40.36958,23.655
38,11,24.764912,23.374859,41.947758,42.494293,25.706089
38,12,31.489305,25.382406,51.361115,44.461536,27.548176
38,13,38.582016,27.311232,60.267918,46.209538,28.764984
38,14,45.076332,28.78291,68.647064,47.692177,30.218203
38,15,51.99778,29.79036,77.0839,48.758614,31.45009
38,16,59.222454,29.90589,85.997246,49.940804,33.440804
38,17,65.74893,28.651905,94.91518,49.062695,35.59874
38,18,72.140144,25.393988,102.99683,45.489883,36.823635
38,19,78.18696,20.841364,109.89117,40.180344,37.136948
38,20,84.59557,15.469772,115.78922,33.012035,35.787914
38,21,91.33593,9.885435,122.15687,26.332712,34.93484
38,22,98.03678,4.7618785,128.53584,20.552866,34.344547
38,23,104.89225,-0.015156746,134.09583,14.704903,32.70365
38,24,112.39346,-5.0690346,139.07942,9.0668745,30.198746
38,25,119.4832,-10.030397,144.77766,3.53762,28.703676
38,26,126.466354,-15.219555,150.50558,-2.7562864,27.077991
38,27,133.81561,-20.933743,156.24641,-9.267389,25.283287
38,28,141.16649,-25.740635,162.66177,-14.579116,24.220379
38,29,148.87805,-28.077232,169.53246,-17.74578,23.094225
38,30,156.38997,-27.446486,177.19876,-18.192783,22.7736
38,31,163.83147,-24.666626,184.9229,-15.5213,22.988811
38,32,171.91301,-21.249832,192.9355,-11.764233,23.063429
38,33,180.71211,-19.15244,202.25443,-8.502699,24.030985
38,34,190.14577,-17.717615,212.53333,-6.1738806,25.188501
38,35,199.4703,-16.829464,222.54051,-5.4774218,25.71193
38,36,208.08221,-16.98323,231.95589,-6.5497856,26.053963
38,37,215.8075,-18.427202,241.24149,-9.564503,26.933907
38,38,223.89856,-20.716415,250.27243,-14.928546,27.001492
38,39,232.35396,-23.62322,259.35638,-20.877056,27.14171
38,40,240.03206,-26.330431,268.22556,-26.876663,28.198786
38,41,247.41632,-28.981918,276.23734,-33.69647,29.204073
38,42,254.38545,-31.833477,285.50555,-39.9563,32.162727
38,43,261.20395,-35.11044,294.6211,-46.95624,35.454597
38,44,267.1245,-38.734024,303.51086,-54.793705,39.772854
38,45,272.02762,-42.102596,311.9237,-63.102272,45.085297
38,46,275.7868,-44.985497,319.3794,-71.80386,51.18143
38,47,277.81723,-46.87582,325.45425,-80.929405,58.557087
38,48,278.98215,-48.11298,330.78314,-90.161255,66.71882
38,49,280.35114,-49.927803,335.60104,-99.64433,74.32554
38,50,281.95795,-52.320473,340.14166,-109.969406,81.90692
38,51,283.93832,-55.36994,344.49615,-121.51689,89.68093
38,52,285.651,-58.20957,348.3223,-133.80164,98.19293
38,53,287.34183,-61.0977,351.6424,-146.19016,106.655
38,54,289.93823,-65.055504,355.57123,-158.20055,113.94599
38,55,293.1164,-69.06331,360.70114,-169.84488,121.345055
38,56,296.52005,-72.975494,365.97885,-181.209,128.60411
38,57,299.87115,-76.7716,370.46902,-192.65173,135.6918
38,58,304.38113,-81.67732,375.4149,-203.15404,140.72095
38,59,309.12753,-87.01926,380.4644,-213.31781,145.05266
38,60,313.91254,-92.36644,386.04364,-223.86514,149.98268
39,1,7.826653,1.9269179,6.933704,2.5167,1.0701407
39,2,16.415867,4.3652105,14.946313,6.2737675,2.408771
39,3,26.27654,5.5167212,24.26524,9.535302,4.4938097
39,4,36.758278,5.8010902,34.54413,11.86412,6.4546714
39,5,47.43885,5.48253,44.55132,12.560579,7.644385
39,6,57.57598,4.02668,53.966698,11.488215,8.288633
39,7,66.835846,1.0648806,63.252296,8.473498,8.22979
39,8,76.21997,-2.9083197,72.28324,3.1094549,7.191067
39,9,85.83226,-7.6218576,81.36719,-2.839055,6.5430937
39,10,94.774185,-12.094142,90.236374,-8.838662,5.58479
39,11,103.465324,-16.503716,98.24816,-15.658469,5.2851896
39,12,111.61132,-21.094246,107.51636,-21.918299,4.177055
39,13,119.3919,-26.112068,116.63189,-28.918242,3.936021
39,14,126.09125,-31.463505,125.52167,-36.755707,5.3227644
39,15,131.80084,-36.539837,133.93451,-45.06427,8.787406
39,16,136.4107,-41.091187,141.3902,-53.76586,13.617736
39,17,139.35844,-44.617023,147.46507,-62.891407,19.991762
39,18,141.49426,-47.542995,152.79396,-72.12325,27.053137
39,19,143.57896,-51.17153,157.61185,-81.60634,33.514164
39,20,145.74239,-55.466698,162.15247,-91.931404,39.98707
39,21,148.18346,-60.50491,166.50696,-103.47889,46.71738
39,22,150.32693,-65.33155,170.3331,-115.76364,54.255344
39,23,152.41959,-70.214905,173.6532,-128.15215,61.705673
39,24,155.38235,-76.2584,177.58202,-140.16254,67.6503
39,25,159.08113,-82.35036,182.71194,-151.80687,73.366356
39,26,163.13492,-88.38894,187.98967,-163.17099,78.804276
39,27,167.20673,-94.36078,192.47983,-174.61374,84.13838
39,28,172.32845,-101.55618,197.4257,-185.11604,87.24748
39,29,177.60023,-109.234764,202.47519,-195.2798,89.568474
39,30,182.92021,-116.925095,208.05446,-205.82715,92.38672
39,31,188.4389,-124.14777,213.9648,-217.1458,96.43757
39,32,193.91463,-131.14381,219.97665,-228.59808,100.87896
39,33,198.78015,-137.41376,226.00345,-239.78563,105.929726
39,34,204.48369,-144.29678,231.95752,-250.73033,109.9223
39,35,210.51982,-150.69409,239.681,-260.04523,113.17263
39,36,216.98712,-154.79271,248.9057,-267.23743,116.88717
39,37,222.948,-157.61932,258.9763,-272.14233,120.05648
39,38,227.58539,-159.08545,268.24637,-275.40225,123.21897
39,39,230.71243,-159.86278,277.2132,-277.59503,126.5828
39,40,232.54764,-160.31436,285.41656,-279.0539,129.97769
39,41,233.17772,-160.60742,292.93878,-281.29425,134.67255
39,42,233.17046,-160.60269,299.92056,-284.58252,140.80687
39,43,233.90222,-161.14737,307.00134,-288.71497,147.02711
39,44,234.79689,-161.95067,314.2966,-293.95425,154.09462
39,45,236.03375,-163.27061,320.94492,-299.90164,160.86623
39,46,237.03839,-164.44235,326.89917,-305.9666,167.6427
39,47,237.9893,-165.57776,332.44867,-312.31473,174.51163
39,48,239.68208,-167.1494,338.4802,-318.46317,180.71227
39,49,241.3132,-168.40112,345.04813,-324.02438,187.02817
39,50,242.08272,-168.98035,350.88937,-328.56854,193.15092
39,51,241.50754,-168.52916,355.52295,-332.3416,199.58464
39,52,239.5972,-166.9412,359.11316,-335.67734,206.77513
39,53,237.17447,-164.74983,362.34338,-338.71487,214.31541
39,54,234.37872,-161.9288,365.35892,-341.57346,222.32411
39,55,231.202,-158.55907,367.30582,-343.56964,229.68057
39,56,228.01703,-155.09981,368.47232,-344.65314,235.91982
39,57,224.80753,-151.54388,368.79736,-345.01962,241.17615
39,58,221.61339,-147.9817,368.93396,-345.17575,246.14801
39,59,218.41455,-144.4014,368.9345,-345.2647,251.00264
39,60,215.06792,-140.63446,368.94815,-345.343,256.09512
40,1,5.9486036,-11.220932,5.3175507,-10.217818,1.1851013
40,2,12.111362,-22.597498,11.3294115,-21.670113,1.2130502
40,3,18.277702,-34.093475,17.3562,-32.857655,1.5415645
40,4,25.421755,-46.480476,23.310284,-43.80235,3.4103777
40,5,33.275665,-58.27911,31.033764,-53.11726,5.627683
40,6,43.24405,-67.27052,40.258465,-60.30946,7.5743065
40,7,53.75686,-74.64701,50.32904,-65.21437,10.036166
40,8,64.01486,-79.925835,59.599113,-68.47428,12.273423
40,9,73.44027,-84.052666,68.56595,-70.667046,14.245484
40,10,82.05306,-87.79943,76.76931,-72.12592,16.54016
40,11,89.13159,-92.68805,84.291534,-74.36628,18.950287
40,12,95.27322,-98.359276,91.27332,-77.65453,21.087568
40,13,101.73755,-105.13511,98.354095,-81.78698,23.592009
40,14,107.811195,-112.79978,105.64935,-87.02627,25.864021
40,15,113.5706,-121.51692,112.29768,-92.97368,28.571613
40,16,118.91923,-130.44554,118.251915,-99.03865,31.41398
40,17,124.15585,-139.42117,123.80144,-105.386734,34.036285
40,18,131.00012,-148.36041,129.83295,-111.53519,36.84372
40,19,138.57376,-156.53589,136.40088,-117.0964,39.499302
40,20,145.53499,-163.91129,142.24213,-121.64058,42.39877
40,21,151.25784,-170.22217,146.8757,-125.41364,45.022297
40,22,155.69641,-175.40459,150.4659,-128.74936,46.94751
40,23,159.47258,-180.20589,153.69614,-131.7869,48.76234
40,24,162.61967,-184.69104,156.71167,-134.6455,50.39307
40,25,165.33705,-188.77713,158.65857,-136.64166,52.561478
40,26,168.02205,-192.91957,159.82509,-137.72514,55.799774
40,27,170.64743,-197.05925,160.15012,-138.09164,59.894676
40,28,173.27142,-201.22675,160.28673,-138.24776,64.30362
40,29,175.88112,-205.38803,160.28726,-138.33672,68.84074
40,30,178.36803,-209.37836,160.3009,-138.415,73.22718
40,31,180.62907,-213.03049,160.3009,-138.48172,77.270645
40,32,182.80342,-216.55606,160.28073,-138.5591,81.18373
40,33,184.93962,-220.01797,160.24637,-138.63739,85.04444
40,34,187.04709,-223.42647,160.18501,-138.74814,88.836876
40,35,189.11028,-226.76228,160.15092,-138.83754,92.571075
40,36,191.14127,-230.04448,160.11658,-138.94829,96.23434
40,37,193.2479,-233.46935,160.06287,-139.07014,100.062256
40,38,195.39856,-236.963,160.02168,-139.1818,103.98407
40,39,197.5152,-240.41621,159.98105,-139.29256,107.86476
40,40,199.63231,-243.8799,159.93306,-139.42642,111.74327
40,41,201.73041,-247.322,159.8514,-139.57109,115.60325
40,42,203.79584,-250.72305,159.82399,-139.68173,119.430725
40,43,205.82848,-254.08493,159.81009,-139.76001,123.23911
40,44,207.8338,-257.417,159.76918,-139.87166,126.99257
40,45,209.81277,-260.70044,159.74219,-139.98196,130.69052
40,46,211.7651,-263.94308,159.71465,-140.0936,134.34264
40,47,213.6963,-267.15292,159.64021,-140.2377,137.94759
40,48,215.5673,-270.40405,159.58513,-140.37169,141.57126
40,49,217.3432,-273.71432,159.67271,-140.56006,145.10666
40,50,219.14781,-277.28598,160.20851,-141.26875,148.23808
40,51,221.09074,-281.107,161.93077,-143.02184,150.22455
40,52,223.25223,-285.6588,164.79036,-146.37555,151.05501
40,53,225.51958,-291.12494,168.47902,-150.84293,151.43536
40,54,227.87625,-297.2684,172.37013,-155.70714,152.05434
40,55,230.32733,-304.03665,177.03645,-161.48662,152.18552
40,56,232.80106,-311.47665,182.14143,-167.71097,152.4302
40,57,235.37689,-319.59,187.31007,-174.14975,153.1773
40,58,238.3982,-328.1707,191.52673,-180.02106,155.3874
40,59,241.6405,-336.86575,194.43106,-184.72499,159.29703
40,60,244.94235,-345.48758,197.60095,-189.15054,163.34772
41,1,-0.68197656,0.71164393,-3.796386e-11,-0.056042243,1.0268564
41,2,-2.0138726,2.0959814,-0.020172488,-0.13342483,2.9908345
41,3,-3.7377594,3.8794594,-0.054535277,-0.21171515,5.5048933
41,4,-5.608459,5.809659,-0.11588746,-0.3224653,8.232332
41,5,-7.5590954,7.8217425,-0.14997202,-0.411866,11.076435
41,6,-9.557325,9.882042,-0.18432924,-0.52261615,14.003927
41,7,-11.496838,11.8925295,-0.23804098,-0.64447683,16.850431
41,8,-13.420306,13.884956,-0.27922064,-0.7561255,19.67357
41,9,-15.379692,15.922414,-0.31985483,-0.86688447,22.553919
41,10,-17.341785,17.967789,-0.36784047,-1.0007544,25.454283
41,11,-19.325932,20.041262,-0.44950294,-1.1454155,28.375956
41,12,-21.343922,22.157034,-0.47691104,-1.2560579,31.362476
41,13,-23.39294,24.313782,-0.49081755,-1.3343391,34.385075
41,14,-25.4644,26.503078,-0.531719,-1.4459789,37.453815
41,15,-27.575876,28.731777,-0.558714,-1.5562842,40.586864
41,16,-29.719517,30.996534,-0.5862543,-1.6679239,43.768867
41,17,-31.890642,33.29178,-0.660695,-1.8120326,46.984966
41,18,-34.014885,35.626682,-0.71577567,-1.946019,50.204967
41,19,-36.07023,38.02575,-0.62818867,-2.1343765,53.5628
41,20,-37.917885,40.292774,-0.09239933,-2.8430715,57.371323
41,21,-39.595844,42.340816,1.6298625,-4.5961647,62.471107
41,22,-40.759956,43.84286,4.489456,-7.949871,68.77496
41,23,-41.34227,44.677475,8.17812,-12.417248,75.57828
41,24,-41.532303,44.966087,12.069226,-17.281471,82.14549
41,25,-41.380405,44.725647,16.735556,-23.060938,89.28877
41,26,-40.900517,43.919548,21.840534,-29.285292,96.4126
41,27,-40.090824,42.516476,27.009172,-35.72407,103.072754
41,28,-38.925987,40.635757,31.225834,-41.595383,108.08903
41,29,-37.619793,38.610886,34.130157,-46.299316,111.165634
41,30,-36.29284,36.5931,37.30005,-50.724876,114.19431
41,31,-34.965176,34.582687,40.589714,-55.104073,117.27001
41,32,-33.70783,32.65614,44.30582,-59.981213,121.110725
41,33,-32.24165,30.388214,48.529434,-65.88597,125.66896
41,34,-30.259457,27.325365,52.983406,-71.94064,129.54965
41,35,-28.09381,24.00273,57.334644,-78.119064,133.14233
41,36,-25.853401,20.56522,62.427887,-84.30488,137.08145
41,37,-23.318151,16.449162,68.24877,-91.28421,141.38947
41,38,-20.41762,11.82564,74.25921,-98.63102,145.47981
41,39,-17.675114,7.7065587,80.551765,-105.91226,150.1924
41,40,-14.881077,3.6196342,87.45408,-113.47575,155.51146
41,41,-12.442267,0.0844059,94.80861,-121.57075,162.18115
41,42,-10.191334,-3.1317887,102.11952,-129.27689,168.89734
41,43,-8.453846,-5.6022015,107.52898,-134.86844,173.67145
41,44,-7.878569,-6.5186577,111.21544,-139.30234,178.36728
41,45,-8.19208,-5.810979,113.20494,-142.2868,182.65512
41,46,-9.0582905,-3.6565728,114.27111,-143.93857,186.78645
41,47,-10.699988,-0.37982273,114.78948,-144.65257,191.21254
41,48,-13.055072,3.7360086,115.02974,-144.85364,196.17493
41,49,-15.8264675,8.409733,115.15245,-144.85364,201.60638
41,50,-18.778837,13.339531,115.28906,-144.8434,207.35486
41,51,-21.791943,18.316772,115.44559,-144.82027,213.18498
41,52,-24.947254,23.351088,115.75099,-144.96439,219.3766
41,53,-28.424826,28.25512,116.87056,-145.8828,226.79233
41,54,-32.391876,32.260353,119.48173,-147.6585,235.44933
41,55,-36.249393,35.662426,123.805,-149.88052,245.03795
41,56,-39.14872,38.8487,129.02397,-153.24861,255.31047
41,57,-41.56883,41.63794,134.07104,-157.07085,265.2066
41,58,-43.965473,44.157467,139.18988,-160.59705,274.71857
41,59,-46.23298,46.277454,144.66841,-163.64647,283.7453
41,60,-47.878536,47.70553,150.80075,-166.366,292.06177
42,1,3.5564828,-4.8476677,2.9466755,-3.9595757,1.0772986
42,2,7.289305,-10.000098,6.6627846,-8.836716,1.321358
42,3,11.23259,-15.478495,10.886395,-14.741475,0.81427777
42,4,15.764055,-21.76506,15.340369,-20.796146,1.057499
42,5,20.49644,-28.28645,19.691608,-26.974567,1.5390873
42,6,25.343313,-34.965927,24.78485,-33.160385,1.8899375
42,7,30.385052,-42.30109,30.605736,-40.139717,2.1726103
42,8,35.77944,-50.012695,36.616173,-47.486523,2.6611402
42,9,41.07668,-57.164326,42.908726,-54.76777,3.0166006
42,10,46.38327,-64.147865,49.811043,-62.33126,3.8793912
42,11,51.30212,-70.56477,57.165573,-70.426254,5.865089
42,12,55.935547,-76.52551,64.47649,-78.13239,8.690783
42,13,59.980305,-81.70424,69.88594,-83.723946,10.109443
42,14,62.651688,-85.52095,73.572395,-88.15784,11.234546
42,15,63.95205,-88.09908,75.561905,-91.14231,12.002082
42,16,64.57181,-89.44191,76.628075,-92.794075,12.513616
42,17,64.72101,-89.7058,77.14645,-93.50808,12.994184
42,18,64.39171,-89.19187,77.3867,-93.70914,13.757747
42,19,63.75412,-88.22998,77.509415,-93.70914,14.806394
42,20,63.000656,-87.10397,77.64603,-93.698906,16.061756
42,21,62.199677,-85.91921,77.80255,-93.67577,17.424522
42,22,61.30884,-84.64458,78.107956,-93.819885,19.141487
42,23,60.30145,-83.365005,79.22752,-94.738304,22.080494
42,24,59.37454,-82.51854,81.83869,-96.514,26.46717
42,25,58.77811,-82.043465,86.161964,-98.73604,32.070507
42,26,58.831047,-82.096085,91.38093,-102.104126,38.207542
42,27,59.31348,-82.59884,96.428,-105.926346,43.836746
42,28,59.9856,-83.238,101.54685,-109.45256,49.137978
42,29,60.98651,-84.083916,107.02537,-112.50197,54.103252
42,30,62.75346,-85.46844,113.157715,-115.221504,58.530624
42,31,64.95059,-87.185196,119.722435,-118.440346,63.062187
42,32,67.14455,-88.96729,126.2129,-121.7952,67.57767
42,33,69.85375,-91.29139,132.5474,-125.19776,71.27506
42,34,72.926956,-94.21279,138.60211,-128.75511,74.20511
42,35,75.62559,-97.054955,144.39098,-132.6883,77.449425
42,36,77.59506,-99.51839,150.02278,-137.16812,81.6289
42,37,79.569176,-102.606155,155.46211,-142.1699,85.58638
42,38,81.67017,-106.19918,160.53813,-147.36157,88.96346
42,39,84.26183,-110.35286,165.21463,-152.85394,91.43138
42,40,87.00451,-114.97559,169.98535,-158.60294,93.75055
42,41,89.4359,-119.48192,174.63054,-164.6286,96.41758
42,42,91.6363,-123.83445,178.82486,-170.52126,98.90148
42,43,93.44753,-127.751884,183.15564,-176.75299,102.21865
42,44,94.77591,-130.77882,187.79796,-183.41255,106.880356
42,45,95.69738,-132.73277,192.76718,-190.03285,112.72021
42,46,96.85233,-135.19014,198.26051,-197.08083,118.80268
42,47,98.24438,-138.19313,204.03954,-204.3273,124.76515
42,48,99.81512,-141.75186,209.70038,-210.94041,129.85309
42,49,101.12568,-144.63332,215.10228,-216.83125,134.91927
42,50,102.45338,-147.22534,220.29584,-222.08635,139.61023
42,51,103.47666,-149.122,224.73418,-227.64609,144.46251
42,52,104.48563,-150.71805,229.83891,-232.24084,149.53064
42,53,105.489075,-151.9688,235.75148,-236.6778,155.3831
42,54,106.67042,-153.27348,241.88242,-240.3748,160.8382
42,55,108.27579,-154.92903,248.01062,-243.17834,165.26877
42,56,110.20355,-156.5793,254.59998,-245.51689,169.58838
42,57,112.10295,-157.95978,261.64282,-247.32799,174.20921
42,58,113.861984,-159.15955,268.6565,-248.55412,178.75327
42,59,114.920395,-159.85753,275.74106,-249.46758,184.10118
42,60,116.12562,-160.61241,282.44385,-250.05809,188.8446
43,1,6.014125,-3.0299437,5.903845,-2.90161,0.16920772
43,2,11.997494,-6.222341,12.394304,-6.256462,0.39827484
43,3,18.484447,-9.918392,18.7288,-9.659027,0.35634017
43,4,25.322647,-14.294806,24.783525,-13.216374,1.2056806
43,5,31.731873,-18.87563,30.572384,-17.14956,2.0793574
43,6,37.125603,-23.47071,36.20418,-21.629383,2.0590057
43,7,42.02565,-28.630379,41.643517,-26.631168,2.0354037
43,8,46.980373,-34.280903,46.71954,-31.822844,2.4718597
43,9,52.55112,-40.277542,51.39604,-37.31521,3.1795642
43,10,58.251858,-46.696106,56.166756,-43.064205,4.1878815
43,11,63.49167,-53.10278,60.811943,-49.08987,4.8253875
43,12,68.33376,-59.356823,65.00626,-54.982525,5.4960656
43,13,72.547264,-65.21121,69.33704,-61.214252,5.126519
43,14,76.03085,-70.25647,73.97937,-67.87382,3.1441398
43,15,78.91996,-74.20713,78.948586,-74.49412,0.28841138
43,16,82.10117,-78.56921,84.441925,-81.5421,3.783809
43,17,85.617195,-83.44433,90.22095,-88.788574,7.053758
43,18,89.35978,-88.84021,95.88178,-95.40168,9.251455
43,19,92.748116,-93.61036,101.28368,-101.29252,11.483531
43,20,96.17564,-97.98914,106.47725,-106.547615,13.392934
43,21,99.21887,-101.71024,110.91558,-112.10736,15.649697
43,22,102.248985,-104.933685,116.02032,-116.70211,18.114784
43,23,105.37182,-107.58497,121.932884,-121.13906,21.40052
43,24,108.736176,-110.112,128.06383,-124.83607,24.297249
43,25,112.59537,-112.809425,134.19202,-127.63962,26.19828
43,26,116.79951,-115.20118,140.78139,-129.97816,28.168953
43,27,120.96432,-117.15033,147.82423,-131.78926,30.590086
43,28,124.889496,-118.84619,154.8379,-133.0154,33.131157
43,29,128.02136,-120.141785,161.92245,-133.92885,36.597366
43,30,131.18077,-121.36286,168.62524,-134.51936,39.688564
43,31,134.54546,-122.57209,175.03926,-135.05354,42.373753
43,32,137.39511,-123.58818,182.20811,-135.59842,46.394516
43,33,140.33502,-124.63978,190.13548,-136.23277,51.13202
43,34,142.77917,-125.57275,198.09828,-137.05458,56.498108
43,35,144.16148,-126.159424,205.86366,-138.26308,62.878113
43,36,144.79991,-126.48856,213.16045,-140.0865,69.69983
43,37,144.6211,-126.37403,219.74896,-142.29759,76.79685
43,38,143.88982,-125.80137,225.6347,-144.67557,83.89554
43,39,143.05482,-125.05961,231.72673,-147.38684,91.43966
43,40,141.5805,-123.701584,238.46745,-150.78584,100.60138
43,41,140.23921,-122.46943,245.41296,-154.72037,110.00746
43,42,139.03569,-121.38219,252.46375,-158.72562,119.417145
43,43,137.18234,-119.752335,259.23392,-162.46265,129.30878
43,44,134.7096,-117.652725,265.8056,-165.37025,139.51031
43,45,131.54848,-115.00351,271.56982,-168.525,149.90172
43,46,128.47481,-112.437805,277.10034,-171.29286,159.85452
43,47,124.949234,-109.4395,281.6001,-173.64352,169.29752
43,48,120.57423,-105.700356,284.6169,-175.158,178.14143
43,49,115.03089,-100.967896,287.0548,-176.32729,187.80647
43,50,109.15146,-95.205826,289.6064,-177.87961,198.49167
43,51,103.648994,-89.48858,293.22128,-180.29031,210.1966
43,52,98.12319,-84.38046,298.2735,-183.05907,223.15378
43,53,93.28342,-80.476364,304.8321,-185.66103,236.2555
43,54,88.93117,-77.33693,312.86578,-188.07538,249.81937
43,55,84.95378,-74.61055,321.8975,-190.64447,263.82983
43,56,81.239235,-72.06762,331.67465,-193.47536,278.31232
43,57,78.18131,-69.95391,342.16626,-196.69926,292.83517
43,58,75.46062,-68.10212,352.77237,-200.4464,307.27322
43,59,73.04208,-66.475746,363.79504,-203.917,321.60126
43,60,70.22763,-64.75762,374.65085,-207.00792,336.0188
44,1,7.01902,-0.79398286,5.79314,-0.47759905,1.2660493
44,2,14.611542,-1.6776109,12.961994,-1.0224762,1.7748827
44,3,22.668602,-2.6351342,20.889359,-1.6568213,2.030469
44,4,31.136177,-3.8329074,28.852165,-2.478636,2.6553268
44,5,39.222065,-5.28254,36.61755,-3.6871295,3.0543137
44,6,47.047455,-7.2976627,43.914333,-5.510551,3.6069682
44,7,54.067993,-9.826253,50.50284,-7.7216454,4.1400127
44,8,60.33821,-12.78102,56.38859,-10.099615,4.773827
44,9,66.23914,-16.022871,62.48061,-12.810896,4.944022
44,10,71.36021,-18.957632,69.22133,-16.209902,3.4820714
44,11,76.63505,-21.971107,76.16685,-20.144423,1.8857332
44,12,82.10871,-25.037931,83.21763,-24.149664,1.4208155
44,13,86.927895,-27.654072,89.98781,-27.886703,3.0687437
44,14,91.15276,-29.853567,96.55947,-30.794312,5.4879403
44,15,94.66288,-31.65228,102.3237,-33.94905,7.997707
44,16,98.35758,-33.53646,107.854225,-36.716915,10.015064
44,17,101.56766,-35.210835,112.353966,-39.067577,11.455082
44,18,103.86251,-36.41496,115.3708,-40.58205,12.239497
44,19,104.88093,-36.948624,117.80869,-41.751335,13.791053
44,20,105.12719,-37.100063,120.360306,-43.303658,16.44787
44,21,105.62441,-37.426228,123.97515,-45.714363,20.13561
44,22,106.504814,-37.932846,129.02739,-48.483116,24.87116
44,23,108.604126,-38.95944,135.58598,-51.08508,29.581274
44,24,111.55723,-40.211224,143.61967,-53.499435,34.707016
44,25,115.06656,-41.600433,152.65137,-56.068527,40.27336
44,26,118.93053,-43.127346,162.42854,-58.899414,46.26916
44,27,123.53426,-44.970608,172.92014,-62.123318,52.27982
44,28,128.6228,-46.965565,183.52626,-65.870445,58.067066
44,29,134.09041,-49.07386,194.54893,-69.341064,63.76514
44,30,139.32452,-50.832256,205.40472,-72.43197,69.52079
44,31,144.54564,-52.43962,216.78546,-75.247734,75.75488
44,32,149.89626,-53.962685,228.60498,-77.68513,82.20595
44,33,156.12509,-55.613102,240.5224,-79.15735,87.61984
44,34,162.64215,-57.301285,252.14523,-80.181984,92.381424
44,35,169.89699,-59.0445,263.80447,-80.91512,96.42065
44,36,177.13277,-60.636906,275.50366,-81.53916,100.56708
44,37,183.79605,-62.075035,287.27737,-82.11782,105.40444
44,38,190.3116,-63.445488,298.96255,-82.518105,110.31226
44,39,196.54306,-64.68057,310.49588,-82.8409,115.39082
44,40,202.5594,-65.85197,321.69073,-83.230415,120.39221
44,41,207.13667,-66.97992,332.464,-83.662544,126.43277
44,42,210.30634,-67.893654,343.0119,-84.15125,133.69771
44,43,212.63068,-68.63695,353.3638,-84.71932,141.64906
44,44,215.08304,-69.51037,363.68256,-85.31828,149.43797
44,45,217.92448,-70.46064,374.265,-85.941574,157.10513
44,46,221.21301,-71.51358,384.83542,-86.58747,164.31529
44,47,224.19267,-72.4459,395.67725,-87.14292,172.11322
44,48,226.50436,-73.25003,406.95847,-87.83189,181.0423
44,49,228.42659,-73.92204,418.27625,-88.42078,190.40248
44,50,230.57187,-74.71868,429.4681,-89.21001,199.42346
44,51,232.64586,-75.60194,440.6417,-90.53289,208.53105
44,52,234.6709,-76.54922,452.0147,-92.108,217.9
44,53,236.86676,-77.65103,463.6172,-93.92004,227.33331
44,54,238.61826,-78.58358,475.1057,-95.41449,237.08563
44,55,239.687,-79.17597,486.33514,-97.12423,247.30032
44,56,240.65158,-79.68597,497.34396,-98.892494,257.4099
44,57,241.17593,-79.958824,508.4709,-100.30573,268.06827
44,58,240.89545,-79.80861,519.8269,-102.00479,279.8132
44,59,240.4523,-79.5466,531.1395,-104.30297,291.7395
44,60,240.31958,-79.46157,542.0725,-107.36539,303.04034
45,1,7.9471664,-2.0289323,10.252499,-2.5251312,2.3581285
45,2,16.113483,-3.9439828,22.072014,-4.962524,6.0449576
45,3,25.35823,-5.9291825,33.989433,-6.434745,8.645996
45,4,34.868256,-7.9170237,45.612267,-7.4593825,10.753753
45,5,45.325512,-9.91132,57.27152,-8.192514,12.069025
45,6,55.70046,-11.684267,68.9707,-8.816558,13.576567
45,7,65.58265,-13.331823,80.74442,-9.395212,15.664491
45,8,75.3631,-14.909637,92.42959,-9.795501,17.816269
45,9,85.00261,-16.349728,103.96292,-10.118289,19.958063
45,10,94.54401,-17.742308,115.157776,-10.507809,21.846407
45,11,102.70932,-19.348616,125.931015,-10.93994,24.697226
45,12,109.53961,-20.971659,136.47894,-11.428648,28.579653
45,13,115.6845,-22.620422,146.83086,-11.996715,32.908337
45,14,121.958435,-24.525335,157.1496,-12.595676,37.158237
45,15,128.84163,-26.470184,167.73204,-13.218969,41.085995
45,16,136.23257,-28.456158,178.30246,-13.864867,44.52843
45,17,143.36565,-30.322235,189.14427,-14.42032,48.461876
45,18,149.93466,-32.263878,200.4255,-15.109283,53.325466
45,19,156.12286,-34.10345,211.74329,-15.698172,58.586567
45,20,162.52992,-36.14307,222.93515,-16.4874,63.522728
45,21,168.85623,-38.49,234.10875,-17.810282,68.45102
45,22,175.10602,-41.060307,245.48175,-19.385395,73.63793
45,23,181.49014,-43.893642,257.08423,-21.197428,78.92771
45,24,187.4124,-46.695354,268.57275,-22.691889,84.635506
45,25,192.60298,-49.259026,279.8022,-24.40162,90.673
45,26,197.71645,-51.66005,290.811,-26.169886,96.52122
45,27,202.38701,-53.815907,301.93793,-27.58313,102.94923
45,28,206.24167,-55.650997,313.2939,-29.282188,110.251976
45,29,209.83647,-57.552692,324.60657,-31.580366,117.67216
45,30,213.65022,-59.74848,335.53952,-34.642784,124.44797
45,31,217.39316,-62.29071,346.02322,-38.601658,130.79321
45,32,220.1114,-64.35262,356.13782,-43.151608,137.66869
45,33,222.15862,-66.08227,365.8628,-48.13266,144.82085
45,34,224.59012,-68.20412,375.32217,-53.397465,151.45755
45,35,226.1754,-69.59402,384.60132,-58.657425,158.80296
45,36,226.93703,-70.26676,393.73724,-63.861588,166.92316
45,37,226.89908,-70.23437,402.74454,-68.932076,175.85028
45,38,226.6833,-70.06048,411.64767,-73.71524,185.00047
45,39,226.7848,-70.13772,420.04333,-78.131454,193.42378
45,40,226.38432,-69.83838,427.28247,-81.88273,201.25887
45,41,224.62154,-68.55962,432.9803,-84.70178,208.98311
45,42,221.50235,-66.4206,436.68604,-86.44972,216.11382
45,43,217.27008,-63.56668,438.19272,-87.14225,222.177
45,44,212.1482,-60.12402,438.74792,-87.39887,228.2353
45,45,206.37448,-56.25468,438.7894,-87.477165,234.50275
45,46,200.13437,-52.077652,438.77603,-87.58836,241.26926
45,47,193.65422,-47.738647,438.7624,-87.721794,248.34787
45,48,187.01276,-43.292862,438.74847,-87.855225,255.64952
45,49,180.26938,-38.790382,438.72858,-88.0109,263.1042
45,50,173.44545,-34.2188,438.70786,-88.14444,270.6882
45,51,166.55057,-29.595596,438.6874,-88.28889,278.39426
45,52,159.7526,-25.033169,438.6604,-88.43344,286.023
45,53,152.9552,-20.462109,438.65305,-88.56688,293.7031
45,54,146.13745,-15.860113,438.63287,-88.68919,301.42603
45,55,139.28616,-11.221614,438.62604,-88.778145,309.22382
45,56,132.38315,-6.533492,438.61923,-88.8671,317.11096
45,57,125.46143,-1.809072,438.61923,-88.945045,325.0546
45,58,118.50491,2.9418888,438.6124,-89.0121,333.05304
45,59,111.51589,7.709051,438.61267,-89.08949,341.11914
45,60,104.50269,12.519066,438.6124,-89.15621,349.23798
46,1,11.3487,-4.8623376,9.396553,-3.5895205,2.3304377
46,2,22.697432,-10.491739,19.511143,-8.139468,3.960507
46,3,33.800407,-16.734158,29.236115,-13.120524,5.8216076
46,4,45.547905,-23.582413,38.695488,-18.385328,8.600308
46,5,57.19152,-30.405497,47.97465,-23.645288,11.430271
46,6,68.507706,-37.09284,57.110565,-28.84945,14.065855
46,7,79.729256,-43.471764,66.11787,-33.919937,16.628508
46,8,91.48889,-49.722366,75.021,-38.7031,19.81453
46,9,103.85338,-55.859306,83.41666,-43.119316,24.082504
46,10,115.89058,-61.70507,90.65579,-46.87059,29.272108
46,11,126.6546,-66.743835,96.35361,-49.689644,34.770615
46,12,136.20248,-70.90886,100.059364,-51.437588,41.0543
46,13,144.74356,-74.55543,101.56604,-52.130108,48.653812
46,14,152.53683,-77.86894,102.121254,-52.386738,56.489586
46,15,159.85765,-80.969765,102.16271,-52.465027,64.352356
46,16,166.90837,-83.951706,102.149345,-52.57622,71.95938
46,17,173.84763,-86.887634,102.13571,-52.709656,79.440125
46,18,180.67825,-89.77658,102.1218,-52.84309,86.80552
46,19,187.40733,-92.61321,102.1019,-52.998764,94.054886
46,20,194.03584,-95.419556,102.08118,-53.132305,101.21201
46,21,200.58339,-98.19478,102.06072,-53.276752,108.279015
46,22,207.24417,-101.021355,102.03372,-53.421303,115.47728
46,23,213.90312,-103.85435,102.02636,-53.55474,122.66402
46,24,220.5271,-106.68607,102.00618,-53.67705,129.83514
46,25,227.10312,-109.50812,101.99936,-53.76601,136.96033
46,26,233.61037,-112.31181,101.992546,-53.854965,144.01547
46,27,240.07848,-115.11653,101.992546,-53.932907,151.03365
46,28,246.5058,-117.90565,101.985725,-53.99996,158.01895
46,29,252.90193,-120.67678,101.986,-54.07736,164.95787
46,30,259.2506,-123.446686,101.985725,-54.14407,171.85779
46,31,265.5644,-126.20626,101.97891,-54.211235,178.72742
46,32,271.85712,-128.96074,101.97891,-54.288628,185.56543
46,33,278.10803,-131.70747,101.97891,-54.344666,192.37065
46,34,284.37396,-134.47275,101.96528,-54.42206,199.201
46,35,290.63513,-137.25066,101.944824,-54.48922,206.04245
46,36,296.8581,-140.03651,101.92437,-54.566505,212.848
46,37,303.04233,-142.81277,101.903915,-54.633774,219.6183
46,38,309.30783,-145.622,101.87665,-54.722282,226.47395
46,39,315.56308,-148.42145,101.84937,-54.80012,233.3206
46,40,321.78485,-151.21259,101.83574,-54.866844,240.12521
46,41,327.97162,-153.9916,101.81556,-54.933556,246.8989
46,42,334.13657,-156.76738,101.80165,-54.978477,253.65428
46,43,340.2948,-159.54767,101.78802,-55.034077,260.4008
46,44,346.43918,-162.32089,101.781204,-55.089336,267.12567
46,45,352.6276,-165.10983,101.76756,-55.133705,273.90784
46,46,358.8184,-167.9045,101.76075,-55.15683,280.69675
46,47,364.98773,-170.69118,101.76756,-55.18931,287.44656
46,48,371.15082,-173.48251,101.76756,-55.211987,294.20273
46,49,377.29056,-176.26929,101.76756,-55.245346,300.93143
46,50,383.38202,-179.0552,101.76756,-55.278706,307.61554
46,51,389.42343,-181.84496,101.76791,-55.311512,314.2553
46,52,395.42258,-184.62253,101.77438,-55.3343,320.84998
46,53,401.41617,-187.41095,101.77411,-55.367214,327.44604
46,54,407.3779,-190.20393,101.76102,-55.3899,334.0307
46,55,413.3194,-192.9762,101.76075,-55.41214,340.57697
46,56,419.23074,-195.73383,101.75393,-55.445496,347.09125
46,57,425.1262,-198.5,101.74684,-55.478855,353.59476
46,58,431.00436,-201.26385,101.740295,-55.512215,360.08105
46,59,436.96066,-204.06865,101.740295,-55.545235,366.64957
46,60,442.90085,-206.87096,101.740295,-55.56781,373.2066
47,1,-0.5873077,0.32760772,0.0,-0.022683764,0.683838
47,2,-2.016183,1.1227462,0.0136351,-0.033803258,2.3361866
47,3,-3.8308177,2.132852,0.00681755,-0.056042243,4.417998
47,4,-5.744516,3.2007735,0.00681755,-0.089400716,6.6259403
47,5,-7.691208,4.288625,-1.3054613e-10,-0.1227592,8.866509
47,6,-9.664511,5.3932424,-0.0068175504,-0.15611768,11.138512
47,7,-11.693804,6.5293803,-0.0068175504,-0.17835666,13.47514
47,8,-13.765436,7.691694,-0.013635101,-0.22283463,15.866689
47,9,-15.880943,8.879139,-0.02045265,-0.2561931,18.303263
47,10,-18.03608,10.08896,-0.02045265,-0.2779873,20.785486
47,11,-20.216864,11.317972,-0.027270202,-0.30001053,23.293716
47,12,-22.410591,12.560928,-0.03381505,-0.3224653,25.820572
47,13,-24.632877,13.826205,-0.040905304,-0.34514904,28.38296
47,14,-26.813871,15.077073,-0.0681755,-0.389627,30.89581
47,15,-28.969131,16.31714,-0.09544571,-0.4452245,33.386623
47,16,-31.124424,17.558096,-0.12271591,-0.50082195,35.877995
47,17,-33.29265,18.811493,-0.14998612,-0.55641943,38.38687
47,18,-35.48709,20.082626,-0.17698361,-0.6008974,40.92202
47,19,-37.67115,21.349571,-0.18380116,-0.6453754,43.46354
47,20,-39.87153,22.629198,-0.19089141,-0.68940854,46.02511
47,21,-42.10318,23.927855,-0.19770896,-0.7232118,48.618347
47,22,-44.345776,25.233215,-0.20452651,-0.7565703,51.2242
47,23,-46.605408,26.548483,-0.21134408,-0.811723,53.860836
47,24,-48.839005,27.849188,-0.23152672,-0.8566457,56.45097
47,25,-51.090027,29.159706,-0.23861428,-0.9122432,59.077816
47,26,-53.37582,30.487295,-0.23861428,-0.9567211,61.743736
47,27,-55.696255,31.834085,-0.22497918,-0.99007964,64.45532
47,28,-58.062508,33.20731,-0.20452651,-1.0229933,67.22544
47,29,-60.471184,34.607555,-0.17725632,-1.0456771,70.046486
47,30,-62.918896,36.034092,-0.15025611,-1.0790355,72.91972
47,31,-65.39384,37.476967,-0.12953345,-1.1123941,75.81931
47,32,-67.91075,38.94635,-0.10226325,-1.1235136,78.76284
47,33,-70.42236,40.42034,-0.07499304,-1.1457525,81.70981
47,34,-72.93087,41.89822,-0.047722835,-1.1679915,84.65608
47,35,-75.490845,43.41262,-0.0068175234,-1.179111,87.671326
47,36,-78.09669,44.958168,0.040905338,-1.1679915,90.736465
47,37,-80.75985,46.528313,0.088421606,-1.156872,93.863304
47,38,-83.46245,48.120277,0.12271596,-1.156872,97.02947
47,39,-86.10171,49.68534,0.17691886,-1.1457525,100.13891
47,40,-88.418175,51.07162,0.49552128,-1.3227837,103.202805
47,41,-90.46632,52.294823,1.4944074,-1.7430917,106.662415
47,42,-92.39224,53.419334,3.453772,-2.531686,110.98187
47,43,-93.99192,54.358425,6.733016,-3.973662,116.3965
47,44,-95.108376,55.0741,11.39668,-6.208154,122.87734
47,45,-95.73521,55.48413,16.88518,-8.864015,129.7075
47,46,-95.78543,55.516342,22.901815,-11.4206085,136.26158
47,47,-95.21854,55.14063,29.717192,-14.321671,142.94736
47,48,-94.16467,54.425835,36.346336,-17.245888,148.89581
47,49,-92.76273,53.411636,42.443157,-20.148521,153.92119
47,50,-91.395294,52.307804,47.940582,-23.02847,158.39836
47,51,-90.50786,51.488945,52.955696,-25.92791,163.0189
47,52,-90.13691,51.12824,57.63256,-28.78617,167.99443
47,53,-89.886116,50.89276,62.747017,-31.856012,173.62094
47,54,-89.29084,50.364693,68.40481,-35.081554,179.35713
47,55,-88.39716,49.64776,74.39609,-37.98089,184.87949
47,56,-86.719666,48.45719,81.27034,-41.023525,190.33508
47,57,-84.5347,46.953827,89.02566,-44.618675,196.23639
47,58,-81.87768,45.067513,97.463905,-48.59841,202.32823
47,59,-78.95109,42.957733,106.04763,-52.82266,208.32285
47,60,-76.56728,41.245102,114.65694,-57.56804,215.24576
48,1,-0.3618903,0.19994646,0.020452654,-0.033358477,0.44790325
48,2,-1.1387217,0.6265067,0.04772286,-0.04447797,1.3630373
48,3,-2.002439,1.1009539,0.07499307,-0.066716954,2.383103
48,4,-2.917345,1.6050438,0.10226327,-0.08895594,3.4623213
48,5,-3.902172,2.1499724,0.14316858,-0.10007543,4.6289845
48,6,-4.9484577,2.7304673,0.19089144,-0.08895594,5.8619156
48,7,-6.0653477,3.3463204,0.23840772,-0.07783645,7.1737146
48,8,-7.236255,3.9913585,0.27270207,-0.07783645,8.540655
48,9,-8.374552,4.622775,0.32690498,-0.066716954,9.884669
48,10,-9.208509,5.089773,0.6455074,-0.24374808,11.204825
48,11,-9.777228,5.407571,1.6443936,-0.6640561,12.93515
48,12,-10.208107,5.642781,3.6037583,-1.4526505,15.527806
48,13,-10.301998,5.6943226,6.883002,-2.8946264,19.211826
48,14,-9.933595,5.472871,11.546665,-5.129119,23.9542
48,15,-9.061175,4.937426,17.035166,-7.7849793,29.032372
48,16,-7.5784483,4.045687,23.051802,-10.341573,33.840885
48,17,-5.4649167,2.730942,29.867176,-13.242635,38.775146
48,18,-2.8457255,1.0625173,36.496323,-16.166853,42.949364
48,19,0.11871028,-0.954574,42.593143,-19.069485,46.17605
48,20,3.0744066,-3.2030368,48.09057,-21.949434,48.763535
48,21,5.515957,-5.3290477,53.105682,-24.848873,51.437397
48,22,7.425669,-7.0818896,57.782547,-27.707134,54.417053
48,23,9.273134,-8.718992,62.897003,-30.776976,57.983395
48,24,11.51741,-10.597221,68.554794,-34.002518,61.65283
48,25,14.131479,-12.573323,74.546074,-36.90185,65.12911
48,26,17.616688,-14.898901,81.42033,-39.94449,68.54331
48,27,21.636473,-17.497374,89.175644,-43.53964,72.38604
48,28,26.123579,-20.492384,97.61389,-47.519375,76.42855
48,29,30.879848,-23.71716,106.19762,-51.74362,80.36323
48,30,35.08722,-26.55985,114.80692,-56.489006,85.15272
48,31,38.947723,-29.15506,123.365425,-61.53483,90.41459
48,32,42.889606,-31.888184,131.6216,-66.397156,95.20628
48,33,47.386143,-35.089233,139.89603,-71.46676,99.40525
48,34,52.433357,-38.770985,148.60272,-76.27127,103.22218
48,35,57.694466,-42.62579,157.10258,-80.937904,106.53541
48,36,62.884014,-46.500282,166.05348,-85.83359,110.41307
48,37,68.0993,-50.497528,175.59114,-91.32395,114.98388
48,38,72.52561,-54.014748,184.93423,-96.96601,120.33499
48,39,77.06343,-57.750214,194.14941,-102.47769,125.33824
48,40,81.983154,-61.817947,203.54707,-107.798744,129.9693
48,41,87.4545,-66.26276,213.3107,-113.16396,134.31123
48,42,92.81028,-70.68004,223.3706,-118.563515,139.06412
48,43,98.14563,-75.11439,233.62668,-124.026375,144.03992
48,44,103.85424,-79.99267,243.83308,-129.99622,148.64197
48,45,108.63989,-84.20001,253.54454,-136.25604,153.97139
48,46,112.59941,-87.63729,263.44733,-142.38263,160.47475
48,47,116.62772,-91.17095,273.8941,-148.70435,167.45987
48,48,120.91558,-94.927315,284.81802,-155.26842,174.65697
48,49,125.48211,-99.01262,295.8122,-162.0794,181.63081
48,50,130.24763,-103.477844,307.02988,-168.97804,188.52649
48,51,134.51346,-107.465675,317.90616,-175.77249,195.70055
48,52,138.61765,-111.2021,328.03333,-182.41217,202.35902
48,53,143.03487,-115.23522,337.2551,-188.95042,207.73885
48,54,148.41785,-120.21679,346.25333,-195.46457,211.66272
48,55,153.36002,-125.174904,355.42267,-202.42458,216.32574
48,56,158.58478,-130.58669,364.87927,-209.68384,220.9384
48,57,163.62672,-135.86195,374.05438,-217.02783,225.53868
48,58,168.42163,-140.49548,383.18576,-224.09692,230.46222
48,59,172.88354,-144.76115,392.62042,-231.16786,236.11525
48,60,177.62631,-149.12433,402.72397,-238.25905,242.10318
49,1,5.976733,-3.6220908,7.6984715,-4.5238543,1.9435947
49,2,12.258085,-7.568432,15.954633,-9.386187,4.1193075
49,3,19.096457,-11.985426,24.229074,-14.455785,5.696178
49,4,26.468163,-16.86854,32.935764,-19.260296,6.8956776
49,5,34.008213,-21.88665,41.435635,-23.926933,7.7025547
49,6,41.464813,-26.946482,50.386528,-28.822615,9.116845
49,7,48.970776,-32.179432,59.92418,-34.312977,11.159259
49,8,55.663013,-37.02132,69.26727,-39.955036,13.916988
49,9,62.381786,-42.06144,78.48247,-45.466717,16.456848
49,10,69.422806,-47.367134,87.88011,-50.787773,18.771599
49,11,76.99435,-52.97071,97.643745,-56.152992,20.893171
49,12,84.37977,-58.52181,107.70364,-61.552544,23.51996
49,13,91.680984,-64.05283,117.95972,-67.0154,26.4452
49,14,99.249275,-69.95102,128.16612,-72.98524,29.075602
49,15,105.839355,-75.23735,137.87758,-79.24506,32.287914
49,16,111.52582,-79.74055,147.78035,-85.37166,36.689243
49,17,117.23468,-84.30968,158.22714,-91.693375,41.65214
49,18,123.19571,-89.07422,169.15106,-98.25744,46.86391
49,19,129.41522,-94.15239,180.14523,-105.068436,51.891174
49,20,135.79141,-99.608086,191.36293,-111.967064,56.929237
49,21,141.64261,-104.60296,202.23921,-118.76152,62.228718
49,22,147.29321,-109.29907,212.36636,-125.40119,67.03576
49,23,153.22375,-114.24237,221.58813,-131.93945,70.61781
49,24,160.13948,-120.08598,230.58636,-138.4536,72.80201
49,25,166.55553,-125.966675,239.75572,-145.4136,75.739365
49,26,173.21527,-132.26936,249.21233,-152.67285,78.68834
49,27,179.60727,-138.3799,258.38742,-160.01686,81.69743
49,28,185.7517,-143.80347,267.5188,-167.08594,85.01725
49,29,191.43906,-148.76955,276.95346,-174.15689,89.20331
49,30,197.37111,-153.75203,287.057,-181.24808,93.806145
49,31,203.06906,-157.37128,297.94525,-187.90411,99.668175
49,32,208.86684,-160.75941,309.5663,-194.30913,106.141266
49,33,215.19632,-164.09369,321.7901,-200.54564,112.65424
49,34,220.82367,-166.78302,334.6666,-206.2929,120.50412
49,35,226.07996,-168.94998,346.85968,-211.65332,128.10666
49,36,230.99658,-170.78079,358.62885,-216.3324,135.51732
49,37,236.11615,-172.64658,370.38486,-220.36922,142.4975
49,38,240.93224,-174.4502,381.407,-224.21924,149.0306
49,39,244.97617,-176.0267,391.79892,-227.79082,155.68059
49,40,248.13757,-177.22372,401.45273,-231.01515,162.47786
49,41,250.12762,-178.0036,410.68246,-233.70728,169.94339
49,42,250.65239,-178.22002,419.66852,-236.22162,178.69145
49,43,250.4768,-178.1443,428.6217,-238.82515,188.19609
49,44,249.62314,-177.7731,438.05383,-241.43576,198.89459
49,45,248.9039,-177.45718,448.0901,-244.25214,210.08737
49,46,248.18063,-177.14938,458.79025,-247.22502,221.96172
49,47,247.1411,-176.72357,469.74554,-250.29811,234.44818
49,48,246.03772,-176.25899,480.82297,-253.2669,247.09175
49,49,244.9681,-175.80893,492.57224,-255.97276,260.25766
49,50,243.56815,-175.22559,505.0017,-258.5171,274.3811
49,51,241.77415,-174.47842,517.38135,-260.94766,288.85333
49,52,240.02744,-173.76843,529.5754,-263.34296,303.0868
49,53,238.91048,-173.29865,541.7402,-265.9309,316.68054
49,54,236.7873,-172.45035,553.91565,-268.55756,331.37137
49,55,234.53249,-171.61551,565.7945,-270.938,345.83157
49,56,231.57478,-170.56734,577.2385,-273.01724,360.52658
49,57,228.29013,-169.302,588.40546,-274.69907,375.22205
49,58,223.51985,-167.56808,599.25745,-276.1769,391.11972
49,59,218.83205,-165.95589,610.07355,-277.6022,406.8597
49,60,214.1968,-164.4531,621.22754,-278.97034,422.8336
50,1,9.895358,-5.3321333,9.815325,-5.9733696,0.6462115
50,2,20.254719,-10.519895,21.43638,-12.378391,2.2023475
50,3,31.409245,-15.472811,33.660168,-18.614899,3.8651483
50,4,42.499886,-19.885557,46.536663,-24.362144,6.0278854
50,5,54.117016,-23.785885,58.729736,-29.722576,7.518078
50,6,65.929,-27.302437,70.49891,-34.401657,8.442925
50,7,78.03788,-30.815504,82.25493,-38.43848,8.711674
50,8,90.2281,-34.46943,93.27708,-42.28849,8.392494
50,9,101.91612,-38.144115,103.66898,-45.860073,7.9125547
50,10,113.03566,-41.52105,113.322784,-49.08441,7.56881
50,11,123.21355,-44.740765,122.55252,-51.77653,7.0667505
50,12,132.08041,-47.718918,131.53859,-54.29087,6.59425
50,13,140.39038,-50.65894,140.49179,-56.89441,6.2362943
50,14,148.18846,-53.44425,149.92389,-59.505024,6.304341
50,15,156.19366,-56.336998,159.96017,-62.321396,7.0710406
50,16,164.34804,-59.177944,170.66032,-65.29428,8.789455
50,17,172.33875,-61.84076,181.61562,-68.36738,11.3427105
50,18,180.25583,-64.56508,192.69302,-71.33617,14.1609125
50,19,188.21251,-67.300835,204.44229,-74.042015,17.57411
50,20,195.922,-69.921776,216.87178,-76.58634,21.98431
50,21,203.30586,-72.43054,229.25142,-79.01691,26.768492
50,22,210.74922,-74.888626,241.44545,-81.4122,31.38177
50,23,218.81943,-77.66208,253.61024,-84.00017,35.363434
50,24,225.99419,-79.98413,265.7857,-86.6268,40.342163
50,25,233.17776,-82.108154,277.66458,-89.00726,45.0186
50,26,239.72256,-83.94396,289.10858,-91.086494,49.899845
50,27,245.89308,-85.85675,300.27554,-92.76832,54.819904
50,28,250.66666,-87.237305,311.12753,-94.24618,60.86577
50,29,255.58868,-88.568474,321.9436,-95.671455,66.734
50,30,260.63214,-89.83699,333.0976,-97.03959,72.822525
50,31,265.48697,-91.01199,343.9599,-98.087,78.79122
50,32,269.31192,-91.74767,354.29846,-98.67811,85.268654
50,33,273.38614,-92.209045,364.05014,-98.68078,90.89469
50,34,277.27353,-92.429085,373.31766,-98.21512,96.218254
50,35,280.33597,-92.47322,382.16235,-97.2388,101.93784
50,36,283.777,-92.356026,390.54977,-95.65373,106.823685
50,37,286.09204,-92.18898,398.71744,-93.47651,112.63276
50,38,287.74167,-92.03382,407.37225,-90.8206,119.636734
50,39,289.04062,-91.972084,416.88892,-88.02697,127.90915
50,40,289.8027,-92.00008,426.72647,-85.445465,137.08057
50,41,291.25833,-92.16061,436.5043,-83.50756,145.5035
50,42,291.12756,-92.118,446.1526,-83.13172,155.28526
50,43,289.84515,-91.18582,455.0837,-85.59079,165.33325
50,44,288.503,-88.92266,461.90485,-91.235435,173.41728
50,45,288.0373,-85.88804,465.85034,-99.36618,178.32314
50,46,288.12506,-83.255974,467.09995,-109.091736,180.83002
50,47,288.00943,-80.7116,467.99634,-119.0553,184.0259
50,48,287.44553,-78.688736,470.36075,-128.48805,189.57307
50,49,286.66714,-77.3478,475.62497,-136.93272,198.1298
50,50,285.421,-75.920265,483.6343,-144.0194,209.58533
50,51,284.7686,-75.2338,493.00778,-151.00845,221.59729
50,52,284.3095,-74.771385,502.9993,-158.06287,234.01431
50,53,284.0221,-74.505066,513.0563,-165.02412,246.27293
50,54,283.48993,-74.03351,523.007,-171.93668,258.7537
50,55,282.9595,-73.587,532.9628,-178.59666,271.16174
50,56,282.47696,-73.20711,543.0285,-184.99739,283.52103
50,57,281.56494,-72.485725,553.07104,-191.50008,296.44556
50,58,280.1047,-71.31037,563.68756,-198.62077,310.84912
50,59,278.76526,-70.18034,574.96515,-206.56053,326.08884
50,60,276.92465,-68.61967,586.5815,-214.84085,342.44412
51,1,11.70024,-1.3683262,9.751672,-0.91402227,2.0008276
51,2,23.674213,-2.1938584,20.090239,-1.5051346,3.64955
51,3,36.07748,-2.0810575,29.841913,-1.5078032,6.2618623
51,4,49.26589,-1.2205096,39.109417,-1.0421458,10.158037
51,5,61.952652,0.1458466,47.95411,-0.06582739,14.000143
51,6,75.217026,2.22848,56.341557,1.5192442,18.888788
51,7,87.9652,4.729493,64.50919,3.6964629,23.478745
51,8,100.57816,7.490115,73.16402,6.3523703,27.437744
51,9,113.50752,9.698728,82.68069,9.146005,30.83179
51,10,126.38014,10.795313,92.51824,11.727507,33.87473
51,11,140.13312,10.958346,102.29607,13.665412,37.93377
51,12,152.24547,8.587596,111.94435,14.04125,40.668446
51,13,161.92665,3.2121973,120.87547,11.582185,41.895775
51,14,168.15903,-4.86825,127.6966,5.9375362,41.88046
51,15,170.84726,-14.433784,131.6421,-2.1932087,41.071594
51,16,171.76547,-24.798344,132.89171,-11.918762,40.95184
51,17,173.52681,-35.239864,133.78809,-21.882322,41.923622
51,18,177.76665,-45.45082,136.15251,-31.315077,43.949467
51,19,184.77625,-54.716892,141.41673,-39.759747,45.866802
51,20,193.23201,-62.306053,149.42607,-46.846424,46.453854
51,21,202.74605,-70.14443,158.79955,-53.835476,46.875122
51,22,212.69069,-77.97984,168.79108,-60.889896,47.108833
51,23,223.19447,-85.5683,178.84805,-67.85114,47.75461
51,24,233.65118,-92.77415,188.79878,-74.76371,48.333363
51,25,244.35513,-99.756905,198.7546,-81.42369,49.1479
51,26,255.37538,-106.44144,208.82025,-87.824425,50.139538
51,27,265.9527,-112.89039,218.86282,-94.3271,50.616714
51,28,275.91528,-119.08154,229.4793,-101.44779,49.67142
51,29,285.91055,-125.61726,240.7569,-109.38756,47.98183
51,30,295.37405,-131.83894,252.37328,-117.667885,45.275665
51,31,305.07278,-138.30676,264.00125,-125.95583,42.888416
51,32,314.6741,-145.01854,275.30386,-134.39148,40.779285
51,33,323.6155,-151.26176,286.3326,-143.1769,38.149437
51,34,332.15256,-157.12598,297.0967,-152.29251,35.387497
51,35,339.86203,-162.68924,307.50934,-161.64655,32.369488
51,36,347.48944,-168.48859,317.9106,-171.27393,29.70968
51,37,355.9498,-174.80173,328.30722,-181.00221,28.329458
51,38,364.48633,-180.996,338.71313,-190.74329,27.5548
51,39,372.46973,-186.81506,349.03586,-200.4075,27.0906
51,40,379.44672,-192.04076,359.26373,-210.03735,27.041271
51,41,386.32162,-197.6629,369.3483,-219.6763,27.797184
51,42,392.3598,-203.10988,379.20908,-229.39468,29.39103
51,43,398.97983,-209.23682,388.8513,-239.15761,31.588623
51,44,405.5241,-215.43027,398.21588,-249.02974,34.385094
51,45,411.2791,-221.1975,407.21075,-259.0147,38.03542
51,46,417.12305,-227.22433,415.8624,-269.15622,41.950832
51,47,422.96793,-233.6978,424.32483,-279.27585,45.598244
51,48,428.4518,-239.96124,432.48782,-289.52667,49.72948
51,49,433.6458,-246.45291,440.34402,-300.0884,54.052128
51,50,438.86185,-253.39693,447.97522,-310.86365,58.184856
51,51,443.50443,-259.63715,455.3669,-321.65,63.137245
51,52,448.65536,-266.7281,462.34805,-332.445,67.12826
51,53,453.67004,-273.70953,469.00787,-343.35522,71.3146
51,54,458.4743,-280.26254,475.34314,-354.13174,75.77082
51,55,463.05737,-286.53073,481.515,-364.80582,80.421844
51,56,467.7094,-292.72513,487.60944,-375.31357,84.95211
51,57,472.40298,-299.53525,493.6032,-385.62222,88.65899
51,58,476.60593,-305.93076,499.31906,-394.94614,91.867424
51,59,480.54312,-311.55365,504.26395,-402.65396,94.1379
51,60,483.61426,-315.79102,508.21783,-408.71387,96.12488
52,1,9.882112,-7.0559506,10.4291525,-7.4313745,0.66347337
52,2,20.01399,-14.635512,21.731743,-15.867026,2.1135988
52,3,30.195047,-22.227764,32.7605,-24.652437,3.529957
52,4,40.683895,-29.92272,43.52461,-33.768063,4.7808275
52,5,50.739304,-37.665127,53.93722,-43.122086,6.324957
52,6,60.831432,-45.845528,64.338486,-52.749474,7.7436357
52,7,71.73059,-54.51851,74.7351,-62.477757,8.507449
52,8,82.71072,-63.018948,85.141014,-72.21883,9.515468
52,9,93.2154,-71.18738,95.46376,-81.88305,10.929433
52,10,102.76244,-78.8123,105.69161,-91.5129,13.034004
52,11,112.05236,-86.90386,115.77618,-101.15185,14.726571
52,12,120.445694,-94.96229,125.63697,-110.87023,16.73356
52,13,129.36238,-103.74468,135.27919,-120.63315,17.894941
52,14,138.20737,-112.6525,144.64378,-130.5053,18.977615
52,15,146.25845,-121.23841,153.63864,-140.49025,20.617964
52,16,154.33649,-130.1046,162.29028,-150.63176,22.01425
52,17,162.3104,-139.50764,170.75272,-160.75139,22.859777
52,18,169.89156,-148.72958,178.91571,-171.00223,24.031355
52,19,177.06781,-158.29341,186.7719,-181.56396,25.212854
52,20,184.1515,-168.36061,194.40312,-192.33917,26.078096
52,21,190.6807,-177.7312,201.79478,-203.12553,27.719942
52,22,197.64064,-187.96687,208.77594,-213.92056,28.241615
52,23,204.4622,-198.11507,215.43576,-224.83075,28.881598
52,24,211.11107,-207.80148,221.77101,-235.60728,29.779137
52,25,217.54788,-217.20483,227.9429,-246.28134,30.878792
52,26,224.07564,-226.4838,234.03732,-256.78912,31.900597
52,27,230.4895,-236.43832,240.0311,-267.09778,32.10988
52,28,236.37248,-246.02672,245.74695,-276.4217,31.807783
52,29,242.1087,-254.78607,250.69183,-284.12952,30.572992
52,30,247.07362,-262.10458,254.64572,-290.1894,29.08768
52,31,251.09955,-267.99158,257.72482,-294.92157,27.73299
52,32,254.14978,-272.4044,259.75476,-298.02954,26.23098
52,33,256.50073,-275.7408,261.04565,-299.89005,24.57319
52,34,258.0745,-278.01532,261.72943,-300.8281,23.103706
52,35,258.9486,-279.28665,262.20016,-301.49515,22.445265
52,36,259.44727,-280.00613,262.92786,-302.48267,22.744429
52,37,260.0359,-280.8368,263.84128,-303.77164,23.248402
52,38,260.6845,-281.7328,264.8777,-305.2056,23.844402
52,39,261.55713,-282.92404,265.97522,-306.6507,24.134491
52,40,262.54324,-284.22015,267.07986,-308.04156,24.249548
52,41,263.6106,-285.59738,268.09302,-309.29437,24.117203
52,42,264.88196,-287.2219,268.96915,-310.32147,23.458382
52,43,266.24915,-288.93085,269.95728,-311.48856,22.860456
52,44,267.78314,-290.78394,271.41348,-313.1427,22.651573
52,45,269.70822,-292.85953,274.11765,-316.0758,23.631304
52,46,272.18512,-295.06656,278.23773,-319.73276,25.397942
52,47,275.62357,-297.3366,284.1649,-323.46365,27.487753
52,48,279.93625,-298.78064,291.49844,-326.13034,29.693275
52,49,284.87613,-299.42395,299.5479,-327.29337,31.495483
52,50,290.55154,-299.16937,308.38843,-326.72226,32.82249
52,51,296.2504,-297.7382,317.72754,-324.11008,34.01094
52,52,301.77527,-295.2315,326.8809,-319.8084,35.13284
52,53,307.4907,-292.02264,336.3494,-314.09808,36.333866
52,54,313.25116,-288.63397,346.34686,-307.2574,37.975742
52,55,319.45532,-284.8239,356.93066,-299.51776,40.25308
52,56,326.00577,-280.57416,367.77573,-290.57642,42.95084
52,57,332.45065,-276.01752,378.93777,-280.52255,46.704903
52,58,338.74142,-271.2769,390.7314,-269.79492,52.01111
52,59,344.94034,-266.65778,403.13977,-258.53265,58.763863
52,60,350.93182,-262.21298,415.75272,-246.78157,66.6324
53,1,4.338934,-6.6269155,2.7239952,-4.18731,2.9256966
53,2,8.673495,-13.197445,4.7539167,-7.2952766,7.085103
53,3,13.084501,-19.750074,6.0448127,-9.15579,12.719909
53,4,17.423271,-26.312267,6.728581,-10.093831,19.427149
53,5,21.66462,-32.768547,7.1993365,-10.760889,26.335934
53,6,25.901419,-39.165527,7.927017,-11.748411,32.7838
53,7,30.356829,-45.742733,8.840436,-13.037383,39.148373
53,8,35.00171,-52.452736,9.8768635,-14.471353,45.53947
53,9,39.93403,-59.49286,10.974385,-15.916442,52.321743
53,10,45.127724,-66.62659,12.07904,-17.307322,59.36839
53,11,50.488476,-73.85349,13.092177,-18.560127,66.752075
53,12,56.095764,-81.33842,13.968298,-19.587208,74.752495
53,13,61.880783,-88.89075,14.95645,-20.75431,82.73129
53,14,67.93735,-96.529594,16.412632,-22.408447,90.27038
53,15,74.707184,-104.14471,19.116795,-25.341553,96.43769
53,16,82.536095,-111.422554,23.236893,-28.998518,101.53874
53,17,91.99989,-117.96125,29.164059,-32.729397,105.890564
53,18,103.27589,-122.00328,36.497593,-35.39609,109.36245
53,19,115.56588,-123.86813,44.547092,-36.559113,112.54569
53,20,128.70587,-123.55621,53.38758,-35.988014,115.503395
53,21,141.72781,-120.57644,62.72671,-33.375824,117.66529
53,22,154.19452,-115.23429,71.88006,-29.074165,119.16055
53,23,166.59985,-108.609566,81.348564,-23.363832,120.5596
53,24,178.99335,-101.666534,91.34604,-16.52312,122.19432
53,25,191.77884,-94.18147,101.92983,-8.783509,123.95828
53,26,204.83968,-86.09419,112.77489,0.15784498,126.15601
53,27,217.64983,-77.43654,123.93693,10.211698,128.31337
53,28,230.2221,-68.37159,135.73058,20.939339,130.01958
53,29,242.74107,-59.447483,148.13892,32.201614,131.71608
53,30,255.08386,-50.688423,160.75188,43.952686,133.62434
53,31,267.06335,-42.292118,173.67978,56.181015,135.7109
53,32,279.37073,-33.401352,186.61517,68.79014,138.00977
53,33,292.07202,-24.45851,199.46729,81.37823,140.6309
53,34,304.74707,-15.576733,212.51071,94.10827,143.31206
53,35,317.2105,-6.891176,225.8589,107.14187,146.11179
53,36,329.496,1.5418835,239.52888,120.44857,149.10695
53,37,341.6072,10.19081,253.37788,134.00333,152.03273
53,38,353.36176,18.849987,267.13657,147.31505,154.71928
53,39,364.30313,27.279518,280.60187,160.23604,157.10931
53,40,374.57047,35.648964,293.942,173.13539,159.38464
53,41,384.9681,44.318398,306.89035,185.75832,161.55923
53,42,395.6143,53.282803,319.70953,197.9799,163.39761
53,43,406.5651,62.390675,332.2642,210.20956,165.44199
53,44,417.4171,71.74543,344.68622,222.27628,167.1805
53,45,427.7094,80.2729,357.21854,234.30684,169.39722
53,46,437.0524,87.76316,369.72293,246.30476,172.24603
53,47,446.31262,95.220024,382.09747,258.51398,175.46652
53,48,455.43622,103.05165,394.59137,270.69897,178.3472
53,49,464.8236,110.88314,407.22122,283.1317,181.6249
53,50,474.22125,118.875725,419.89783,295.40756,184.70116
53,51,483.0509,126.33538,432.35437,307.4953,188.11978
53,52,491.0819,133.6754,444.51483,319.42657,191.49933
53,53,498.75647,141.09178,456.47992,331.35733,194.90585
53,54,506.263,148.82442,468.28888,343.69864,198.53966
53,55,513.1607,156.37038,480.1183,356.66083,202.9977
53,56,519.552,163.66666,491.7379,370.0594,208.25845
53,57,525.79474,171.15411,502.88135,383.38052,213.45978
53,58,532.14795,179.26459,513.81067,396.34766,217.85617
53,59,538.61285,187.67882,524.3871,409.23514,222.01256
53,60,544.85364,195.88449,534.4279,422.46704,226.82228
54,1,10.9827175,10.04701,11.632649,11.038543,1.1855581
54,2,22.433006,20.82045,24.568045,23.647669,3.5428174
54,3,34.693073,32.075966,37.42016,36.23576,4.97402
54,4,47.23386,43.5278,50.463596,48.965797,6.3247924
54,5,59.986935,55.110306,63.811783,61.9994,7.8796635
54,6,72.73097,66.521225,77.481766,75.3061,9.987194
54,7,85.498764,78.38826,91.33076,88.86085,11.98696
54,8,98.04341,90.39806,105.08945,102.17257,13.72172
54,9,109.90234,102.25119,118.55475,115.09357,15.485178
54,10,121.1036,114.07949,131.89487,127.99292,17.60781
54,11,132.34189,126.21376,144.84325,140.61584,19.071024
54,12,143.79845,138.70448,157.6624,152.83743,19.797714
54,13,155.56316,151.37589,170.21707,165.0671,20.054586
54,14,167.13925,164.29427,182.6391,177.1338,20.127071
54,15,178.33432,176.30669,195.1714,189.16437,21.185072
54,16,188.77065,187.14917,207.6758,201.1623,23.532368
54,17,199.09686,197.92381,220.05034,213.3715,26.032276
54,18,209.17484,209.12317,232.54424,225.55652,28.568932
54,19,219.58316,220.36754,245.17409,237.98923,31.071201
54,20,229.95934,231.79288,257.8507,250.26509,33.45372
54,21,239.87924,242.64397,270.30725,262.35284,36.253326
54,22,248.93594,253.36128,282.4677,274.28412,39.523975
54,23,257.56992,264.17465,294.4328,286.21484,42.9493
54,24,265.9037,275.32452,306.24176,298.55615,46.549637
54,25,273.6009,286.29453,318.07117,311.51837,51.125805
54,26,280.78903,297.0147,329.6908,324.9169,56.302
54,27,287.72028,307.9174,340.83423,338.23807,61.1591
54,28,294.58606,319.48145,351.76355,351.20517,65.388535
54,29,301.48685,331.3564,362.33994,364.09265,69.09964
54,30,308.16916,342.98654,372.3808,377.32455,72.81644
54,31,314.2878,354.17758,382.40738,390.77625,77.32876
54,32,319.3339,364.84634,391.82327,404.46478,82.609505
54,33,323.07657,374.31317,401.28113,418.07413,89.61571
54,34,326.29303,382.59747,410.5771,432.0308,97.71108
54,35,329.73062,391.2307,419.78534,446.07224,105.43929
54,36,333.29056,400.4227,428.67957,460.35654,112.6549
54,37,336.68964,409.98743,436.96262,474.76007,119.37406
54,38,340.23123,420.02194,445.19366,488.97034,125.58262
54,39,343.47836,429.31113,453.15222,503.05862,132.16296
54,40,345.98157,437.5478,460.62677,516.8816,139.41798
54,41,348.0093,446.22192,467.8798,530.59326,146.586
54,42,349.99362,454.96774,475.05457,544.3472,153.71706
54,43,351.75208,463.27374,481.80524,558.3569,161.10439
54,44,353.4915,471.89435,488.28152,572.2243,168.03111
54,45,355.3658,481.10904,494.847,586.19965,174.63972
54,46,357.35852,490.59338,501.31073,600.18884,180.92375
54,47,359.49997,498.98065,507.6528,613.9211,187.5115
54,48,361.64124,506.775,513.93805,627.7525,194.49904
54,49,363.85873,515.1238,520.2848,641.7197,201.23529
54,50,366.26248,523.8116,526.5576,655.5207,207.46523
54,51,368.63904,531.8119,532.61896,668.97626,213.78372
54,52,370.81705,538.7854,538.62555,682.1871,220.73453
54,53,373.22263,546.10394,544.5909,695.16486,227.12604
54,54,375.80997,553.6719,550.5426,707.7984,232.9946
54,55,378.12918,560.1892,556.427,720.0534,239.47165
54,56,380.033,565.35974,562.29004,731.84186,246.84799
54,57,381.52856,569.4137,568.0913,743.13336,254.91995
54,58,383.25912,574.34235,573.5817,754.1951,261.85822
54,59,385.17368,580.0502,578.5009,764.22003,267.00928
54,60,386.79214,585.29144,582.32043,772.18524,270.48218
55,1,9.917355,13.934656,9.044071,12.116586,2.0169294
55,2,19.232872,28.778873,18.459963,25.80513,3.072546
55,3,27.382536,43.918015,27.917835,39.41449,4.535227
55,4,35.4757,59.169296,37.213776,53.37114,6.053059
55,5,43.962807,74.83217,46.422054,67.41259,7.8165236
55,6,52.55968,91.06154,55.316265,81.6969,9.761928
55,7,60.82165,107.77551,63.5993,96.10044,12.000943
55,8,69.26891,124.9577,71.83036,110.31071,14.86928
55,9,77.33913,141.4986,79.78892,124.39898,17.274212
55,10,84.249916,157.28334,87.26346,138.22197,19.298117
55,11,90.220146,173.77805,94.5165,151.93364,22.262901
55,12,96.12404,190.42867,101.69125,165.68756,25.359735
55,13,101.687195,206.87047,108.441925,179.69724,28.000196
55,14,107.25234,223.84927,114.91822,193.56467,31.239767
55,15,113.04419,241.42656,121.483696,207.54,34.92169
55,16,119.05605,259.28482,127.94742,221.5292,38.788437
55,17,125.49478,276.00342,134.2895,235.26144,41.680397
55,18,132.0739,292.20474,140.57474,249.09288,43.941975
55,19,138.7269,308.99564,146.92151,263.06006,46.660786
55,20,145.71086,326.1045,153.19429,276.86102,49.80884
55,21,152.78018,342.53168,159.25566,290.31662,52.615055
55,22,159.68562,357.97992,165.26224,303.52747,54.737267
55,23,167.00513,373.723,171.2276,316.50525,57.373333
55,24,174.66571,389.70135,177.17932,329.13876,60.61473
55,25,182.07326,404.6708,183.06367,341.39377,63.28479
55,26,189.03778,418.36664,188.92674,353.18222,65.18451
55,27,195.50188,431.05856,194.72801,364.4737,66.58936
55,28,202.16666,444.6706,200.21841,375.53552,69.16251
55,29,208.98634,459.109,205.13763,385.5604,73.64925
55,30,215.26245,473.27164,208.95715,393.52563,79.99489
55,31,221.5517,487.20883,211.61612,398.90158,88.864426
55,32,227.5416,500.52274,213.53346,402.6733,98.84704
55,33,233.04921,513.23083,215.38367,406.24686,108.43266
55,34,238.31151,525.37494,217.76102,410.8455,116.358574
55,35,243.61876,537.3192,220.68976,416.43674,123.03785
55,36,248.69937,549.1156,223.69318,422.4774,129.08348
55,37,252.77538,560.6757,226.56482,429.4775,133.79076
55,38,255.23145,571.75397,228.88098,437.9425,136.38129
55,39,256.3228,583.29724,229.97597,447.46085,138.36792
55,40,256.6402,594.816,229.8898,457.1019,140.2881
55,41,258.0098,606.8126,230.1971,466.60217,142.94235
55,42,260.86633,618.4058,232.35658,476.34885,144.88957
55,43,266.56058,628.71155,237.37633,486.03525,145.63052
55,44,274.20685,636.92737,244.88228,495.2965,144.63481
55,45,281.4582,644.07654,253.55608,504.50485,142.33336
55,46,288.2989,650.6443,262.55307,514.06335,138.98633
55,47,295.39233,657.6545,271.92883,524.3268,135.37656
55,48,302.77307,665.2862,280.78638,534.8783,132.24838
55,49,310.3147,673.4653,289.28857,545.4974,129.68378
55,50,317.95294,681.9316,297.26065,556.3825,127.242836
55,51,326.22095,691.1535,304.59164,567.3241,125.70421
55,52,334.49783,700.4375,311.50616,578.50806,124.078224
55,53,342.6054,709.9027,318.37054,590.2925,122.04071
55,54,349.8457,718.62225,324.96985,602.46747,118.78865
55,55,357.01852,727.61975,331.39188,614.9529,115.54458
55,56,364.24835,737.0381,338.00342,627.82745,112.31989
55,57,370.78336,745.83545,344.67764,640.81537,108.2161
55,58,376.51782,753.78955,351.2905,653.7141,103.20616
55,59,381.75702,761.24963,358.11304,667.0776,97.09488
55,60,386.892,768.1528,365.54178,681.1652,89.569336
56,1,4.7311573,9.266197,2.3357873,4.723821,5.135268
56,2,9.569649,18.675323,4.2531247,8.495553,11.484474
56,3,14.312318,28.212955,6.103329,12.069122,18.111069
56,4,19.122875,37.889053,8.480679,16.667755,23.740257
56,5,24.171385,47.81285,11.409427,22.258978,28.563402
56,6,29.188004,57.959824,14.4128475,28.299625,33.136574
56,7,33.427425,68.230896,17.28449,35.29976,36.67498
56,8,36.216064,78.28181,19.600645,43.76475,38.307953
56,9,37.815384,89.10267,20.695642,53.28309,39.700478
56,10,38.68575,99.95666,20.60947,62.924137,41.20873
56,11,40.579647,111.25061,20.916765,72.42442,43.52128
56,12,43.859646,122.08152,23.076258,82.17109,44.997684
56,13,49.80666,131.62523,28.095995,91.8575,45.308117
56,14,57.531586,139.09816,35.601955,101.11876,43.85594
56,15,64.82904,145.57422,44.275745,110.32711,40.801918
56,16,71.71116,151.52045,53.272743,119.885635,36.61607
56,17,78.87684,157.89482,62.648514,130.14903,32.14323
56,18,86.3948,164.89354,71.50605,140.70053,28.407331
56,19,94.124435,172.4407,80.008255,151.31966,25.40404
56,20,101.98901,180.288,87.98032,162.20474,22.874601
56,21,110.52813,188.8616,95.3113,173.14632,21.875147
56,22,119.099525,197.51593,102.225845,184.3303,21.414522
56,23,127.5397,206.38249,109.09021,196.11475,21.114223
56,24,135.10237,214.57492,115.68951,208.2897,20.404982
56,25,142.6468,223.0819,122.11154,220.77512,20.66442
56,26,150.28632,232.02112,128.72307,233.64972,21.624662
56,27,157.2203,240.39906,135.39731,246.63765,22.697206
56,28,163.33221,248.00182,142.01018,259.53635,24.242
56,29,168.94475,255.1632,148.83272,272.89984,26.815712
56,30,174.44868,261.80438,156.26144,286.9875,31.063877
56,31,180.26872,268.54617,164.113,301.826,36.993965
56,32,185.56189,274.65298,172.21681,317.43555,44.81561
56,33,190.31036,280.1402,180.53294,333.53366,54.281303
56,34,194.97563,285.53522,188.99487,350.05084,64.792244
56,35,199.3567,290.89108,197.30362,366.48248,75.61928
56,36,203.98096,296.55396,205.63504,382.6552,86.11714
56,37,208.40863,302.16034,213.70618,398.4415,96.42679
56,38,212.87086,308.12323,221.8727,414.33398,106.591545
56,39,217.64331,314.08832,230.13377,430.56348,117.14297
56,40,222.20581,319.80472,238.49203,446.4879,127.72578
56,41,226.5303,325.63245,246.63814,462.2011,138.04103
56,42,230.99142,332.00354,254.64761,477.65762,147.56262
56,43,235.09834,338.3169,262.65134,493.21246,157.32706
56,44,238.46715,344.1033,270.5664,508.97946,167.97176
56,45,241.79446,350.04025,278.32492,524.8068,178.54362
56,46,244.68333,355.33746,285.71454,540.4383,189.59398
56,47,247.10878,359.9684,292.81256,555.9242,201.21507
56,48,249.36707,364.4139,299.66367,571.2513,212.86485
56,49,251.28235,368.16794,306.11307,586.4444,225.05782
56,50,252.89671,371.39423,312.34286,601.32983,237.49574
56,51,254.11589,373.92572,318.4473,616.23096,250.69974
56,52,254.76976,375.28708,324.3223,630.8797,264.88702
56,53,255.0077,375.76575,329.84515,645.46814,279.89288
56,54,254.9408,375.6348,335.04184,660.1979,295.62195
56,55,254.6014,374.95447,340.0712,674.99005,311.97186
56,56,254.07315,373.76312,344.77585,689.4804,328.48804
56,57,253.27151,371.80356,348.80685,702.8518,344.55762
56,58,252.27669,369.13196,351.92712,713.38477,358.38556
56,59,251.39821,366.39108,353.98035,721.3253,369.46097
56,60,250.64001,363.93018,355.51895,728.35,379.21155
57,1,7.0971346,12.703941,7.06798,13.392539,0.6892146
57,2,14.354137,25.66113,15.171786,29.002083,3.4395506
57,3,21.73199,38.909107,23.487917,45.100224,6.4353085
57,4,29.375374,52.66544,31.949856,61.61739,9.314794
57,5,36.64743,66.64091,40.258602,78.04903,11.966024
57,6,44.22739,81.23799,48.590023,94.22176,13.697113
57,7,51.646164,96.11303,56.661156,110.00803,14.772315
57,8,58.82384,111.49446,64.827675,125.90052,15.607068
57,9,66.62673,126.89541,73.088745,142.13002,16.548445
57,10,74.31888,142.12202,81.447014,158.05447,17.454319
57,11,81.48622,157.6446,89.593124,173.76765,18.046453
57,12,88.43846,173.85966,97.60259,189.22418,17.889933
57,13,94.769325,190.13803,105.606316,204.77902,18.21535
57,14,100.0481,205.99292,113.52139,220.54602,19.832354
57,15,105.10183,222.04553,121.27991,236.37335,21.610567
57,16,109.76933,237.49211,128.66953,252.00484,23.829319
57,17,113.97859,252.31772,135.76755,267.49072,26.551434
57,18,117.95992,267.03482,142.61864,282.81784,29.277225
57,19,121.78143,281.06393,149.06804,298.01093,32.12101
57,20,125.35653,294.60498,155.29785,312.89636,35.086426
57,21,128.54945,307.48523,161.40228,327.79752,38.625088
57,22,131.43689,319.18585,167.27727,342.44623,42.72678
57,23,134.2553,329.97577,172.80013,357.03467,47.09446
57,24,137.03613,340.16125,177.99683,371.76443,51.735283
57,25,139.5897,349.88113,183.02618,386.55658,56.849064
57,26,141.60747,359.27753,187.73082,401.04697,62.225796
57,27,143.22327,368.03305,191.76184,414.41833,67.13857
57,28,144.46419,376.2083,194.88211,424.95132,70.12737
57,29,145.3303,384.47882,196.93533,432.89185,70.759445
57,30,146.13368,393.08844,198.47392,439.9165,70.23082
57,31,146.85814,402.20255,199.70326,445.8234,68.52289
57,32,147.44,411.12268,200.67963,451.15747,66.612625
57,33,148.04091,420.10748,201.37518,455.82452,64.189186
57,34,148.44473,428.6924,201.81854,460.22845,61.99424
57,35,148.45862,437.07455,202.08548,464.5646,60.262287
57,36,148.25755,444.7916,202.12718,468.1958,58.734093
57,37,147.83122,451.82495,202.073,470.59872,57.398823
57,38,147.18596,457.83386,201.97777,472.29443,56.667896
57,39,146.54887,462.5618,201.9366,473.21915,56.403717
57,40,145.96378,466.47855,201.88895,473.95395,56.42257
57,41,145.42593,469.9297,201.92952,474.17798,56.66307
57,42,144.90727,473.19345,201.97014,474.22256,57.072144
57,43,144.36696,476.5031,201.93633,474.68674,57.598015
57,44,143.7687,480.07217,201.7467,476.0409,58.117977
57,45,142.9233,483.90677,201.19658,478.81326,58.495464
57,46,141.42612,488.1454,200.00974,482.77643,58.829124
57,47,138.9517,492.7924,197.45074,488.21002,58.678238
57,48,134.78775,497.65225,192.81824,494.23743,58.130875
57,49,128.85335,501.7215,186.03041,499.3906,57.224556
57,50,121.24031,504.4367,177.36632,503.14392,56.140896
57,51,112.3524,505.79846,167.74791,505.17596,55.399006
57,52,103.22005,505.0993,157.60378,505.26108,54.38397
57,53,94.07277,502.9635,146.66243,503.19806,52.590183
57,54,83.76303,500.36743,134.89166,500.0785,51.129448
57,55,73.188995,497.54166,122.2574,496.3219,49.083565
57,56,62.884674,494.76517,108.797516,492.39987,45.97373
57,57,52.810833,492.1617,94.81876,488.6481,42.154617
57,58,43.009735,489.88,80.871895,485.4546,38.119907
57,59,33.744076,487.79166,67.23669,482.76178,33.868195
57,60,25.435272,485.88324,54.113758,480.40323,29.197365
58,1,2.691449,15.801522,1.0906721,5.245597,10.676612
58,2,5.0871277,32.008194,2.0670335,10.579692,21.640278
58,3,7.493308,48.37317,2.7625847,15.246734,33.46252
58,4,9.5734,64.86235,3.205947,19.650677,45.657856
58,5,10.92705,81.72719,3.4728777,23.986835,58.219524
58,6,11.7980175,98.337906,3.514594,27.618017,71.203354
58,7,12.087903,114.53581,3.4604003,30.020931,84.954094
58,8,11.649013,129.91078,3.3651786,31.716661,98.54292
58,9,10.8576975,144.15189,3.3240075,32.641357,111.764725
58,10,9.909811,157.70007,3.2763574,33.376156,124.500755
58,11,8.902796,170.89632,3.3169184,33.600197,137.4097
58,12,7.864765,183.98198,3.3575468,33.644787,150.40474
58,13,6.766795,197.11812,3.3237348,34.10894,163.04555
58,14,5.589147,210.52051,3.134115,35.463093,175.07463
58,15,3.6874065,224.1574,2.5839872,38.235485,185.92517
58,16,-0.015453577,238.01488,1.3971393,42.198635,195.82133
58,17,-6.0561266,251.8809,-1.1618493,47.63224,204.3073
58,18,-15.64435,265.03146,-5.794357,53.659653,211.6012
58,19,-28.935238,275.76828,-12.582177,58.81282,217.57089
58,20,-45.3537,283.12045,-21.246284,62.566135,221.86792
58,21,-63.774498,287.44263,-30.864687,64.59819,225.2614
58,22,-82.921646,287.4814,-41.008812,64.68329,226.70618
58,23,-102.1161,284.56183,-51.950157,62.620266,227.5405
58,24,-122.49425,281.1006,-63.720924,59.500713,229.26143
58,25,-143.1926,277.27637,-76.355194,55.744106,231.39528
58,26,-163.67632,273.44806,-89.81508,51.822075,233.60983
58,27,-183.98622,269.8682,-103.79383,48.07032,235.8498
58,28,-204.09131,266.82358,-117.74069,44.876804,238.1529
58,29,-223.67795,263.9985,-131.37592,42.184006,240.25266
58,30,-242.3032,261.23434,-144.49884,39.82544,242.04875
58,31,-260.21188,258.29996,-157.20595,37.66737,243.49324
58,32,-278.13684,255.51901,-169.68132,35.533318,245.26782
58,33,-296.64886,253.02148,-182.00708,33.5218,247.6345
58,34,-315.2841,250.7352,-194.48717,31.489035,250.32135
58,35,-334.7232,248.24042,-207.25165,29.383709,253.27309
58,36,-354.80273,246.16357,-220.15654,27.254787,257.00323
58,37,-375.2415,245.16412,-233.39752,25.212648,261.72192
58,38,-394.99844,245.35481,-246.46513,23.310326,267.14398
58,39,-413.6157,246.41063,-259.41766,22.25039,272.07507
58,40,-431.01233,248.32498,-271.96622,22.080614,276.5541
58,41,-446.87314,250.83917,-283.87933,22.489706,280.55383
58,42,-461.78003,253.14813,-295.23712,23.155987,283.95938
58,43,-476.6341,255.26328,-306.34814,23.857405,287.30817
58,44,-491.69412,257.711,-317.39157,24.900412,290.8301
58,45,-506.9676,261.12793,-328.15463,26.521036,294.98215
58,46,-522.44794,265.35135,-338.75543,28.797678,299.50055
58,47,-537.6788,269.81342,-349.47095,31.675741,303.5321
58,48,-553.0411,274.7962,-359.61676,34.921745,308.14398
58,49,-568.59076,280.3382,-368.88583,38.3609,313.74365
58,50,-584.53796,286.36215,-377.1979,41.818054,320.61148
58,51,-601.31537,293.0223,-384.69742,45.41262,328.9892
58,52,-617.8464,299.59854,-391.46973,49.06396,337.65955
58,53,-634.33044,306.31744,-397.76205,52.579052,346.91174
58,54,-650.0596,312.95905,-403.82947,55.97139,355.91
58,55,-665.9867,319.93243,-409.59875,59.097855,365.7451
58,56,-681.0138,325.53198,-413.79935,61.082798,375.94806
58,57,-695.2733,328.89957,-416.16083,61.830936,386.30228
58,58,-708.2401,331.0842,-417.6656,62.21031,395.88727
58,59,-720.18176,332.66217,-418.95987,62.498974,404.6267
58,60,-731.17706,333.9686,-420.657,62.843666,412.22742
59,1,-13.017114,-2.559545,-11.419276,-1.9227422,1.7200588
59,2,-26.317917,-5.0919394,-23.894644,-4.056795,2.6351047
59,3,-40.06725,-7.459363,-36.220398,-6.0683117,4.0906343
59,4,-54.07635,-9.697358,-48.70048,-8.101076,5.6078596
59,5,-68.85523,-12.14259,-61.464973,-10.206403,7.6396823
59,6,-84.18106,-14.2928,-74.369865,-12.335323,10.004562
59,7,-99.90878,-15.635839,-87.61085,-14.377463,12.362149
59,8,-115.01927,-16.038996,-100.67846,-16.279787,14.342834
59,9,-129.04022,-15.753971,-113.63097,-17.339724,15.490636
59,10,-141.86987,-14.812191,-126.17955,-17.509499,15.920481
59,11,-153.26292,-13.428227,-138.09267,-17.100405,15.608383
59,12,-163.77493,-12.189004,-149.45045,-16.434124,14.940271
59,13,-174.34558,-11.07372,-160.56148,-15.732707,14.550178
59,14,-185.16559,-9.7163725,-171.60489,-14.689699,14.443911
59,15,-196.29733,-7.647373,-182.36795,-13.069076,14.947326
59,16,-207.72498,-4.9714594,-192.96875,-10.792434,15.862848
59,17,-218.93799,-2.1242647,-203.68427,-7.9143696,16.31568
59,18,-230.37083,1.1301367,-213.83006,-4.6683674,17.527685
59,19,-242.08427,4.8312397,-223.09914,-1.2292094,19.928986
59,20,-254.25847,8.931248,-231.41121,2.227942,23.810326
59,21,-267.34082,13.582045,-238.91072,5.8225107,29.470001
59,22,-280.26837,18.18837,-245.68306,9.473848,35.666325
59,23,-293.2533,22.938747,-251.97539,12.988942,42.46015
59,24,-305.54172,27.609268,-258.0428,16.381277,48.807953
59,25,-318.07837,32.56378,-263.8121,19.507744,55.814762
59,26,-329.6141,36.391277,-268.01266,21.492685,63.377483
59,27,-340.19727,38.48803,-270.37415,22.240828,71.68849
59,28,-349.41696,39.698875,-271.8789,22.620201,79.39667
59,29,-357.58542,40.47766,-273.1732,22.908863,86.22115
59,30,-364.80496,41.07054,-274.87033,23.253555,91.68251
59,31,-371.46683,41.553387,-276.81802,23.64275,96.32854
59,32,-378.03754,41.99501,-278.2356,23.89918,101.42922
59,33,-384.77405,42.332027,-279.58002,24.121334,106.75867
59,34,-391.78433,42.2355,-282.83362,24.443798,110.39385
59,35,-399.26596,41.310455,-288.19034,24.157602,112.392235
59,36,-407.23438,40.156742,-294.8007,23.49019,113.662254
59,37,-415.85028,40.555817,-301.30536,23.905668,115.74872
59,38,-423.88162,45.10092,-306.60648,26.77877,118.69777
59,39,-429.11057,53.194794,-309.611,31.673693,121.42201
59,40,-431.3276,63.001247,-310.5323,37.308605,123.49745
59,41,-430.0508,73.47883,-309.3102,43.394592,124.43213
59,42,-426.93518,83.809784,-305.8482,50.208206,125.662735
59,43,-424.34402,94.92361,-301.51193,58.313232,128.17192
59,44,-422.5558,106.39773,-297.08313,68.12274,131.18065
59,45,-422.63937,117.67743,-293.44965,79.42744,134.73325
59,46,-423.62326,129.2204,-290.97324,91.93278,137.79114
59,47,-424.98386,141.1708,-289.31915,105.08456,140.38208
59,48,-426.28668,152.21738,-288.28116,118.50715,142.06303
59,49,-427.41718,162.33907,-287.56274,131.98308,143.11096
59,50,-428.8753,172.45049,-287.4853,145.35983,143.96194
59,51,-430.3104,182.24382,-287.6276,158.64664,144.62091
59,52,-432.2072,192.2396,-288.26648,172.0805,145.34554
59,53,-434.76645,202.9665,-289.4097,185.31358,146.42476
59,54,-437.6675,214.1264,-291.23877,198.16849,147.29573
59,55,-440.74362,225.52144,-293.57,210.81277,147.90678
59,56,-444.24002,236.94489,-296.2783,223.26628,148.59265
59,57,-447.96002,247.46362,-299.34042,235.72038,149.08282
59,58,-451.79462,257.99765,-302.78088,248.42863,149.32065
59,59,-455.75748,267.5375,-306.78192,261.03973,149.11719
59,60,-460.25748,276.6825,-311.28595,273.40518,149.00757
60,1,-2.5336049,0.46514222,-1.7437611,0.35549018,0.79741883
60,2,-4.7932577,0.863881,-3.161307,0.61191875,1.6512867
60,3,-7.2291546,1.2458968,-4.5057497,0.8340731,2.7543662
60,4,-10.032124,1.5029082,-7.7593336,1.1565385,2.2990315
60,5,-13.292255,1.4448396,-13.116057,0.8703429,0.6009095
60,6,-17.019043,1.300998,-19.726406,0.20293073,2.921569
60,7,-21.31638,1.9570453,-26.231096,0.61840785,5.09376
60,8,-25.401766,4.87483,-31.532206,3.4915106,6.284573
60,9,-27.88391,9.780996,-34.536713,8.386433,6.7973967
60,10,-28.582176,15.714981,-35.45801,14.021347,7.0813494
60,11,-27.111366,22.098026,-34.235947,20.107332,7.3974667
60,12,-24.438543,28.453173,-30.773914,26.920944,6.518025
60,13,-21.945534,35.631474,-26.437653,35.02597,4.532744
60,14,-19.928354,43.219864,-22.008854,44.835484,2.6341422
60,15,-19.190687,50.738472,-18.37537,56.140175,5.4628873
60,16,-19.029238,58.738506,-15.898959,68.64552,10.389785
60,17,-19.09864,67.24551,-14.244874,81.797295,15.339934
60,18,-19.192656,74.95963,-13.2068815,95.21989,21.125988
60,19,-19.234423,81.89732,-12.488452,108.69582,27.634539
60,20,-19.504192,88.991234,-12.411019,122.07257,33.833237
60,21,-19.785759,95.97557,-12.553322,135.35938,40.042377
60,22,-20.386023,103.2507,-13.19219,148.79324,46.107204
60,23,-21.438667,111.36572,-14.335413,162.02632,51.15616
60,24,-22.734022,119.98817,-16.164497,174.88123,55.284775
60,25,-24.163061,128.93095,-18.49574,187.52551,58.867992
60,26,-25.928926,138.02411,-21.204023,199.97902,62.13482
60,27,-27.91497,146.32962,-24.266136,212.43312,66.20413
60,28,-30.002216,154.71701,-27.70661,225.14137,70.46177
60,29,-32.22626,162.21083,-31.707634,237.75249,75.54344
60,30,-34.912197,169.52179,-36.211674,250.11792,80.606606
60,31,-37.937923,176.16945,-40.948353,262.0302,85.91352
60,32,-40.7014,181.75438,-45.827362,273.45212,91.8409
60,33,-43.5553,187.35582,-50.96991,284.4385,97.36542
60,34,-46.777443,193.50629,-56.52955,295.09277,102.053505
60,35,-50.492676,199.51128,-62.702732,305.06088,106.253494
60,36,-54.074986,203.96135,-69.515274,314.04794,111.164116
60,37,-57.207687,207.19356,-76.922005,321.925,116.412865
60,38,-60.43201,209.85269,-84.79274,328.49173,121.11427
60,39,-64.20007,213.05496,-92.8554,334.13647,124.426125
60,40,-67.22859,217.1742,-100.37253,340.69348,127.88876
60,41,-68.650925,222.1144,-105.36693,350.0453,133.09538
60,42,-70.14159,226.5171,-109.43881,360.8957,140.0067
60,43,-72.37555,230.65353,-115.066216,371.889,147.54643
60,44,-75.501335,234.65456,-122.19336,382.0067,154.57297
60,45,-79.52782,238.52196,-130.36343,390.84848,160.58527
60,46,-83.77099,241.94316,-139.20683,398.99185,166.54556
60,47,-88.04023,245.14752,-148.60156,407.1344,172.93764
60,48,-91.595345,247.7887,-158.25471,415.1268,180.12637
60,49,-95.25986,250.39241,-167.89943,422.76797,187.05573
60,50,-98.41045,252.69177,-177.50285,430.12952,194.26724
60,51,-100.14223,254.12613,-187.0354,437.79193,203.18353
60,52,-100.94624,254.77681,-197.0138,445.9487,213.95248
60,53,-101.74744,255.39632,-207.14238,454.06714,224.89595
60,54,-102.52815,255.9972,-217.24316,462.0177,235.80498
60,55,-103.0785,256.43448,-227.24182,469.8467,246.90344
60,56,-103.39437,256.70615,-237.0717,477.8176,258.3794
60,57,-103.64522,256.9501,-246.5267,486.34314,270.25226
60,58,-103.9338,257.30313,-255.64664,495.5038,282.41168
60,59,-104.39172,257.8387,-264.97592,504.7886,294.57007
60,60,-105.01441,258.52866,-274.4227,514.4381,306.90198
61,1,-5.3667393,12.649016,-4.2627673,10.68869,2.2498074
61,2,-11.179422,25.33847,-9.141776,22.110594,3.8172228
61,3,-17.30848,38.27256,-14.284323,33.096992,5.9943323
61,4,-23.87912,51.771328,-19.843964,43.751247,8.977983
61,5,-31.526655,64.98979,-26.017145,53.71935,12.545023
61,6,-40.119953,76.335686,-32.82969,62.70642,15.456546
61,7,-49.058956,86.12162,-40.236416,70.58347,17.868162
61,8,-58.964264,94.795166,-48.107155,77.1502,20.717665
61,9,-69.29648,104.11581,-56.169815,82.79495,25.037733
61,10,-77.30066,115.70564,-63.68694,89.351974,29.662252
61,11,-80.8063,129.39133,-68.68134,98.70378,32.99606
61,12,-84.817406,142.50209,-72.75323,109.554184,35.087162
61,13,-90.99624,154.79901,-78.38063,120.54749,36.50096
61,14,-99.36003,166.18306,-85.507774,130.6652,38.12352
61,15,-109.589645,176.6072,-93.67785,139.50696,40.36846
61,16,-120.574875,186.01361,-102.52124,147.65033,42.399
61,17,-131.73749,194.91978,-111.915985,155.79288,43.86122
61,18,-142.22153,203.20062,-121.56913,163.78528,44.49821
61,19,-152.86049,211.2435,-131.21384,171.42644,45.320812
61,20,-162.91202,219.04497,-140.81726,178.788,45.921696
61,21,-171.2333,226.36255,-150.34981,186.45042,45.045513
61,22,-178.72125,232.79797,-160.3282,194.60718,42.389164
61,23,-186.31487,239.03688,-170.4568,202.72562,39.62305
61,24,-193.98317,245.3083,-180.55757,210.67618,37.143383
61,25,-201.44473,251.60562,-190.55623,218.50519,34.84535
61,26,-208.54355,258.08588,-200.38612,226.47609,32.6454
61,27,-215.1844,264.93802,-209.84113,235.00163,30.409502
61,28,-221.08978,272.61417,-218.96104,244.16231,28.531384
61,29,-227.32991,280.36517,-228.29034,253.44708,26.935219
61,30,-233.91592,288.11115,-237.7371,263.0966,25.304731
61,31,-240.21568,296.1923,-246.95259,273.44482,23.724106
61,32,-246.02406,304.41132,-255.78683,284.4745,22.198849
61,33,-251.43028,312.53528,-264.32214,295.89243,21.05195
61,34,-256.25967,320.37503,-272.48233,307.56656,20.669579
61,35,-261.31073,328.49796,-280.29352,319.49777,21.008322
61,36,-266.09488,336.2795,-287.7372,331.72742,22.115881
61,37,-270.4423,343.13583,-294.97043,343.99268,24.543098
61,38,-274.1125,348.90878,-302.13327,355.9688,28.89651
61,39,-277.35458,353.96783,-309.2368,367.84515,34.771465
61,40,-280.43176,358.59372,-316.16095,379.44562,41.368786
61,41,-283.3942,362.94263,-322.76675,390.60022,48.11591
61,42,-286.95444,368.27057,-329.12534,401.43063,53.64676
61,43,-290.58932,373.7375,-335.45035,412.27213,59.139072
61,44,-293.76877,378.5708,-341.7824,423.1799,65.5384
61,45,-296.24658,382.50235,-348.08694,434.17676,73.19609
61,46,-298.62256,386.55515,-354.2822,445.28412,80.91408
61,47,-300.51886,389.87042,-360.23993,456.51483,89.48789
61,48,-302.51785,393.27823,-365.87134,467.92252,97.90523
61,49,-304.40485,396.60922,-371.0009,479.5193,106.34431
61,50,-306.13812,399.84537,-375.62128,491.31708,114.869415
61,51,-307.8468,403.06464,-379.77982,503.1028,123.21524
61,52,-309.1691,405.5405,-383.53668,514.8121,132.17722
61,53,-310.2781,407.66574,-387.02066,526.3452,141.33025
61,54,-310.82553,408.68506,-390.3393,537.1552,151.08614
61,55,-310.9964,408.97147,-393.67252,546.6028,160.55441
61,56,-310.90164,408.825,-397.28256,555.22253,169.98206
61,57,-310.6064,408.4343,-401.14597,562.9995,179.13072
61,58,-309.74368,407.45306,-405.3428,569.59784,188.22891
61,59,-308.37076,405.83334,-409.66446,575.76874,197.83441
61,60,-306.80914,402.70584,-412.72046,582.636,208.78712
62,1,-8.670323,10.020197,-8.279009,9.327457,0.7956224
62,2,-17.121986,20.745506,-17.113266,20.357096,0.38850844
62,3,-25.448902,31.97024,-25.648579,31.775036,0.27924046
62,4,-33.50155,43.653748,-33.808758,43.44917,0.36909306
62,5,-41.866035,55.681507,-41.619957,55.380383,0.38888383
62,6,-50.136036,67.70315,-49.063644,67.61005,1.0764253
62,7,-58.19458,79.07651,-56.29685,79.87529,2.0589898
62,8,-65.71981,89.67019,-63.459698,91.85143,3.1410084
62,9,-72.95968,99.78443,-70.563225,103.72778,4.6144357
62,10,-80.25002,109.61034,-77.487366,115.32824,6.35033
62,11,-87.627495,119.328415,-84.09319,126.48286,7.979808
62,12,-95.58771,130.0105,-90.45177,137.31325,8.927936
62,13,-103.64698,140.87772,-96.77676,148.15474,10.00775
62,14,-111.26464,151.25575,-103.10884,159.06253,11.289945
62,15,-118.08945,160.94405,-109.413376,170.05937,12.584251
62,16,-124.67357,170.95871,-115.608635,181.16675,13.6519985
62,17,-130.71678,180.36818,-121.56635,192.39745,15.114019
62,18,-136.9762,189.88376,-127.19776,203.80515,17.01243
62,19,-143.02475,199.38792,-132.3273,215.40192,19.258333
62,20,-148.806,208.96594,-136.94771,227.19969,21.750603
62,21,-154.54097,218.54868,-141.10625,238.98544,24.457172
62,22,-159.90254,227.45517,-144.86311,250.69472,27.68142
62,23,-164.98662,236.08687,-148.34709,262.22784,30.98749
62,24,-169.55876,243.64247,-151.66571,273.03784,34.41292
62,25,-174.03482,250.33861,-154.99893,282.48544,37.360195
62,26,-178.47285,256.4814,-158.60898,291.10516,39.917133
62,27,-183.18105,262.08878,-162.4724,298.88214,42.220848
62,28,-187.77101,266.79807,-166.66922,305.48047,44.06375
62,29,-191.7654,271.0476,-170.99089,311.65134,45.60968
62,30,-193.99739,274.99655,-174.0469,318.5186,47.876812
62,31,-194.49559,278.8949,-174.46364,326.06726,51.249496
62,32,-193.36774,282.22568,-171.35374,332.91446,55.262722
62,33,-191.07278,284.33643,-165.44551,337.12964,58.684586
62,34,-188.66438,284.8915,-158.71921,337.89957,60.881584
62,35,-186.39658,284.75662,-152.23088,336.21564,61.76832
62,36,-183.31339,284.7773,-145.01111,333.88132,62.275738
62,37,-179.91187,285.33545,-136.42264,331.93106,63.73746
62,38,-176.29321,286.45538,-126.922264,331.2362,66.65443
62,39,-172.89087,288.09064,-116.76736,331.74338,71.10141
62,40,-169.65399,290.20203,-105.89167,333.52737,77.089035
62,41,-166.68129,292.84967,-94.94218,336.86133,84.16369
62,42,-164.52046,295.06253,-84.196884,341.23737,92.64983
62,43,-162.21965,297.28485,-73.342094,345.57468,101.14903
62,44,-159.63628,299.58386,-61.983204,349.7224,109.77248
62,45,-157.42702,301.35034,-50.21028,353.59717,119.26928
62,46,-155.02283,303.09473,-38.43348,357.01254,128.45312
62,47,-152.98564,304.58026,-26.614624,359.81342,137.91423
62,48,-150.48367,306.26733,-14.321455,362.11737,147.17125
62,49,-147.88899,307.89114,-2.0119991,363.98685,156.29085
62,50,-145.57059,309.26727,10.287223,365.74365,165.77466
62,51,-144.03587,310.16055,23.348309,367.666,176.98683
62,52,-143.42351,310.52075,37.079597,369.5988,189.92522
62,53,-143.5021,310.47375,50.948257,371.53558,203.8124
62,54,-143.19702,310.6695,64.538185,373.71637,217.09174
62,55,-142.4837,311.19916,77.6126,376.35788,229.53877
62,56,-141.87173,311.72794,90.16143,379.7689,241.80357
62,57,-141.76239,311.82916,102.35728,383.64392,254.46368
62,58,-142.07774,311.5313,114.53312,388.07117,267.78253
62,59,-142.6614,310.90665,126.32325,393.07776,281.25583
62,60,-143.07701,310.39304,137.37325,398.47015,293.95566
63,1,0.55515796,9.628583,-0.23306426,6.814208,2.9226701
63,2,5.943702,18.47831,2.8768287,13.661408,5.7103634
63,3,15.690243,24.018572,8.785049,17.876587,9.241519
63,4,27.662754,24.053823,15.511363,18.6465,13.300205
63,5,39.694122,20.555487,21.999691,16.962564,18.055525
63,6,52.787918,17.670862,29.219461,14.628259,23.76404
63,7,66.57564,16.829958,37.80793,12.678,29.065783
63,8,80.73946,17.916943,47.308304,11.983144,33.953682
63,9,94.64015,21.090878,57.463215,12.490304,38.158806
63,10,108.121315,26.07978,68.3389,14.274315,41.497105
63,11,120.85628,33.104504,79.28839,17.608263,44.3624
63,12,132.39964,40.564625,90.03368,21.984299,46.261246
63,13,144.2693,47.752365,100.88847,26.321619,48.385674
63,14,156.71832,54.61274,112.24736,30.469353,50.60207
63,15,169.01181,60.56532,124.02029,34.34411,52.07484
63,16,181.76907,66.02114,135.79709,37.75948,53.96429
63,17,194.16408,71.35708,147.61595,40.560352,55.813675
63,18,207.23982,76.42447,159.90912,42.86431,58.021374
63,19,220.5867,81.08035,172.21857,44.73379,60.50247
63,20,233.75754,85.330215,184.51779,46.4906,62.714176
63,21,246.14082,89.20918,197.57887,48.412937,63.423943
63,22,257.55087,92.84095,211.31017,50.345715,62.80166
63,23,268.22443,96.32327,225.17883,52.28252,61.583366
63,24,279.2241,100.29974,238.76875,54.463314,61.136017
63,25,290.43002,105.23901,251.84317,57.10482,61.691536
63,26,301.2364,110.98986,264.392,60.51584,62.49109
63,27,311.30997,116.80231,276.58786,64.390854,62.86959
63,28,320.85904,122.43996,288.76367,68.81809,62.493336
63,29,329.73364,128.45647,300.55383,73.824715,61.936176
63,30,338.32883,135.2235,311.60382,79.217094,62.055965
63,31,346.1183,141.59831,321.6771,84.771454,61.86003
63,32,353.40817,147.75021,330.5626,89.87797,62.218304
63,33,359.82507,152.77557,338.132,94.10916,62.548683
63,34,366.3476,155.20708,344.74646,95.89968,63.118748
63,35,371.7899,153.9374,350.59213,94.29152,63.30067
63,36,374.80664,151.37549,353.5867,90.64584,64.33021
63,37,377.09378,149.73598,354.75137,89.02379,64.692764
63,38,379.0383,148.59375,355.04767,88.662834,64.55436
63,39,380.91495,147.55725,355.0887,88.640594,64.32858
63,40,382.69476,146.57166,355.10944,88.62992,64.173164
63,41,384.40103,145.62337,355.1367,88.62947,64.06798
63,42,386.006,144.73212,355.16394,88.62947,64.02141
63,43,387.59586,143.82886,355.19095,88.62903,64.00858
63,44,389.4319,142.7626,355.3395,88.45379,64.12283
63,45,391.6113,141.47244,356.14322,87.428566,64.64307
63,46,393.88577,140.1398,357.111,86.24148,65.24886
63,47,396.19226,138.8165,357.67682,85.60675,65.6865
63,48,398.52515,137.49324,358.0451,85.18419,66.14281
63,49,400.84482,136.17766,358.47473,84.706055,66.66746
63,50,403.10568,134.89119,358.72116,84.44899,67.18929
63,51,405.4795,133.54866,358.72824,84.4819,67.773346
63,52,407.90976,132.18054,358.8569,84.36047,68.50504
63,53,410.50278,130.7233,359.05508,84.15944,69.39062
63,54,413.08902,129.26823,359.042,84.22615,70.355316
63,55,415.7693,127.76997,359.19003,84.05047,71.502495
63,56,418.52893,126.25206,359.61337,83.62704,72.71819
63,57,421.3517,124.71537,359.73688,83.5145,74.12084
63,58,424.33075,123.089676,359.71643,83.54787,75.75332
63,59,427.36703,121.434296,359.71616,83.54831,77.53702
63,60,430.3342,119.63477,359.9667,83.19469,79.243065
64,1,12.103393,6.55102,9.026603,4.971981,3.4583232
64,2,24.667866,13.502922,17.912115,10.078497,7.574091
64,3,38.055695,20.237774,25.48149,14.309687,13.901542
64,4,53.274315,22.669294,32.095985,16.100204,22.173737
64,5,66.748985,16.527727,37.94163,14.492046,28.87919
64,6,75.23868,5.7742147,40.936207,10.846372,34.67544
64,7,84.118515,-3.7500525,42.100887,9.224315,43.975166
64,8,93.694405,-12.312256,42.39719,8.8633585,55.496044
64,9,103.42698,-20.561281,42.43822,8.84112,67.7062
64,10,113.079926,-28.761213,42.45894,8.830445,80.00285
64,11,122.65811,-36.92288,42.4862,8.83,92.30851
64,12,132.15182,-45.006752,42.513462,8.83,104.56306
64,13,141.56985,-53.186157,42.540447,8.8295555,116.84508
64,14,151.13644,-61.654827,42.68902,8.654312,129.2448
64,15,160.93765,-70.4785,43.492737,7.629095,141.04646
64,16,170.85681,-79.327774,44.46051,6.442005,152.74973
64,17,180.87503,-88.1028,45.02632,5.8072777,165.14835
64,18,190.95506,-96.844864,45.394623,5.3847194,177.87279
64,19,201.02448,-105.57657,45.824245,4.906581,190.50888
64,20,211.03209,-114.27956,46.070663,4.649516,203.36272
64,21,221.15785,-123.03891,46.07775,4.68243,216.71591
64,22,231.3476,-131.81842,46.20642,4.5610046,229.94913
64,23,241.68375,-140.71098,46.404606,4.3599644,243.26843
64,24,252.0103,-149.60379,46.391518,4.426681,256.91336
64,25,262.43903,-158.53476,46.539543,4.2509933,270.3919
64,26,272.98828,-167.4444,46.9629,3.827563,283.58694
64,27,283.6253,-176.34918,47.086388,3.7150338,297.27725
64,28,294.39047,-185.38002,47.06594,3.748392,311.35025
64,29,305.20847,-194.44785,47.065666,3.748837,325.45294
64,30,315.6066,-204.01184,47.31621,3.3952107,339.1127
64,31,325.08,-215.10237,47.623962,2.8054593,352.79694
64,32,333.84073,-227.45207,48.030956,1.8865443,366.44705
64,33,343.74048,-239.62009,49.40932,-0.2996536,379.34824
64,34,356.57626,-249.34727,52.099407,-2.7831304,391.79083
64,35,371.74463,-256.02234,55.807262,-4.783817,403.65482
64,36,387.40033,-261.37756,59.618813,-6.3872476,415.28397
64,37,402.91904,-266.1298,62.55626,-7.5234036,427.4624
64,38,418.5237,-270.94595,64.45977,-8.280697,440.85635
64,39,433.3418,-276.1677,65.40866,-8.670747,454.89493
64,40,444.39444,-287.37973,67.14869,-10.471215,467.96655
64,41,448.7795,-302.9105,68.50299,-14.205141,477.45264
64,42,448.27945,-319.68536,68.59622,-18.318018,484.74902
64,43,444.75134,-338.18088,67.78059,-22.422,491.74243
64,44,439.66824,-357.34982,66.88075,-26.126427,498.6777
64,45,434.33975,-377.11942,65.84645,-30.081997,506.18402
64,46,428.49673,-397.3243,64.60839,-34.68816,513.73114
64,47,421.75613,-418.24902,63.236797,-39.022514,521.87054
64,48,414.31924,-439.18826,61.77317,-43.233337,530.1594
64,49,405.87753,-460.327,60.269558,-47.519665,538.38165
64,50,397.9905,-481.98486,58.806034,-51.836266,547.79004
64,51,391.47647,-502.86456,57.735596,-55.958836,557.77026
64,52,385.6367,-522.20807,56.740273,-60.194195,567.124
64,53,379.0566,-539.8083,55.650467,-64.25427,575.1027
64,54,368.098,-553.41504,53.856667,-67.70413,578.50037
64,55,352.9022,-559.7931,50.828144,-69.845566,575.5843
64,56,337.1202,-558.36816,47.057705,-70.27572,567.7768
64,57,323.70142,-549.4974,43.398613,-68.914825,556.3535
64,58,315.5785,-535.17957,40.78267,-66.01753,543.7148
64,59,314.1623,-518.3843,39.721657,-62.26121,532.3213
64,60,317.34296,-501.44794,39.75794,-58.30327,522.90594
65,1,0.10199589,-0.19781287,0.27281854,-0.5331965,0.3763809
65,2,0.29655227,-0.67851955,0.679816,-1.4521114,0.86332804
65,3,0.61511886,-1.342031,2.0581796,-3.6383092,2.712069
65,4,1.0763319,-1.904982,4.7482653,-6.121786,5.59147
65,5,1.9405198,-2.5626395,8.45612,-8.122473,8.565325
65,6,2.8402257,-3.1336603,12.267672,-9.7259035,11.50367
65,7,3.6080766,-3.5867598,15.205115,-10.86206,13.690189
65,8,4.4947467,-4.112607,17.108631,-11.619352,14.678599
65,9,4.954671,-4.41049,18.057516,-12.009402,15.146882
65,10,5.3206215,-5.017817,19.79755,-13.809871,16.937582
65,11,5.3640037,-6.122691,21.15185,-17.543797,19.485834
65,12,4.905899,-7.8057876,21.24508,-21.656673,21.419989
65,13,3.3424172,-11.265614,20.429445,-25.760656,22.40698
65,14,1.0603108,-15.491592,19.52961,-29.465082,23.159737
65,15,-1.5504029,-20.279434,18.495312,-33.420654,23.969196
65,16,-4.5359783,-25.524857,17.257246,-38.026817,25.124563
65,17,-8.177109,-31.496088,15.885655,-42.361168,26.402018
65,18,-12.12668,-37.561283,14.4220295,-46.57199,28.036171
65,19,-16.621765,-43.91283,12.918415,-50.85832,30.345709
65,20,-21.084648,-50.6483,11.454892,-55.174923,32.852886
65,21,-24.634495,-56.592545,10.384456,-59.297493,35.123264
65,22,-27.296837,-61.145428,9.389129,-63.532852,36.76357
65,23,-29.463295,-64.35525,8.299326,-67.592926,37.90116
65,24,-31.494555,-65.92146,6.505524,-71.042786,38.34363
65,25,-33.05909,-66.17628,3.4770014,-73.18423,37.202114
65,26,-33.970917,-65.86804,-0.29343775,-73.61438,34.556885
65,27,-34.79098,-64.98906,-3.9525278,-72.25348,31.682518
65,28,-35.227257,-63.472496,-6.568471,-69.356186,29.256517
65,29,-34.92895,-61.52273,-7.6294866,-65.59987,27.602243
65,30,-33.96665,-59.37697,-7.5932026,-61.641926,26.470524
65,31,-32.242657,-56.95305,-6.690056,-57.59443,25.56065
65,32,-30.17807,-54.36134,-5.334655,-53.492672,24.858597
65,33,-27.722078,-51.115753,-3.9036806,-49.156338,23.898857
65,34,-25.484604,-47.688774,-2.587054,-44.698044,23.09204
65,35,-22.941183,-43.7477,-1.5165299,-40.59228,21.655773
65,36,-21.0044,-40.6762,-0.6021774,-36.611347,20.803215
65,37,-19.490814,-38.47581,0.34485537,-32.782288,20.636618
65,38,-17.66121,-36.781548,1.9008542,-29.369154,20.91932
65,39,-16.214651,-36.438084,4.500418,-27.194626,22.683819
65,40,-15.567007,-36.61584,7.58113,-26.688023,25.187254
65,41,-15.449601,-36.669838,10.200867,-26.998924,27.413008
65,42,-15.899624,-36.51381,12.307911,-27.122128,29.729929
65,43,-16.677395,-36.427414,14.150099,-26.801441,32.295414
65,44,-17.229948,-36.431847,14.619525,-26.643545,33.31966
65,45,-17.229237,-36.43183,14.605622,-26.62175,33.3121
65,46,-16.965265,-36.42592,14.564459,-26.611076,33.022034
65,47,-16.863314,-36.421932,14.868686,-26.489206,33.250244
65,48,-16.541918,-36.38348,15.672053,-26.068445,33.825134
65,49,-16.093834,-36.275784,16.48326,-25.54543,34.298798
65,50,-15.584421,-36.08562,17.422768,-24.802116,34.882545
65,51,-14.926557,-35.664104,18.323683,-23.624825,35.362732
65,52,-13.937678,-34.66095,18.829367,-22.479073,34.958225
65,53,-12.819034,-33.144592,19.164125,-21.366234,34.08302
65,54,-11.694899,-31.351013,19.26717,-20.540735,32.795
65,55,-10.233865,-29.091566,19.307787,-20.494465,30.76718
65,56,-8.900872,-26.988117,19.341864,-20.50603,28.977053
65,57,-7.9342513,-25.448345,19.38282,-20.50603,27.760565
65,58,-7.394912,-24.592007,19.423647,-20.517149,27.126362
65,59,-6.9542785,-23.894999,19.457993,-20.550507,26.62318
65,60,-6.3171654,-22.890354,19.518654,-20.539938,25.942514
66,1,1.0275701,4.22873,0.84836954,3.643312,0.61223143
66,2,2.4097676,8.605299,2.2037706,7.7450705,0.88454956
66,3,3.8768928,13.46171,3.6347446,12.081404,1.4013854
66,4,5.0442033,18.506294,4.951371,16.5397,1.9687846
66,5,6.300998,24.072445,6.0218954,20.64546,3.4383314
66,6,7.2925615,28.689796,6.936248,24.626394,4.0789948
66,7,8.215073,32.28043,7.8832808,28.455456,3.8393373
66,8,9.741695,35.26559,9.43928,31.868587,3.4104378
66,9,11.775666,36.61035,12.038843,34.043114,2.5806923
66,10,13.554571,36.758675,15.119555,34.54972,2.7071486
66,11,15.025082,36.640774,17.739292,34.23882,3.6244068
66,12,16.148472,36.66023,19.846336,34.115616,4.4887924
66,13,17.162165,36.90876,21.688524,34.436302,5.1576138
66,14,18.363293,37.359604,22.15795,34.594196,4.6954126
66,15,20.0765,38.032925,22.144047,34.61599,3.9937694
66,16,22.049656,38.80608,22.102884,34.626667,4.1797514
66,17,23.906324,39.569595,22.40711,34.748535,5.048788
66,18,25.907452,40.586422,23.210478,35.169296,6.051357
66,19,27.90187,41.912956,24.021685,35.692314,7.331591
66,20,29.794882,43.534576,24.961193,36.435623,8.5883465
66,21,31.452415,45.71537,25.862108,37.61292,9.843843
66,22,32.84841,48.7821,26.36779,38.75867,11.935979
66,23,33.928585,52.475315,26.70255,39.87151,14.528299
66,24,34.775024,56.469955,26.805595,40.697006,17.671947
66,25,35.805393,61.014656,26.846212,40.74328,22.162935
66,26,36.755077,65.38895,26.88029,40.731712,26.561073
66,27,37.548256,69.11886,26.921246,40.731712,30.311111
66,28,38.179783,72.06729,26.962072,40.720592,33.29343
66,29,38.77833,74.83893,26.996418,40.687233,36.126884
66,30,39.45847,77.96684,27.05708,40.697803,39.278183
66,31,39.907673,81.68525,27.058556,41.74424,41.956932
66,32,39.36252,85.36787,26.605776,43.9577,43.33055
66,33,37.4409,88.20907,24.922464,46.391644,43.65098
66,34,34.390438,90.330765,21.750265,48.407356,43.78751
66,35,30.748322,92.58582,17.538527,50.362953,44.24104
66,36,26.745953,95.643585,13.158199,52.91912,44.8331
66,37,22.88186,99.59762,9.1615505,56.020126,45.68637
66,38,19.127678,104.47008,6.5265603,58.52468,47.64208
66,39,15.622135,109.97844,4.7380066,60.616924,50.54724
66,40,12.85094,115.177444,3.251226,62.573956,53.472248
66,41,10.40499,119.58167,1.8604021,64.21075,56.02633
66,42,8.200567,123.039925,0.8157556,65.28047,58.22963
66,43,6.427483,125.66845,0.16071907,65.882225,60.113766
66,44,4.867696,127.95418,-0.01183894,66.02856,62.11757
66,45,3.4735615,129.98692,-0.053002067,66.029,64.05508
66,46,2.1016746,131.98705,-0.07998981,66.01788,66.005226
66,47,0.75267935,133.96167,-0.12742282,66.02856,67.93881
66,48,-0.5749061,135.92429,-0.16858594,66.0508,69.87467
66,49,-1.8770028,137.85449,-0.20926996,66.0727,71.80116
66,50,-3.1600184,139.7599,-0.2432793,66.07304,73.74457
66,51,-4.393357,141.62161,-0.27762735,66.08415,75.649506
66,52,-5.598806,143.46274,-0.30488768,66.08415,77.55946
66,53,-6.7883143,145.26537,-0.33214805,66.07304,79.45506
66,54,-7.947519,147.03339,-0.37276596,66.07304,81.31393
66,55,-9.083389,148.77155,-0.40690747,66.07304,83.15242
66,56,-10.190029,150.4591,-0.43437433,66.07304,84.94811
66,57,-11.262428,152.1076,-0.47505835,66.095276,86.68614
66,58,-12.323637,153.73254,-0.50225264,66.10595,88.42039
66,59,-13.352683,155.31503,-0.536328,66.117516,90.11357
66,60,-14.350364,156.84737,-0.8408504,66.40442,91.44634
67,1,-0.0026559469,0.60029185,-0.012411208,1.0243282,0.4241486
67,2,0.0089107985,0.5591237,-0.46519166,3.2377875,2.7202964
67,3,0.41903073,0.09444845,-2.1485035,5.671732,6.139896
67,4,1.1494768,-0.28501236,-5.3207026,7.687443,10.267583
67,5,1.5216627,-0.45382634,-9.53244,9.643043,14.971304
67,6,1.2665869,-0.30647814,-13.912767,12.199209,19.66736
67,7,0.63360715,0.1932964,-17.909416,15.300213,23.917831
67,8,-0.39222467,1.2198511,-20.544407,17.804768,26.099232
67,9,-1.5975983,2.6645942,-22.33296,19.89701,26.961294
67,10,-2.3779197,3.761613,-23.819742,21.854042,28.055084
67,11,-2.720244,4.225724,-25.210566,23.490831,29.613491
67,12,-2.5231261,3.9898145,-26.25521,24.560558,31.406485
67,13,-1.7248023,3.0832663,-26.910248,25.162313,33.49315
67,14,-0.6646172,1.892323,-27.082806,25.308645,35.302193
67,15,0.59244597,0.4868524,-27.12397,25.309092,37.206764
67,16,1.8758875,-0.9479799,-27.150957,25.297972,39.133205
67,17,3.179253,-2.4105597,-27.198391,25.308645,41.12366
67,18,4.490362,-3.8955293,-27.239553,25.330885,43.13897
67,19,5.826708,-5.412963,-27.280237,25.352787,45.19515
67,20,7.182345,-6.954941,-27.314247,25.353125,47.26337
67,21,8.568191,-8.555395,-27.348595,25.364244,49.402
67,22,9.966552,-10.188033,-27.375854,25.364244,51.559864
67,23,11.397494,-11.846632,-27.403114,25.353125,53.752293
67,24,12.85321,-13.544043,-27.443733,25.353125,56.00744
67,25,14.330914,-15.272372,-27.477875,25.353125,58.295845
67,26,15.849368,-17.042656,-27.505342,25.353125,60.638546
67,27,17.394676,-18.857674,-27.546026,25.375362,63.057343
67,28,18.960028,-20.689594,-27.57322,25.386038,65.48516
67,29,20.556215,-22.565063,-27.607296,25.397602,67.97163
67,30,22.191845,-24.484648,-27.911818,25.684507,70.9036
67,31,23.833038,-26.539146,-29.020355,26.815844,75.1015
67,32,24.956367,-28.379099,-30.493034,28.583954,79.49481
67,33,25.70669,-30.037888,-31.148685,29.596323,82.394005
67,34,25.822735,-31.326084,-31.96757,32.136013,85.832146
67,35,25.459417,-32.012264,-31.078627,36.619392,88.920494
67,36,25.365295,-32.09358,-27.169456,41.76131,90.633575
67,37,25.699688,-31.863897,-20.956495,47.551147,92.106186
67,38,27.151237,-30.89455,-13.525491,54.279816,94.388916
67,39,29.076473,-29.574402,-5.005075,62.069115,97.77569
67,40,31.172745,-27.906637,4.0328546,71.194275,102.75001
67,41,33.601986,-25.783384,13.056396,81.47498,109.20842
67,42,36.48615,-23.125547,22.11953,92.74615,116.758934
67,43,39.64189,-20.090977,31.190462,104.92905,125.30535
67,44,42.305645,-17.371296,39.78259,117.32111,134.71605
67,45,44.814945,-14.928651,46.30055,126.38372,141.32019
67,46,46.72712,-14.321905,51.4735,130.32469,144.72444
67,47,48.246212,-15.006315,56.559628,130.04982,145.29417
67,48,49.605602,-16.578196,60.884064,126.78436,143.80553
67,49,51.46963,-18.657349,66.04822,121.94682,141.35794
67,50,53.862343,-21.031862,72.239746,116.94057,139.19095
67,51,56.719772,-23.616167,78.89714,112.57645,137.98647
67,52,59.984554,-26.676031,85.62644,108.28706,137.37737
67,53,63.635983,-30.175629,92.79696,103.520935,136.83981
67,54,68.49392,-34.820793,100.76047,98.29633,136.9719
67,55,73.46324,-39.600597,109.282845,92.69916,137.06302
67,56,77.86881,-44.127205,117.852684,86.71315,136.81342
67,57,81.64696,-48.930042,125.083954,80.32078,136.35449
67,58,84.79871,-53.789272,130.75186,73.992455,135.79346
67,59,87.95566,-58.74857,135.6376,68.069336,135.4856
67,60,91.878265,-63.87328,140.75572,62.899467,135.86882
68,1,-0.94872934,0.9127632,-1.0334148,1.0752213,0.18320556
68,2,-1.8790092,2.079861,-2.5060925,2.843333,0.9879894
68,3,-2.5139956,3.118375,-3.1617448,3.855701,0.98144203
68,4,-2.7985506,4.4280376,-3.9806283,6.395393,2.2951674
68,5,-2.1563656,6.1195226,-3.0916865,10.878773,4.850287
68,6,-0.5192679,7.933584,0.8174848,16.02069,8.196841
68,7,1.6703035,9.877193,7.030446,21.810528,13.081881
68,8,4.869684,12.64329,14.461451,28.539196,18.565609
68,9,8.450121,15.816511,22.981867,36.328495,25.137882
68,10,12.012566,19.456396,32.019794,45.453655,32.804676
68,11,15.739805,23.634686,41.043335,55.73436,40.87368
68,12,19.777693,28.408178,50.106472,67.00552,49.087574
68,13,23.944712,33.55206,59.177402,79.18842,57.654316
68,14,27.559772,38.29852,67.76953,91.58049,66.751724
68,15,31.01044,42.611748,74.28749,100.643105,72.39159
68,16,34.647106,44.285603,79.46044,104.58407,75.127495
68,17,38.106224,43.218616,84.54657,104.3092,76.73829
68,18,41.094147,40.524933,88.871,101.04375,77.10483
68,19,44.6657,37.41892,94.03516,96.2062,76.76775
68,20,48.867,34.175236,100.22669,91.19994,76.74396
68,21,53.60714,30.854185,106.88409,86.83582,77.28116
68,22,58.788654,27.084955,113.61338,82.54645,77.98543
68,23,64.39287,22.911816,120.783905,77.78031,78.67973
68,24,71.335045,17.754856,128.7474,72.55572,79.36822
68,25,78.39845,12.475446,137.26979,66.958534,80.21372
68,26,84.832184,7.3273945,145.83963,60.97253,81.238594
68,27,90.54192,1.6773524,153.07089,54.58016,81.905914
68,28,95.50147,-4.2167473,158.7388,48.25183,82.17001
68,29,100.46321,-10.216501,163.62454,42.328716,82.16054
68,30,106.32451,-16.1722,168.74266,37.158844,82.09888
68,31,112.90723,-19.371607,174.7014,33.44676,81.29145
68,32,119.44857,-20.386114,181.35818,31.51829,80.78903
68,33,126.467354,-19.000513,188.32315,31.96311,80.14631
68,34,131.62987,-15.7485485,194.55019,35.012074,80.8431
68,35,136.06465,-12.015034,200.30208,39.091595,82.08736
68,36,140.7827,-7.8583007,205.52693,43.286457,82.508194
68,37,144.9207,-4.3815565,209.45657,46.492283,82.176796
68,38,148.00575,-1.7410502,212.8439,49.194767,82.452675
68,39,149.79823,-0.33216476,216.35936,51.875008,84.59298
68,40,150.1956,-0.07761097,220.22238,54.299503,88.66014
68,41,149.6189,-0.42311293,224.18872,56.73378,93.95515
68,42,148.4311,-1.1712499,228.46074,59.532257,100.44729
68,43,147.4115,-1.8783506,233.2565,63.02341,107.61786
68,44,146.95166,-2.2017136,238.20813,66.5195,114.23812
68,45,147.34633,-1.9811372,242.94006,69.7854,119.53493
68,46,148.23737,-1.5060633,247.5289,72.88919,124.0704
68,47,148.97096,-1.066592,251.20636,75.50393,127.73066
68,48,149.00555,-1.033135,253.72437,78.37142,131.4196
68,49,147.94016,-1.7223746,256.39938,80.82305,136.29803
68,50,145.06093,-1.2163656,259.5487,81.02142,140.96277
68,51,142.54422,2.424823,261.77826,79.06869,141.74286
68,52,143.21548,8.167359,262.16592,76.38014,137.12108
68,53,148.1108,13.04594,260.77588,74.05431,128.12277
68,54,155.42802,14.012556,257.60602,72.758286,117.8618
68,55,162.49815,13.510747,253.80396,72.67913,108.80095
68,56,168.82642,14.708851,249.28142,71.997536,98.76741
68,57,173.59512,17.382202,243.73985,69.26856,87.24951
68,58,177.48463,19.81345,237.20128,65.05872,74.92137
68,59,180.69783,22.102203,230.20908,59.868145,62.27062
68,60,183.4548,24.12986,223.18307,54.442722,49.972042
69,1,6.2302327,-3.4294,5.4006577,-3.256367,0.8474286
69,2,12.603264,-4.8603544,12.057445,-5.184837,0.6349863
69,3,19.339125,-3.9694846,19.022417,-4.7400174,0.83308136
69,4,24.695883,-1.0453861,25.249454,-1.6910524,0.85048616
69,5,29.929047,2.8251004,31.001345,2.388467,1.1577874
69,6,35.516933,7.1552525,36.2262,6.5833297,0.91112834
69,7,40.777107,11.037468,40.155834,9.789157,1.3943675
69,8,45.155617,14.331178,43.543175,12.491638,2.446196
69,9,48.389786,16.55887,47.05863,15.171881,1.9224231
69,10,50.414375,17.682755,50.921654,17.596375,0.51458037
69,11,51.678463,18.335682,54.88799,20.030655,3.6295993
69,12,52.633865,18.856512,59.160007,22.829128,7.6401706
69,13,53.849472,19.590775,63.95576,26.320284,12.141803
69,14,55.695545,20.722363,68.90739,29.816374,16.039133
69,15,58.598663,22.112795,73.63932,33.08227,18.615875
69,16,62.09323,23.7022,78.228165,36.18606,20.40056
69,17,65.65173,25.540129,81.90563,38.800804,20.977005
69,18,68.22341,27.731438,84.42363,41.668297,21.370146
69,19,70.14232,28.807919,87.09864,44.119923,22.846758
69,20,70.76641,28.657213,90.24798,44.318295,24.996017
69,21,70.36611,29.322292,92.47752,42.365562,25.671803
69,22,70.73121,31.336222,92.865204,39.677017,23.653385
69,23,73.05118,33.373924,91.47513,37.351185,18.848356
69,24,76.51259,33.610935,88.30528,36.05516,12.043333
69,25,79.65686,33.187607,84.50322,35.976006,5.5912757
69,26,82.15658,33.49952,79.980675,35.29441,2.820672
69,27,83.54414,34.16633,74.43912,32.565437,9.244694
69,28,84.10031,34.467056,67.900536,28.355597,17.314234
69,29,84.079216,34.45395,60.908348,23.165016,25.774582
69,30,83.59925,34.14552,53.882347,17.739594,33.94479
69,31,82.751205,33.60129,47.025284,12.460614,41.512283
69,32,80.5321,32.192757,40.698284,7.6937995,46.76464
69,33,77.75873,30.380865,34.91092,3.3902817,50.640163
69,34,74.62553,28.311464,29.010233,-0.946936,54.192333
69,35,71.532326,26.366098,23.107862,-4.6866436,57.525658
69,36,68.81598,25.513472,17.071642,-6.7971234,61.003696
69,37,65.598076,25.65516,10.551279,-6.5502706,63.7757
69,38,63.131927,26.593412,3.7024326,-4.0980787,66.88671
69,39,61.26641,27.964949,-2.4021554,-0.047410876,69.55846
69,40,59.794132,29.567516,-7.307122,5.0744915,71.431694
69,41,58.153267,31.406988,-11.811036,10.789466,72.93892
69,42,56.11079,33.508305,-16.464521,16.350758,74.57585
69,43,53.990288,35.053646,-21.75,21.091185,77.0165
69,44,52.759705,35.772255,-27.576424,25.257692,81.02129
69,45,52.76594,35.768764,-33.653133,29.575182,86.64073
69,46,52.765034,35.769238,-39.84796,33.957596,92.63071
69,47,52.543987,35.88156,-46.0155,38.016815,98.58262
69,48,52.310486,36.006126,-52.50093,42.35059,105.00326
69,49,51.756416,36.30495,-59.62113,47.346424,111.92351
69,50,50.50997,36.977844,-66.65542,52.406128,118.17682
69,51,49.26627,37.706226,-72.71439,56.94203,123.48805
69,52,48.502956,38.249924,-77.19607,60.51463,127.65563
69,53,48.002308,38.631405,-80.61859,63.41748,130.98734
69,54,48.404552,38.319225,-83.00315,65.512566,134.1919
69,55,49.459198,37.034485,-85.05472,68.10704,138.05614
69,56,49.845997,34.15951,-85.802376,73.610596,141.26878
69,57,49.14403,31.518929,-83.04151,80.92233,141.11597
69,58,48.430645,29.024652,-77.99683,89.25795,140.0427
69,59,47.881485,26.685802,-72.28185,99.0262,140.2582
69,60,47.425724,24.287437,-66.46974,110.20733,142.66887
70,1,-5.7663455,-4.4991393,-6.1483107,-4.728396,0.44548398
70,2,-12.783656,-9.921247,-12.475309,-9.495211,0.5259128
70,3,-20.154509,-15.769892,-18.262676,-13.798729,2.732126
70,4,-27.698296,-21.8187,-24.16336,-18.135946,5.1047473
70,5,-35.08548,-27.475994,-30.065731,-21.875654,7.52075
70,6,-42.674686,-30.651562,-36.10195,-23.986134,9.361024
70,7,-50.88259,-31.047024,-42.622314,-23.73928,11.028839
70,8,-58.131493,-29.029934,-49.47116,-21.28709,11.616926
70,9,-64.18991,-25.383358,-55.57575,-17.236422,11.856491
70,10,-69.28169,-20.775038,-60.480717,-12.114519,12.347541
70,11,-74.46695,-15.942003,-64.98463,-6.3995442,13.45262
70,12,-80.14348,-11.08798,-69.638115,-0.8382523,14.677179
70,13,-86.28413,-7.426913,-74.92359,3.9021747,16.044
70,14,-91.690254,-4.905596,-80.750015,8.068682,16.971172
70,15,-95.78798,-3.085339,-86.82673,12.386171,17.879364
70,16,-99.877304,-1.4183948,-93.02155,16.768585,19.436243
70,17,-104.23622,0.312495,-99.189095,20.827805,21.127031
70,18,-108.59477,2.1445374,-105.67452,25.16158,23.201553
70,19,-113.29235,4.1443195,-112.79472,30.157412,26.01785
70,20,-118.68206,6.441302,-119.82901,35.217117,28.798664
70,21,-123.96182,8.911835,-125.88799,39.75302,30.901278
70,22,-128.50931,11.556635,-130.36966,43.32562,31.823408
70,23,-132.60944,14.121344,-133.79219,46.22847,32.128902
70,24,-135.72704,16.110159,-136.17674,48.32356,32.21654
70,25,-137.51328,17.917595,-138.22832,50.918034,33.008183
70,26,-137.80296,19.178192,-138.97597,56.421585,37.26186
70,27,-137.5635,20.592867,-136.2151,63.73332,43.16152
70,28,-137.27043,22.146666,-131.17043,72.06894,50.293568
70,29,-137.02553,23.903858,-125.455444,81.83719,59.07739
70,30,-136.85425,25.689157,-119.64333,93.018326,69.49412
70,31,-136.78679,27.12848,-114.45132,104.925705,80.93999
70,32,-136.81659,28.23682,-109.73416,117.05666,92.856995
70,33,-136.84906,28.824198,-105.41946,129.24359,105.22298
70,34,-136.82303,28.314705,-101.29362,141.43015,118.56408
70,35,-136.73065,26.960394,-97.78223,153.7385,132.62604
70,36,-136.66556,26.310501,-94.98489,166.18031,145.94807
70,37,-136.45691,25.075968,-93.21605,178.81161,159.70103
70,38,-136.27945,24.293505,-92.29333,191.60971,173.00142
70,39,-136.2718,24.262571,-91.821205,204.54123,185.67781
70,40,-136.13109,23.764732,-91.59631,216.63701,197.94713
70,41,-135.60474,22.15564,-91.58078,225.98895,208.53328
70,42,-134.7145,19.584488,-91.61567,232.02596,216.7692
70,43,-133.75635,16.561726,-91.50799,237.3088,224.75365
70,44,-133.04968,14.143028,-91.17437,242.75424,232.41476
70,45,-132.21393,12.14009,-91.474144,249.59622,240.9256
70,46,-131.52896,10.920217,-93.658165,258.01978,249.98479
70,47,-130.93648,9.553824,-95.3193,267.9766,260.8657
70,48,-130.33125,8.036426,-96.24613,279.3363,273.43265
70,49,-129.8256,6.784792,-97.35529,291.1563,286.2193
70,50,-129.02045,4.8821797,-98.86078,303.0097,299.64917
70,51,-128.40646,3.3246527,-100.41611,314.74094,312.67166
70,52,-128.05861,2.377177,-101.87331,326.32816,325.00757
70,53,-127.52629,0.958326,-103.190254,337.65958,337.5796
70,54,-126.67237,-1.3688673,-104.27367,348.34918,350.4346
70,55,-125.32518,-4.8055515,-105.13311,358.0058,363.37277
70,56,-123.48423,-8.999245,-105.86281,366.215,375.62778
70,57,-121.32014,-13.652246,-106.511185,372.3155,386.25174
70,58,-118.40952,-19.85138,-106.81079,375.93146,395.95276
70,59,-114.924904,-27.393248,-107.06461,378.5027,405.97205
70,60,-111.91135,-35.58894,-107.07879,381.23633,416.85327
71,1,1.3420689,3.025225,4.630477,10.729475,8.376699
71,2,2.6922884,6.760581,9.3476305,22.860437,17.421223
71,3,4.0151367,10.783404,13.662335,35.04736,26.111452
71,4,5.2550073,14.49898,17.788174,47.233925,35.052204
71,5,6.4341574,18.23978,21.299566,59.54227,43.8962
71,6,7.719756,22.820354,24.0969,71.98409,51.81973
71,7,8.600983,27.03687,25.865746,84.61539,60.11121
71,8,9.315735,31.75246,26.788464,97.41348,67.94605
71,9,10.037261,37.212795,27.260588,110.34501,75.13298
71,10,10.533803,42.26383,27.485481,122.44078,81.949394
71,11,10.7612505,46.227688,27.50101,131.79272,87.187126
71,12,10.881877,49.23138,27.46612,137.82973,90.13714
71,13,11.058442,51.882534,27.573803,143.11258,92.712875
71,14,11.355383,55.202465,27.907425,148.55803,94.811554
71,15,11.273728,58.94031,27.607649,155.4,97.832855
71,16,10.64638,63.45152,25.423632,163.82355,101.45398
71,17,10.482665,68.03762,23.762491,173.78038,106.57338
71,18,10.45552,72.51415,22.835663,185.14008,113.304306
71,19,10.405106,77.32397,21.7265,196.9601,120.170616
71,20,10.292976,81.49569,20.221012,208.81348,127.704285
71,21,10.283568,86.10712,18.665686,220.54472,134.69867
71,22,10.397806,91.39691,17.208483,232.13191,140.8997
71,23,10.468183,96.23915,15.89154,243.46335,147.32405
71,24,10.553998,100.17854,14.808126,254.15295,154.03317
71,25,10.553625,102.96836,13.948679,263.80957,160.87704
71,26,10.474813,104.92818,13.218981,272.01877,167.11313
71,27,10.382101,106.42457,12.57061,278.11926,171.70865
71,28,10.392466,106.26657,12.270999,281.73523,175.47871
71,29,10.485548,104.70031,12.017176,284.30646,179.61267
71,30,10.445332,102.79494,12.003007,287.0401,184.25175
71,31,10.2900305,100.34084,12.248058,291.38925,191.05843
71,32,10.286066,98.65694,11.986375,297.83167,199.18199
71,33,10.427796,97.80465,10.342263,305.71014,207.9055
71,34,10.520485,97.37946,8.087687,314.87918,217.51332
71,35,10.550095,97.16926,6.4285817,325.4042,228.27217
71,36,10.481504,97.75502,5.6960917,337.21912,239.5119
71,37,10.387302,98.64639,4.933043,349.7064,251.11923
71,38,10.210082,100.003914,3.5116117,362.1495,262.23117
71,39,9.93444,101.722046,1.8715066,373.5429,271.9404
71,40,9.601196,103.00519,-0.16101103,381.85925,279.02487
71,41,9.268793,103.75537,-2.3980181,386.8432,283.32816
71,42,9.03697,104.04635,-4.856216,390.15204,286.4428
71,43,9.727264,103.75786,-8.781151,392.28018,289.1154
71,44,11.936944,103.6752,-15.264694,393.04343,290.64395
71,45,15.113053,103.92602,-24.22272,392.5675,291.30948
71,46,17.858335,104.16526,-35.111763,391.08194,291.76535
71,47,19.806046,104.19061,-47.588837,389.42285,293.08615
71,48,22.143404,104.094124,-61.51354,388.0668,296.0388
71,49,25.16214,103.710014,-76.27096,387.61578,301.4816
71,50,28.870583,102.81758,-91.1336,388.3768,309.75
71,51,32.70698,101.40997,-105.69784,390.38916,320.41357
71,52,36.80847,99.56608,-119.58319,393.77127,333.1892
71,53,41.404316,97.40579,-132.2829,397.58832,346.80945
71,54,45.68062,95.81618,-143.9422,400.27682,358.68243
71,55,49.71599,95.12342,-155.32565,400.73944,368.02612
71,56,53.600796,94.98135,-166.19705,398.88028,375.0542
71,57,57.00591,95.4999,-176.1455,394.97046,379.5289
71,58,59.961258,96.436264,-185.35216,389.2441,381.98837
71,59,62.768288,97.77191,-193.59508,381.96753,382.73926
71,60,65.283585,99.24524,-201.31628,373.33212,382.3599
72,1,0.09300733,2.0417054,0.22468781,4.013346,1.9760332
72,2,0.026454963,4.482439,-0.036996037,10.45576,5.973658
72,3,-0.55125993,7.3838377,-1.6811076,18.334246,11.008542
72,4,-1.3031611,10.370876,-3.9356844,27.503277,17.333473
72,5,-1.8788614,13.68556,-5.594789,38.028316,24.62474
72,6,-2.5039794,17.861052,-6.327279,49.843227,32.209892
72,7,-3.1255317,22.358385,-7.0903277,62.330486,40.16825
72,8,-3.9392855,27.342031,-8.511759,74.77361,47.651466
72,9,-4.997388,32.81081,-10.151864,86.16702,53.60461
72,10,-6.4841537,37.864174,-12.1843815,94.48334,56.90538
72,11,-8.583283,42.21924,-14.421389,99.4673,57.544975
72,12,-11.470137,45.61367,-16.879587,102.77613,57.417847
72,13,-14.702745,46.84455,-20.804522,104.90429,58.37949
72,14,-16.80226,46.855774,-27.288065,105.66753,59.73922
72,15,-18.041985,46.717785,-36.24609,105.19161,61.241962
72,16,-19.74387,46.51435,-47.135136,103.70605,63.41271
72,17,-22.352276,46.39674,-59.61221,102.04695,66.972
72,18,-24.70716,46.418438,-73.53691,100.69089,73.005775
72,19,-26.486153,46.58709,-88.294334,100.23988,81.84665
72,20,-27.590467,46.81568,-103.15697,101.0009,92.98566
72,21,-28.521944,47.123966,-117.72121,103.01326,105.26216
72,22,-29.150774,47.382782,-131.60657,106.39536,118.23567
72,23,-29.244795,47.42335,-144.30626,110.212425,131.07863
72,24,-29.846964,47.625484,-155.96558,112.900925,142.00983
72,25,-30.950563,47.77872,-167.34903,113.36354,151.34698
72,26,-32.286613,47.784748,-178.22043,111.50437,159.2384
72,27,-34.05025,47.458046,-188.16887,107.59457,165.43564
72,28,-36.075714,46.74413,-197.37553,101.86822,170.45908
72,29,-37.995678,45.75392,-205.61844,94.59162,174.5924
72,30,-40.020573,44.479,-213.33966,85.95622,178.21298
72,31,-42.114887,43.069263,-221.14784,76.39613,182.10843
72,32,-44.30099,41.58055,-229.26895,66.30141,186.61261
72,33,-46.95586,39.721085,-237.52281,55.68541,191.23448
72,34,-49.457565,37.866096,-245.42865,45.042274,196.10242
72,35,-51.82406,36.052216,-252.88472,34.688248,201.06529
72,36,-54.077427,34.10479,-260.09494,24.514774,206.2406
72,37,-55.92221,32.392212,-267.54865,13.919713,212.43112
72,38,-57.686497,30.604988,-275.3024,2.6027296,219.41014
72,39,-58.9833,29.298235,-282.7528,-9.017585,227.02618
72,40,-59.595184,28.70157,-289.97675,-20.338118,235.5431
72,41,-59.450283,28.84727,-297.07162,-31.723616,245.21976
72,42,-58.37475,29.982756,-303.9483,-43.298615,256.27432
72,43,-56.64457,31.880037,-310.26035,-54.631523,267.96497
72,44,-53.936615,34.79996,-316.32846,-65.5103,280.91214
72,45,-51.317474,37.642605,-322.16757,-75.96182,293.7103
72,46,-48.850685,40.3569,-327.68924,-86.07029,306.16138
72,47,-46.3543,43.211338,-332.8962,-96.13258,318.6267
72,48,-44.029507,45.897907,-338.08215,-106.46259,331.18073
72,49,-41.84572,48.521976,-343.05334,-116.5955,343.49646
72,50,-38.90077,52.132843,-347.8012,-126.52393,356.84415
72,51,-34.812298,57.24518,-352.39456,-136.38693,371.95685
72,52,-30.700838,62.50251,-356.91986,-146.17123,387.2513
72,53,-26.432184,67.9899,-361.20883,-155.93538,402.76288
72,54,-21.752829,74.58414,-364.67438,-165.665,418.70615
72,55,-17.110374,81.63052,-367.22607,-174.60995,433.86655
72,56,-12.496443,89.33178,-369.1187,-182.41165,448.35693
72,57,-8.410419,97.204704,-370.4533,-189.1339,461.58948
72,58,-5.095076,105.01486,-371.3615,-195.00444,473.45822
72,59,-2.2116327,112.79724,-371.84674,-200.36404,484.45856
72,60,0.46800017,120.411674,-372.1406,-206.2251,495.50858
73,1,-7.4936337,-9.469098,-7.0309644,-8.606663,0.978702
73,2,-15.092535,-19.163925,-15.152079,-18.701384,0.46635842
73,3,-22.88408,-29.338022,-23.405935,-29.317385,0.52226233
73,4,-30.569778,-39.951134,-31.311768,-39.960518,0.74204844
73,5,-38.117733,-50.729782,-38.767845,-50.314545,0.7714065
73,6,-45.132008,-62.114548,-45.978058,-60.488018,1.833412
73,7,-51.59212,-73.486176,-53.43176,-71.08308,3.0264091
73,8,-57.57879,-85.184074,-61.185513,-82.40006,4.5562243
73,9,-63.329678,-96.348564,-68.63593,-94.02038,5.794549
73,10,-68.83429,-106.617294,-75.859856,-105.34091,7.140569
73,11,-73.71998,-116.07715,-82.954735,-116.72641,9.257551
73,12,-77.809265,-124.49162,-89.83142,-128.3014,12.611371
73,13,-81.335655,-132.11133,-96.143456,-139.63432,16.609226
73,14,-84.38817,-138.56456,-102.211586,-150.51309,21.457905
73,15,-87.49554,-145.1894,-108.050705,-160.96461,25.910849
73,16,-90.67067,-152.08086,-113.57237,-171.07307,29.752182
73,17,-93.73,-159.06879,-118.77934,-181.13538,33.382687
73,18,-96.84665,-166.2906,-123.96527,-191.46538,37.002552
73,19,-99.88864,-173.72998,-128.93645,-201.5983,40.254417
73,20,-102.43913,-180.14816,-133.68433,-211.52673,44.281788
73,21,-104.27679,-184.90503,-138.27768,-221.38972,49.871773
73,22,-106.03754,-189.6146,-142.803,-231.17403,55.487705
73,23,-107.72547,-194.16507,-147.09196,-240.93817,61.134636
73,24,-108.897995,-197.81003,-150.55748,-250.66779,67.30122
73,25,-109.87928,-201.26614,-153.10919,-259.61276,72.61648
73,26,-110.62529,-204.3979,-155.00183,-267.41443,77.07373
73,27,-111.20151,-207.69905,-156.33643,-274.1367,80.31886
73,28,-111.55894,-211.4296,-157.24464,-280.00723,82.40192
73,29,-111.753746,-215.40955,-157.72986,-285.36682,83.712746
73,30,-111.89255,-219.68405,-158.02373,-291.2279,85.127014
73,31,-112.273384,-223.02841,-158.51326,-298.25308,88.29993
73,32,-112.98628,-224.5907,-160.6485,-305.80847,94.17013
73,33,-112.80293,-224.446,-165.77652,-311.53143,101.93172
73,34,-110.947395,-224.1574,-172.81754,-313.91812,109.0179
73,35,-108.48075,-225.0386,-180.19142,-312.5989,113.17786
73,36,-106.87556,-226.27322,-186.9006,-308.18787,114.51645
73,37,-105.81443,-227.02553,-192.82715,-303.3844,115.76653
73,38,-105.24371,-227.31561,-197.91605,-300.1998,117.89939
73,39,-105.639046,-227.18059,-202.48724,-298.09332,120.03412
73,40,-106.37513,-227.00514,-206.7552,-296.69003,122.19714
73,41,-106.44352,-226.9947,-210.47824,-295.79913,124.7288
73,42,-105.54246,-227.06758,-213.80534,-295.30853,127.97531
73,43,-103.693825,-227.08629,-217.03406,-295.09595,132.17912
73,44,-102.26343,-227.00253,-221.00749,-295.18344,136.92622
73,45,-101.480774,-226.90108,-225.74783,-295.75885,142.06934
73,46,-101.29203,-226.86191,-230.16743,-296.72635,146.59436
73,47,-101.74793,-226.98044,-234.52296,-298.06973,150.60841
73,48,-102.408134,-227.16772,-239.73189,-299.69357,155.2991
73,49,-102.95589,-227.33041,-245.04199,-301.42606,160.24551
73,50,-102.45168,-227.17004,-250.79776,-303.48138,166.8232
73,51,-101.47929,-226.85057,-257.26852,-305.77243,174.63948
73,52,-100.82373,-226.65175,-264.4017,-308.19604,182.77644
73,53,-100.48321,-226.5651,-271.5924,-310.31052,190.50368
73,54,-101.05477,-226.69751,-278.67953,-312.01315,197.05154
73,55,-101.522804,-226.805,-285.9433,-313.4591,203.76422
73,56,-101.94561,-226.90065,-293.77133,-315.0169,211.09613
73,57,-102.45555,-227.00813,-302.44955,-316.16116,218.96544
73,58,-103.016426,-227.10353,-311.824,-316.87503,227.28734
73,59,-102.80346,-227.07431,-321.68994,-317.42255,236.7997
73,60,-101.39389,-226.89456,-331.63354,-317.5462,247.44295
74,1,-1.5397725,-10.19616,-0.45548865,-6.3749514,3.9720662
74,2,-6.2317286,-18.98412,-2.5907223,-13.930316,6.2287927
74,3,-13.543316,-23.982304,-7.718757,-19.653284,7.2571273
74,4,-21.49398,-24.662718,-14.759771,-22.039984,7.2269154
74,5,-29.180187,-21.302994,-22.13366,-20.720768,7.0705404
74,6,-36.04639,-15.224705,-28.842838,-16.309713,7.2848067
74,7,-43.815727,-8.868499,-34.76938,-11.506267,9.42307
74,8,-53.110718,-3.3068075,-39.858276,-8.32164,14.169536
74,9,-64.26349,1.3836188,-44.42947,-6.2151675,21.239817
74,10,-76.33529,5.1569815,-48.69743,-4.8118873,29.38077
74,11,-88.75639,7.940668,-52.42048,-3.9209938,38.223
74,12,-101.049126,9.7943735,-55.747574,-3.4303842,47.192425
74,13,-113.07902,10.747785,-58.97629,-3.217797,55.876137
74,14,-125.68992,10.879945,-62.949715,-3.3053074,64.32383
74,15,-138.99536,10.081328,-67.690056,-3.8807063,72.65938
74,16,-152.8672,8.187944,-72.10967,-4.8482113,81.80293
74,17,-167.35616,5.470463,-76.465195,-6.191594,91.63608
74,18,-182.1023,2.3667707,-81.67411,-7.815431,100.94304
74,19,-196.96169,-0.95206356,-86.984215,-9.547902,110.31288
74,20,-210.84087,-4.3334446,-92.73998,-11.603229,118.32442
74,21,-224.55473,-7.8127756,-99.21076,-13.894289,125.49142
74,22,-238.73462,-11.065722,-106.34394,-16.317894,132.49483
74,23,-253.41269,-13.740066,-113.534645,-18.432377,139.95673
74,24,-269.1209,-16.253902,-120.62176,-20.134993,148.54985
74,25,-284.91025,-18.749626,-127.88552,-21.580973,157.05023
74,26,-300.87808,-21.220497,-135.71358,-23.138765,165.17564
74,27,-317.0946,-23.485542,-144.39178,-24.283009,172.70467
74,28,-333.55862,-25.12942,-153.76624,-24.99688,179.79243
74,29,-349.40182,-26.198515,-163.63217,-25.544403,185.77081
74,30,-364.14606,-27.052624,-173.57579,-25.668053,190.5753
74,31,-378.65375,-27.901915,-183.48436,-25.325987,195.18639
74,32,-392.3311,-28.38323,-193.69772,-24.735794,198.66684
74,33,-405.16458,-28.870642,-204.20616,-23.946754,201.01874
74,34,-416.77765,-29.562883,-214.33102,-23.356775,202.54173
74,35,-428.02206,-30.881186,-222.96022,-23.309385,205.20158
74,36,-439.16394,-33.075943,-227.72273,-23.59871,211.65349
74,37,-449.47888,-35.486477,-229.20134,-23.799196,220.58737
74,38,-458.43594,-37.666695,-229.4627,-23.800077,229.39273
74,39,-465.78265,-39.471245,-229.476,-23.766174,236.82796
74,40,-471.60724,-40.916748,-229.476,-23.722141,242.741
74,41,-476.41055,-42.11291,-229.48962,-23.688337,247.60738
74,42,-480.58466,-43.1287,-229.4967,-23.65498,251.84198
74,43,-484.63705,-44.084007,-229.50325,-23.63274,255.95216
74,44,-488.663,-45.026257,-229.51007,-23.610502,260.0363
74,45,-492.64398,-45.949524,-229.51668,-23.599382,264.07483
74,46,-496.56638,-46.86212,-229.51689,-23.588263,268.06177
74,47,-500.45132,-47.766804,-229.51689,-23.587925,272.0112
74,48,-504.28488,-48.64392,-229.5237,-23.577143,275.90225
74,49,-508.0429,-49.51011,-229.53052,-23.56647,279.7181
74,50,-511.76215,-50.35928,-229.54387,-23.566023,283.48724
74,51,-515.42975,-51.195717,-229.54414,-23.566023,287.21765
74,52,-519.04694,-52.00766,-229.55096,-23.577143,290.88867
74,53,-522.6453,-52.806705,-229.55777,-23.587822,294.5404
74,54,-526.21216,-53.59814,-229.56459,-23.588263,298.16168
74,55,-529.73047,-54.371323,-229.5714,-23.599045,301.73233
74,56,-533.2112,-55.133884,-229.57822,-23.599382,305.2661
74,57,-536.65466,-55.879604,-229.59158,-23.610502,308.754
74,58,-540.063,-56.615234,-229.59866,-23.621622,312.21255
74,59,-543.4089,-57.33379,-229.61201,-23.621622,315.60257
74,60,-546.7016,-58.037434,-229.62572,-23.621958,318.9381
75,1,0.44543952,0.013940459,-0.0065394584,-0.01155987,0.45269775
75,2,1.0398641,0.033970494,-0.006814804,-0.044918347,1.0496477
75,3,1.8361537,0.062885985,-0.013292242,-0.07827683,1.8548254
75,4,2.7642262,0.09627403,-0.013629608,-0.111635305,2.7856255
75,5,3.768953,0.13331398,-0.020444412,-0.13387428,3.7988055
75,6,4.8445044,0.17121994,-0.027259216,-0.15611327,4.882748
75,7,5.9732995,0.21015525,-0.03407402,-0.17835225,6.019923
75,8,7.151376,0.2481343,-0.040888824,-0.20059124,7.2062488
75,9,8.361665,0.2862662,-0.040888824,-0.22283024,8.417962
75,10,9.608189,0.32392147,-0.040888824,-0.24506922,9.665839
75,11,10.913971,0.35987335,-0.040888824,-0.2673082,10.972798
75,12,12.264053,0.39637816,-0.040888824,-0.2673082,12.322827
75,13,13.662623,0.43262106,-0.040888824,-0.2784277,13.721947
75,14,15.113341,0.471199,-0.047703627,-0.27887246,15.179588
75,15,16.64706,0.51234424,-0.047703627,-0.27887246,16.713503
75,16,18.251175,0.55391294,-0.061060645,-0.26775298,18.33066
75,17,19.917273,0.5893685,-0.061126728,-0.2673082,19.996758
75,18,21.63834,0.61796325,-0.06133324,-0.25618872,21.717272
75,19,23.429132,0.64798033,-0.06160583,-0.25618872,23.508131
75,20,25.264158,0.67150795,-0.06133324,-0.25618872,25.342476
75,21,27.13961,0.68835855,-0.06787545,-0.24551399,27.223509
75,22,28.93219,0.70404136,-0.25623664,-0.27798292,29.204943
75,23,30.489729,0.7211462,-1.9855614,-0.41141683,32.495033
75,24,31.258057,0.7325107,-5.896987,-0.7441121,37.184376
75,25,31.500677,0.74569714,-10.531327,-1.2315906,42.078487
75,26,30.876202,0.6494972,-15.199377,-2.098061,46.157425
75,27,29.804678,0.429858,-19.231928,-3.1299105,49.16564
75,28,28.462934,0.13019583,-21.901505,-3.978136,50.531727
75,29,26.970263,-0.2162545,-23.47242,-4.4028788,50.616123
75,30,25.98403,-0.44295847,-24.278429,-4.5812263,50.43253
75,31,25.572624,-0.5346826,-24.742928,-4.6595078,50.484344
75,32,25.292276,-0.596392,-25.05668,-4.7039857,50.516235
75,33,25.07497,-0.6441166,-25.329546,-4.7373443,50.570446
75,34,24.892906,-0.68320394,-25.595589,-4.7373443,50.651005
75,35,24.770567,-0.7090022,-25.827105,-4.726225,50.756897
75,36,24.723648,-0.71881646,-25.997812,-4.726225,50.87952
75,37,24.724468,-0.71864355,-25.998487,-4.7039857,50.87928
75,38,24.759811,-0.7111952,-25.99195,-4.681747,50.906845
75,39,24.833057,-0.6958042,-25.991673,-4.681747,50.98079
75,40,24.934517,-0.6744341,-25.991673,-4.670627,51.08274
75,41,25.089596,-0.6419014,-25.991673,-4.6599526,51.239056
75,42,25.179527,-0.62337554,-25.992218,-4.6701827,51.331512
75,43,25.29197,-0.60034883,-25.998487,-4.6595078,51.450832
75,44,25.348568,-0.5888124,-25.991945,-4.6479435,51.50073
75,45,25.424496,-0.57327175,-25.991673,-4.61503,51.57478
75,46,25.537663,-0.550367,-25.991673,-4.570552,51.68592
75,47,25.697414,-0.518474,-25.991673,-4.5149546,51.843357
75,48,25.655458,-0.5267752,-26.005302,-4.459357,51.810223
75,49,25.602621,-0.5371574,-26.025747,-4.4046493,51.773026
75,50,25.528212,-0.5515281,-26.10017,-4.370401,51.769424
75,51,25.425196,-0.56929904,-26.331324,-4.369956,51.89588
75,52,25.158348,-0.59540987,-26.820082,-4.3815203,52.11614
75,53,24.655682,-0.40530103,-28.892208,-3.874449,53.66015
75,54,24.217604,0.41556257,-31.619614,-0.46345606,55.84414
75,55,23.909187,2.5407972,-32.940052,5.6193514,56.932533
75,56,24.175571,5.650535,-32.47801,13.862898,57.24571
75,57,25.26048,9.269677,-29.755129,23.080223,56.722557
75,58,27.119358,13.56019,-25.117125,31.857897,55.348495
75,59,29.266735,18.301983,-19.372946,40.793865,53.588276
75,60,31.758291,23.755566,-13.096553,50.40759,52.17554
76,1,-4.145716,-1.1703446,-0.41551343,-0.06705391,3.8899438
76,2,-7.907132,-2.2335715,-0.7292673,-0.11153188,7.4849715
76,3,-11.4660845,-3.244326,-1.0021323,-0.14489035,10.913331
76,4,-14.962458,-4.221046,-1.2681743,-0.14489035,14.288053
76,5,-18.39212,-5.165674,-1.4996917,-0.13377087,17.625952
76,6,-21.73973,-6.0818563,-1.6703994,-0.13377087,20.93222
76,7,-25.037256,-6.989378,-1.6710742,-0.11153188,24.357405
76,8,-28.299438,-7.8874574,-1.6645347,-0.0892929,27.753006
76,9,-31.52417,-8.773176,-1.6642593,-0.0892929,31.097012
76,10,-34.719826,-9.652549,-1.6642593,-0.07817341,34.414227
76,11,-37.862846,-10.514696,-1.6642593,-0.06749869,37.676006
76,12,-41.06085,-11.379468,-1.6648045,-0.07772862,40.98509
76,13,-44.23395,-12.233552,-1.6710742,-0.06705391,44.26762
76,14,-47.451614,-13.096453,-1.664532,-0.055489637,47.60802
76,15,-50.646843,-13.956129,-1.6642593,-0.022575941,50.9258
76,16,-53.80736,-14.799051,-1.6642593,0.02190203,54.20852
76,17,-56.92418,-15.621484,-1.6642593,0.077499494,57.44664
76,18,-60.23403,-16.488764,-1.6778889,0.13309696,60.869602
76,19,-63.55452,-17.354193,-1.6983334,0.18780486,64.29549
76,20,-66.89691,-18.21376,-1.7727565,0.2220529,67.68334
76,21,-70.28154,-19.012548,-2.0039093,0.22249767,70.93534
76,22,-73.87612,-19.587025,-2.4926677,0.2109334,74.07804
76,23,-77.60797,-18.430025,-4.5647955,0.71800494,75.51127
76,24,-79.858246,-14.769304,-7.292201,4.128998,74.98651
76,25,-80.980576,-9.372862,-8.612637,10.211805,74.971176
76,26,-80.82146,-2.883606,-8.150595,18.455353,75.73906
76,27,-79.18848,4.081031,-5.4277153,27.672676,77.44169
76,28,-76.44081,11.657593,-0.7897115,36.45035,79.61011
76,29,-73.37894,19.687428,4.9544673,45.38632,82.44122
76,30,-70.004196,28.450314,11.230861,55.000042,85.46357
76,31,-66.8456,37.400673,17.28314,65.0865,88.5672
76,32,-63.119896,47.040344,23.382036,75.183,90.96479
76,33,-59.063255,57.149055,29.773123,85.00323,93.10079
76,34,-54.565006,67.50323,36.220894,94.799065,94.800545
76,35,-50.040047,78.541794,42.714153,104.670815,96.364235
76,36,-45.27595,90.471535,49.120533,115.0108,97.53395
76,37,-40.298893,102.96728,55.553574,125.6843,98.50765
76,38,-35.033314,115.95795,62.252068,136.63554,99.45858
76,39,-29.130375,129.6167,69.1253,147.80998,99.925835
76,40,-22.366957,143.48526,76.41611,159.197,100.024765
76,41,-15.027832,157.404,84.12801,170.61804,100.032455
76,42,-6.3856316,171.59528,92.36492,181.81671,99.27814
76,43,3.5891953,186.16153,101.71476,191.97237,98.29746
76,44,14.284013,199.93349,112.326996,201.74512,98.05972
76,45,25.966137,214.82385,123.73128,211.56317,97.819496
76,46,37.89487,229.94443,135.17543,221.48172,97.647964
76,47,49.666946,245.7617,146.2381,231.78726,97.57701
76,48,60.91447,262.34866,156.76157,242.43886,97.893135
76,49,71.36738,279.14142,166.89015,253.60149,98.87815
76,50,80.01702,296.3445,176.34996,265.44244,101.168045
76,51,87.79197,314.34662,184.93492,278.0016,103.7194
76,52,94.253105,332.7654,192.54858,290.83444,106.86537
76,53,99.974396,351.35327,199.3131,303.85403,110.11065
76,54,104.52193,370.10797,204.98784,316.79935,113.73306
76,55,108.33494,388.47122,209.33322,328.70297,117.35799
76,56,111.76229,405.6751,212.63074,339.03738,120.89264
76,57,115.125374,423.63388,215.30096,348.21414,125.39253
76,58,117.280556,441.94043,217.20766,357.36542,130.91356
76,59,118.034645,459.19382,218.0283,367.21292,135.8647
76,60,118.46266,474.81052,218.64024,377.8516,139.41515
77,1,1.9993927,3.301556,5.4379063,9.116707,6.7556906
77,2,4.459402,7.061919,11.536802,19.213205,14.062124
77,3,7.3370876,11.3361225,17.927889,29.033436,20.624256
77,4,10.267792,15.43053,24.375662,38.82927,27.322756
77,5,13.314075,19.877573,30.86892,48.701023,33.74854
77,6,16.641066,24.830296,37.275303,59.041004,39.951775
77,7,20.12549,30.027504,43.708344,69.71451,46.165024
77,8,23.703539,35.295094,50.406834,80.66575,52.64563
77,9,27.607752,40.769646,57.280067,91.84019,59.064766
77,10,31.750969,46.049942,64.57088,103.2272,65.927124
77,11,35.898632,51.006252,72.28278,114.648254,73.30833
77,12,40.4454,55.803783,80.519684,125.84692,80.6969
77,13,45.80874,60.888935,89.86952,136.00258,87.082794
77,14,51.13152,65.362595,100.481766,145.77531,94.34857
77,15,57.403587,70.58127,111.88605,155.59338,100.97227
77,16,63.524952,75.64668,123.33021,165.51193,107.94643
77,17,69.64921,81.01168,134.39285,175.81747,114.80365
77,18,75.330124,86.44748,144.91634,186.46906,121.84644
77,19,80.21334,91.50014,155.04492,197.6317,129.86021
77,20,84.04846,96.26747,164.50473,209.47264,138.88348
77,21,87.68499,101.369225,173.08969,222.03178,147.82901
77,22,90.749115,106.37872,180.70334,234.86465,156.84514
77,23,93.372925,111.06764,187.46786,247.88423,166.05011
77,24,95.431725,115.335625,193.14261,260.82956,175.25952
77,25,96.922104,118.70638,197.48799,272.7332,183.9504
77,26,97.83492,120.81687,200.7855,283.06757,192.15648
77,27,98.94932,123.47714,203.45572,292.24435,198.5043
77,28,99.88409,126.21728,205.36241,301.3956,204.48256
77,29,100.32492,127.906685,206.18307,311.24313,211.70311
77,30,100.34574,127.992134,206.79501,321.8818,221.1892
77,31,100.05957,126.78464,207.5517,332.91232,232.4719
77,32,99.549286,124.47387,207.99568,342.6837,243.6722
77,33,99.192566,121.80315,208.00523,351.501,254.16786
77,34,99.01703,119.84003,207.65967,360.22952,263.79977
77,35,98.96373,117.49227,206.63992,369.7877,274.3121
77,36,99.05408,115.35979,204.83752,380.8351,285.7749
77,37,99.17806,113.909355,202.09608,392.841,297.31293
77,38,99.38784,112.491196,198.4798,404.87503,308.71918
77,39,99.65254,111.36523,194.71101,415.11517,318.27682
77,40,100.26262,109.60597,190.88391,423.4023,326.61957
77,41,101.00504,108.1734,186.47707,431.42035,334.35617
77,42,102.218445,106.252525,181.13179,439.92365,342.87567
77,43,104.1175,103.357185,174.84535,449.40503,353.20184
77,44,105.87967,100.61973,168.2632,459.28003,364.04523
77,45,108.661575,97.23652,162.05312,467.09882,373.6961
77,46,113.11326,94.719536,155.60425,471.4938,379.16266
77,47,118.66669,91.603264,148.89621,475.2236,384.80954
77,48,124.62723,87.96536,141.88394,480.64438,393.058
77,49,131.37642,84.192825,133.01624,486.57788,402.38843
77,50,137.98328,81.35481,123.055534,491.71796,410.63458
77,51,144.6032,78.87465,112.62795,496.69357,419.04065
77,52,150.82013,76.551796,102.026665,501.77383,428.01236
77,53,156.5617,74.44304,91.173164,507.06604,437.53662
77,54,162.66287,72.12678,80.06694,512.55884,448.10992
77,55,168.1559,69.8181,68.88459,518.21643,459.25574
77,56,172.77353,67.52735,58.452602,524.34326,470.90344
77,57,176.64517,65.64512,49.97485,529.3037,480.65027
77,58,181.84122,64.81596,42.763985,531.85815,487.30984
77,59,188.20937,64.91487,35.628693,532.83374,492.1676
77,60,195.8861,63.73208,28.964605,535.31824,500.25623
