episode_idx,time_sec,dr_E_m,dr_N_m,gt_E_m,gt_N_m,raw_drift_m,snapped_drift_m
0,1,8.131913,4.9277043,4.1056023,3.5256257,4.2634497,31.719426897803856
0,2,16.088972,9.744255,7.7141213,8.950839,8.412351,24.947745718752614
0,3,23.999407,14.333376,10.57798,15.151087,13.446314,18.238819108014376
0,4,32.19354,18.835388,14.58472,20.303616,17.669922,20.5512023771675
0,5,40.63546,23.318256,20.032585,22.830622,20.608644,25.80550428179585
0,6,48.725964,28.894413,25.593431,21.65151,24.23992,31.656337555573586
0,7,56.366203,35.91393,29.72864,17.178917,32.56625,36.46113205452954
0,8,65.26647,41.748417,32.617115,10.445286,45.231255,18.538151505584963
0,9,75.46241,40.600044,35.805298,2.4064488,55.05849,0.0
0,10,78.76899,32.62579,39.71887,-6.6786213,55.405315,18.538151505584963
0,11,73.20642,28.111217,44.359863,-16.217812,52.888435,36.46113205452954
0,12,68.563286,31.353285,49.299305,-26.092873,60.590115,53.3056745924432
0,13,69.92093,35.068905,54.071075,-36.735165,73.53259,59.15475329091228
0,14,71.63077,34.706738,58.92288,-47.460705,83.144325,70.51641007500918
0,15,71.647995,34.901947,63.83695,-58.119022,93.34834,82.66296460211734
0,16,73.21529,34.92099,68.85495,-68.671394,103.68411,93.50811235615453
0,17,74.171646,32.894104,74.17056,-78.8637,111.757805,102.7501562442074
0,18,72.40754,30.87927,80.55635,-87.93009,119.08849,116.75357658711474
0,19,69.16555,32.371834,88.4304,-95.79557,129.60716,133.20045065904534
0,20,70.08697,36.987,97.203926,-103.00757,142.59666,147.61694784560672
0,21,75.599396,37.14967,106.29597,-109.99516,150.31262,154.41458156954252
0,22,76.2792,30.783949,115.37273,-116.79774,152.67172,159.01196136324478
0,23,69.33275,28.418484,124.2629,-123.487114,161.53214,162.2868780380872
0,24,64.779015,36.260414,132.9597,-130.1112,179.80022,164.31722787470943
0,25,73.49061,42.629143,141.55788,-136.9168,192.01535,183.25931924058068
0,26,81.67154,33.95962,149.61417,-144.02214,190.50908,206.95237488235895
0,27,72.741486,24.776165,156.86157,-151.21344,195.06033,203.88887485897612
0,28,60.59607,29.866909,162.94553,-158.65765,214.51555,226.66609291505162
0,29,57.26975,42.74831,168.36646,-165.6861,236.19353,222.37519996354624
0,30,65.12262,53.20182,173.34239,-172.53625,250.33817,244.00679483899307
0,31,78.5081,51.066803,178.1715,-179.08458,250.80362,238.97358714700525
0,32,85.336975,40.307297,183.39536,-185.03871,245.75653,260.0444647570001
0,33,91.48919,30.032223,189.49455,-189.87286,240.75569,273.43858657206647
0,34,100.47425,23.453459,196.02791,-194.11757,237.62924,274.96404858459414
0,35,110.55034,25.359661,201.84453,-199.41101,242.60356,269.5898483880971
0,36,116.54948,32.685207,206.25934,-206.44907,255.40764,269.5856335261209
0,37,119.3794,41.08039,209.60982,-214.67542,271.20575,286.36872632647606
0,38,122.77577,48.89589,212.72923,-223.05693,286.44363,286.59591601037516
0,39,126.514015,56.486732,215.76788,-231.3781,301.38416,303.3550030885576
0,40,130.08162,63.200207,218.952,-240.17117,316.12045,319.43101247783744
0,41,133.94681,69.106415,222.19916,-249.19128,330.30576,321.48754570627966
0,42,137.8287,74.53293,225.47932,-258.17307,344.058,337.8445298457761
0,43,142.7168,78.96365,228.9015,-266.81714,356.3596,352.91698458397997
0,44,146.78355,82.92295,232.20247,-274.88522,367.86285,355.3860810214397
0,45,150.72516,87.316376,235.44324,-284.0139,380.87177,370.77032443176853
0,46,154.82451,91.27217,238.70872,-293.3511,393.66437,384.4382648465978
0,47,158.7172,94.226585,242.05673,-302.29822,405.1881,389.61835174624883
0,48,162.30081,96.63655,245.32861,-311.61758,416.61142,403.2578433488457
0,49,165.25926,98.74166,248.39197,-319.8074,426.7252,407.720969002704
0,50,168.14369,100.79578,251.69827,-328.17917,437.03647,420.5712905050535
0,51,170.71501,102.652306,255.39491,-334.8898,445.66107,424.18604221136445
0,52,172.84175,104.44555,258.8219,-341.98248,454.6324,432.00549778934163
0,53,174.64684,106.08925,261.5376,-350.19965,464.48846,440.39375597727843
0,54,176.77966,108.26563,263.88675,-357.02658,473.37564,451.3982652062988
0,55,179.40501,111.61994,266.5458,-364.40915,483.93927,455.08782389543114
0,56,181.68431,114.18774,267.93576,-370.45648,492.25943,464.90331300024246
0,57,185.02066,117.77396,270.163,-377.9376,502.97034,468.49765844202267
0,58,187.264,120.77194,272.36398,-386.27615,514.13983,480.6705745160263
0,59,189.10608,123.4226,275.08908,-394.9177,525.42334,485.5746058807689
0,60,191.09015,126.387436,278.01227,-403.7607,537.2267,488.7123676167006
1,1,-0.14167279,-3.9743714,4.356498,-5.850855,4.8738823,4.191485718998115
1,2,-3.686996,-6.552777,9.580356,-11.804986,14.269138,7.9208880836674505
1,3,-7.4125485,-8.949107,15.679551,-16.639149,24.338896,20.132811502564014
1,4,-9.920982,-12.646879,22.2129,-20.883852,33.17279,23.341890307298733
1,5,-8.818886,-17.534481,28.02953,-26.177288,37.84843,23.38669898999312
1,6,-4.427698,-20.881788,32.44434,-33.21534,38.88012,23.576070025452882
1,7,1.2531323,-22.578632,35.79481,-41.441692,39.35661,39.40349303241628
1,8,6.8719664,-24.790901,38.914227,-49.823204,40.66107,42.275395775913196
1,9,12.222183,-27.197742,41.952877,-58.144382,42.913967,46.54423318289316
1,10,18.010962,-30.019705,45.136993,-66.93746,45.81203,48.62142190241654
1,11,23.750576,-33.49633,48.384155,-75.95757,49.089413,49.91715334738508
1,12,29.156801,-37.085567,51.66432,-84.93936,52.882645,52.83653908732817
1,13,33.630135,-41.687553,55.086502,-93.58343,56.156544,56.184745361776855
1,14,38.808064,-46.647705,58.387466,-101.65151,58.38469,58.379057803467575
1,15,44.000145,-50.988865,61.628235,-110.78017,62.335777,62.21201199970038
1,16,48.87566,-55.700905,64.89372,-120.11738,66.37816,66.02328182578317
1,17,53.585434,-61.476696,68.24173,-129.06451,69.15866,68.54220350504211
1,18,58.171665,-67.80802,71.5136,-138.38387,71.82588,70.92594550804105
1,19,63.232525,-74.419685,74.576965,-146.57368,73.040375,71.6683750068335
1,20,68.248,-80.96688,77.88327,-154.94547,74.60342,72.34437211445926
1,21,73.42072,-87.62888,81.57991,-161.65607,74.47547,71.61513916503321
1,22,79.06711,-93.870224,85.0069,-168.74875,75.11375,72.18498681329231
1,23,84.77502,-99.715614,87.722595,-176.96594,77.30654,73.82558216948587
1,24,90.136444,-104.615295,90.07174,-183.79288,79.17761,74.76772320769373
1,25,94.74577,-107.97054,92.73081,-191.17543,83.22928,77.92595288197356
1,26,99.71061,-112.07727,94.12075,-197.22275,85.32877,77.78667741024013
1,27,103.426384,-115.29999,96.348,-204.70386,89.68364,80.69279726128539
1,28,108.361336,-118.73107,98.548996,-213.04242,94.82042,85.7391749839127
1,29,113.78843,-122.22854,101.27408,-221.68399,100.23969,89.69551434843463
1,30,118.79349,-125.33094,104.19727,-230.52698,106.20384,93.42979441161
1,31,123.82303,-128.3252,107.23281,-239.82144,112.72377,97.68423942880953
1,32,128.27016,-130.80093,110.37478,-249.39043,119.93211,103.82144519363771
1,33,133.40405,-133.15663,113.59395,-259.10825,127.5,110.11468233256159
1,34,137.92062,-134.877,116.760284,-268.6773,135.46321,112.65572616028369
1,35,142.04556,-135.31435,119.88608,-277.96902,144.36551,119.89289561994748
1,36,144.7048,-135.44028,123.02208,-287.09183,153.19379,132.10504029651474
1,37,148.14117,-135.1243,126.1329,-296.2173,162.58942,136.72041043146734
1,38,152.60106,-133.89711,129.09625,-305.11356,172.82231,151.1227070202976
1,39,156.31516,-132.23637,131.82524,-313.7377,183.14607,154.1952490688187
1,40,159.90884,-130.58588,134.4117,-322.11725,193.22104,168.93568574802637
1,41,163.78297,-129.13536,136.86858,-330.26962,202.92703,171.0244105358073
1,42,167.505,-128.12498,139.26079,-338.58978,212.35152,186.09933385327037
1,43,173.05745,-126.82193,141.67918,-347.4689,222.86696,202.81914682083823
1,44,178.84186,-125.35604,144.02983,-356.52722,233.77765,204.63423796806805
1,45,183.44719,-124.4496,146.27512,-365.06384,243.46864,205.65461097959053
1,46,186.70381,-123.77423,148.83806,-373.44348,252.52435,214.41735252620242
1,47,188.53998,-123.62745,151.29924,-381.79733,260.84204,223.12524118359553
1,48,189.60422,-123.727325,153.73816,-390.03275,268.7098,231.71345350214625
1,49,189.79274,-123.77559,155.83412,-398.10843,276.42664,240.0477950989959
1,50,189.27371,-123.612206,157.87448,-406.19482,284.32172,248.37661196696516
1,51,189.0339,-123.53885,160.68085,-413.6478,291.49118,256.32551157637045
1,52,189.15797,-123.57626,164.61002,-420.08597,297.52414,263.6433426666583
1,53,189.67038,-123.69282,169.89705,-425.51236,302.46655,270.4344214704326
1,54,189.84747,-123.76088,176.49191,-429.64496,306.1755,276.4730627961761
1,55,189.3542,-123.54735,183.19958,-433.16513,309.67896,282.0620890221908
1,56,188.40425,-123.165344,188.67134,-437.3883,314.22308,287.94938481452976
1,57,186.14151,-122.43833,192.24037,-442.7954,320.41513,294.2822376459639
1,58,182.45718,-121.320854,193.49908,-449.5473,328.4121,308.88317607931145
1,59,178.17192,-119.764206,192.65079,-457.6946,338.24045,311.9043724465814
1,60,175.28127,-118.5355,191.2085,-466.85892,348.68738,316.46472608570747
2,1,3.3135319,-9.456349,2.743198,-8.382204,1.2161698,10.071623242570062
2,2,7.10822,-19.290524,5.8851647,-17.951195,1.8137436,10.237130057431777
2,3,11.907963,-29.309322,9.104332,-27.668997,3.2482324,10.237130057431777
2,4,17.3387,-38.951374,12.27067,-37.23808,5.3497944,10.079341246255447
2,5,25.07492,-46.909725,15.396465,-46.529793,9.68591,9.80340316446437
2,6,32.610466,-53.80757,18.532463,-55.652603,14.198391,9.646779649142932
2,7,42.062263,-60.304874,21.64328,-64.778046,20.903208,9.64111483346252
2,8,53.56134,-65.51482,24.606636,-73.67431,30.082424,9.376848947961896
2,9,65.24815,-68.79266,27.335625,-82.29848,40.246326,9.045656189430861
2,10,76.82993,-71.915634,29.92208,-90.67802,50.521023,8.769640174994837
2,11,88.28112,-75.91062,32.378963,-98.83038,60.418262,5.813599008697079
2,12,98.98572,-80.80514,34.771168,-107.15054,69.40886,25.94059843509117
2,13,111.139885,-86.87867,37.189575,-116.02968,79.48855,26.372814313333567
2,14,123.6367,-92.8496,39.54021,-125.088,90.064064,18.560631273308495
2,15,134.68805,-98.88101,41.7855,-133.62459,99.18669,18.185282048511528
2,16,144.60583,-104.163895,44.348442,-142.00426,107.160805,17.58636422310562
2,17,152.57335,-109.78194,46.80963,-150.35811,113.280136,17.471529133418283
2,18,158.88875,-116.12395,49.24854,-158.5935,117.578224,17.297848670482058
2,19,163.7044,-122.78105,51.34451,-166.66919,120.627174,16.929791958176697
2,20,167.84119,-129.20802,53.38487,-174.7556,123.18616,16.68303830716883
2,21,172.19345,-135.85063,56.19123,-182.20856,124.922264,16.277719794485296
2,22,176.76524,-142.76828,60.120407,-188.64674,125.34293,16.249760582899167
2,23,182.03781,-149.65797,65.40743,-194.07314,124.80125,15.023754940623547
2,24,186.14453,-157.00099,72.0023,-198.20573,121.35189,15.250075427530277
2,25,189.63766,-163.90598,78.70997,-201.72589,117.19769,15.347195406487193
2,26,193.09389,-170.31555,84.18173,-205.94907,114.593216,14.432945258220595
2,27,196.29218,-175.34962,87.750755,-211.35617,114.35783,13.20927496517435
2,28,198.78627,-179.1367,89.00946,-218.10806,116.48912,13.082436872253941
2,29,200.74597,-182.49341,88.16117,-226.25539,120.790924,14.904861747118417
2,30,203.15977,-187.18762,86.71888,-235.41968,126.034966,29.57963961991203
2,31,205.98412,-192.29866,85.92227,-244.96675,131.10596,33.66027660007266
2,32,208.47415,-196.75266,85.92668,-254.98898,135.68108,49.07095982418655
2,33,210.01817,-201.62553,86.15781,-265.456,139.3403,54.12326500827461
2,34,210.52394,-206.52502,86.52428,-276.07553,142.1731,70.16559370039971
2,35,208.54465,-210.91118,86.941185,-286.7675,143.32335,75.41565279340465
2,36,205.0687,-213.32846,87.70708,-297.7264,144.55713,79.62901160392023
2,37,201.72392,-214.29634,89.260315,-308.17706,146.49796,90.06935574416319
2,38,199.33769,-214.30093,91.18229,-319.0964,150.59775,101.01172506227363
2,39,197.54669,-214.43556,93.25618,-330.28784,155.879,112.26016171320688
2,40,197.25957,-214.4455,95.262726,-341.41324,162.86241,123.46367072723669
2,41,197.35411,-214.4414,97.12418,-352.73776,170.7979,134.87406389673447
2,42,198.22572,-214.2923,98.604485,-364.23935,180.02364,146.44599429742723
2,43,199.54512,-214.08531,99.0172,-375.036,189.76562,157.24678022166034
2,44,201.62674,-213.7541,99.02699,-385.05478,199.67632,167.2470491866885
2,45,203.45126,-213.52892,99.0136,-394.9556,209.33913,177.13031346111026
2,46,205.33362,-213.4652,99.23776,-406.1515,219.9644,188.32142135042105
2,47,206.25128,-213.46968,99.81295,-417.2743,229.92485,199.45906832051043
2,48,207.32852,-213.45525,101.08305,-427.56918,239.02484,209.80887826831594
2,49,208.93932,-213.38776,103.16521,-437.9465,248.22327,220.29378800903316
2,50,211.63582,-213.18275,106.417206,-448.18063,257.4781,230.73029027959882
2,51,215.80788,-213.0492,110.71431,-457.91882,266.46912,247.6298488353219
2,52,220.80492,-213.70804,115.67925,-466.1771,273.48132,262.1275642759724
2,53,225.29822,-216.30215,121.36347,-473.0827,277.0175,263.8763933328836
2,54,227.20949,-218.5167,127.63282,-478.815,278.69467,270.4163775922458
2,55,228.35121,-221.20111,134.87975,-483.30426,278.27142,276.0021910549073
2,56,229.76778,-224.251,143.21611,-486.9168,276.55832,287.10349734879867
2,57,231.64807,-228.1486,152.10449,-491.7033,275.29666,287.63957429058655
2,58,233.98956,-233.17558,160.86212,-498.77246,275.48016,289.7172024274873
2,59,236.51958,-238.67668,170.28572,-506.7583,276.1425,295.06804082186864
2,60,238.43816,-243.54326,181.17787,-514.711,277.1474,310.5955462454876
3,1,-0.903514,-8.954409,-0.67402244,-8.556116,0.45967743,0.3981915874874466
3,2,-1.8082783,-17.71917,-0.66961026,-18.578337,1.4264407,0.8596673918908991
3,3,-4.488549,-26.097271,-0.43848678,-29.045338,5.009402,20.490574403074064
3,4,-8.7963,-33.704823,-0.07201447,-39.664898,10.565778,21.095029290145565
3,5,-16.410063,-38.152325,0.34489197,-50.356846,20.728697,21.325904588311495
3,6,-24.91973,-38.06237,1.1107843,-61.315758,34.904263,24.141248337828443
3,7,-32.376476,-35.453587,2.664019,-71.766426,50.46245,42.83359957928463
3,8,-37.9965,-31.472702,4.585996,-82.68577,66.60365,64.32250841301664
3,9,-43.48922,-28.156317,6.6598897,-93.877205,82.66903,67.05174771094102
3,10,-47.679096,-25.389252,8.666436,-105.002594,97.53514,81.17818942612385
3,11,-51.767242,-22.740072,10.527894,-116.327126,112.424286,98.38807211859418
3,12,-55.63486,-20.877604,12.008194,-127.82871,126.54692,108.90301150699837
3,13,-59.292618,-19.053478,12.420905,-138.62538,139.42836,120.75869064507941
3,14,-62.477844,-17.473633,12.430701,-148.64413,151.05295,131.85020250543528
3,15,-66.12692,-15.501776,12.417308,-158.54495,163.18869,143.66942470447904
3,16,-69.53863,-13.245105,12.641472,-169.74084,176.7611,157.09125371564284
3,17,-73.66794,-10.277744,13.21666,-180.86366,191.43794,162.8783749789055
3,18,-77.80537,-7.4177427,14.48676,-191.15854,205.6174,183.23073776999362
3,19,-81.649925,-4.9189343,16.568916,-201.53586,219.78435,193.74858579065784
3,20,-84.71107,-3.0742218,19.820915,-211.76997,233.41133,204.24477650821947
3,21,-86.52312,-1.8708481,24.118015,-221.5082,245.93094,214.3904485900566
3,22,-87.53406,-0.93035614,29.082962,-229.76645,256.83746,223.96621750512358
3,23,-88.05337,0.20500088,34.767178,-236.67206,266.82507,232.67459469530183
3,24,-88.38318,3.710727,41.03653,-242.40437,278.0685,242.71090375242045
3,25,-87.60225,7.2683206,48.283447,-246.89362,288.2069,251.5707939570535
3,26,-87.00203,10.504192,56.619812,-250.50616,297.91547,256.8254327913511
3,27,-86.60128,12.856635,65.508194,-255.29265,308.28775,263.5638147385041
3,28,-86.37904,14.062026,74.26583,-262.36185,319.7138,272.67095741726405
3,29,-86.233864,14.828665,83.68944,-270.34766,331.96304,283.00559221003175
3,30,-85.84884,16.383871,94.58157,-278.30032,345.53424,293.9340925307821
3,31,-85.27587,18.560654,106.53254,-285.9451,359.88083,305.14658744061586
3,32,-84.84561,20.38989,118.918915,-293.3121,374.07074,316.50362480890357
3,33,-84.84802,20.500387,131.2022,-300.40277,386.85468,327.80618353502086
3,34,-84.32467,18.891382,143.5379,-307.44498,398.01605,339.30344937285173
3,35,-82.94342,16.544079,155.56897,-314.60324,408.10135,350.9678874533294
3,36,-81.206024,14.536041,167.28113,-322.00565,418.3374,362.86698660754627
3,37,-79.42039,12.83008,178.93341,-329.30212,428.72034,374.77887810360414
3,38,-77.822426,11.455624,190.40869,-336.24234,439.13757,386.4153940980706
3,39,-76.28962,10.365084,201.5466,-343.08228,449.57535,397.9061744182088
3,40,-74.58411,9.832305,212.55249,-350.137,460.46207,409.60676498175854
3,41,-72.49766,10.17378,223.67393,-357.43573,472.07455,421.65622604184426
3,42,-70.9154,12.732951,235.16182,-364.72485,485.96054,433.9693538367406
3,43,-71.58464,15.329023,247.02402,-371.83057,501.40204,446.4117624277901
3,44,-72.28846,16.896181,259.15005,-378.30728,515.78796,458.56333260997593
3,45,-72.76228,17.864147,271.32248,-385.39395,530.1051,471.3280792413769
3,46,-72.96014,18.244135,283.85498,-392.80664,544.31586,484.6412793505296
3,47,-73.01516,18.345825,296.86078,-398.49313,557.28174,496.92077366994135
3,48,-72.94233,18.211222,310.19977,-402.6585,569.14777,508.29683102128956
3,49,-72.72105,17.671953,323.19284,-406.66107,580.35016,519.4569020631892
3,50,-72.47476,16.97274,335.91696,-412.3973,592.57275,531.9033984877896
3,51,-72.17047,15.95835,348.30896,-418.19995,604.3975,544.2615784872069
3,52,-71.929504,15.100617,361.80392,-422.62024,616.2177,556.3463072513573
3,53,-71.646416,13.800858,375.0142,-428.0223,628.2622,569.0790936950897
3,54,-71.55855,12.054098,388.24445,-433.06143,639.9583,581.6263977539501
3,55,-71.49144,9.854038,401.48767,-439.18906,652.1878,595.0577996835987
3,56,-71.46133,6.9875154,414.87192,-445.8374,664.5077,609.0199623203863
3,57,-71.36599,3.6219902,427.77975,-453.2352,676.6572,621.909026037327
3,58,-71.5499,1.8402771,440.37863,-460.77032,689.98505,634.8703196988993
3,59,-71.676834,0.5521802,452.89102,-468.16257,703.4664,648.0376797679685
3,60,-71.999985,-1.860015,465.7244,-474.501,715.9169,659.9800307864735
4,1,7.862847,-5.185309,10.7889595,-6.858035,3.370482,3.36677764970837
4,2,15.772784,-10.0331955,23.175335,-14.225033,8.507012,8.505095480442039
4,3,23.223406,-12.302059,35.45862,-21.31571,15.1969185,15.124614109534939
4,4,29.557718,-12.313156,47.794323,-28.357908,24.290077,23.815589804732173
4,5,35.170795,-11.083369,59.82539,-35.516193,34.7104,33.56765120229765
4,6,40.610687,-8.802165,71.53755,-42.9186,46.04782,43.84606075154429
4,7,45.989155,-5.9193563,83.189835,-50.21508,57.844635,54.28694119470822
4,8,51.538025,-2.5609915,94.66511,-57.155293,69.57358,69.20939262475437
4,9,57.008373,1.479913,105.80301,-63.995216,81.657265,74.86927923711484
4,10,61.17156,7.3241367,116.808914,-71.04993,96.11456,81.15244135171406
4,11,62.28933,14.526566,127.93035,-78.34869,113.730194,103.11801436300331
4,12,58.036037,19.567438,139.41823,-85.637794,133.00827,123.13585039790433
4,13,51.040207,20.015024,151.28043,-92.74351,150.87276,143.24248437992662
4,14,43.087807,19.16955,163.40646,-99.22021,168.79785,163.4299940120797
4,15,34.51065,17.96935,175.5789,-106.30691,188.00223,184.77789991049184
4,16,25.298613,16.446089,188.1114,-113.71958,208.44928,207.29103852988848
4,17,15.772277,14.714962,201.1172,-119.40607,228.78198,228.48076499287475
4,18,5.9531336,12.930452,214.45619,-123.57146,249.21135,234.74127410028834
4,19,-4.4578466,12.167032,227.44926,-127.57403,270.75537,260.786585837352
4,20,-15.075589,11.9284315,240.17339,-133.31024,293.67722,261.93296193932963
4,21,-26.036476,12.199865,252.56538,-139.1129,317.04028,288.34611176433737
4,22,-36.855312,12.657979,266.06033,-143.53317,340.81308,289.5609858427694
4,23,-48.08973,13.804895,279.2706,-148.93526,365.58057,316.50614974177597
4,24,-59.416306,16.890009,292.50085,-153.97437,391.2037,317.8166241220346
4,25,-71.147606,20.335869,305.74408,-160.102,417.85785,345.13061635765683
4,26,-83.48076,24.227945,319.12833,-166.75034,445.6083,347.3356811203497
4,27,-96.39956,28.053158,332.0362,-174.14813,473.7537,374.93934885726543
4,28,-107.31036,32.913162,344.63504,-181.68326,500.30618,376.85719368249215
4,29,-117.80645,37.530342,357.14746,-189.0755,526.24274,404.11479225496237
4,30,-129.17274,43.01197,369.98083,-195.41394,553.17377,405.6814649593242
4,31,-140.18155,49.987045,382.65918,-201.39166,580.13245,432.42646864385574
4,32,-151.6525,56.43448,395.25098,-206.67632,606.9025,433.295301079396
4,33,-163.14267,62.426712,407.428,-212.2655,633.2509,459.4141922038772
4,34,-174.60742,68.22241,419.38956,-217.5378,659.1595,459.72604589606505
4,35,-186.08209,74.040306,430.88336,-222.2235,684.41113,484.82177151843575
4,36,-197.43303,75.30708,442.03833,-227.0509,707.35,484.2207957095133
4,37,-207.66145,71.447624,452.8437,-231.94647,726.8528,508.7988388534725
4,38,-217.96425,67.61106,463.8229,-236.73387,746.6322,508.02838114504357
4,39,-227.4014,69.463524,474.91315,-241.65776,768.142,532.8715293176872
4,40,-230.60892,76.86008,486.19928,-245.32516,785.88635,531.877007300819
4,41,-228.32254,82.256615,496.91742,-250.06319,797.7528,556.30126300662
4,42,-225.30864,82.628685,506.90546,-254.49623,806.09595,567.2167016385442
4,43,-225.15628,82.406845,515.9743,-258.75995,815.8856,577.234978588363
4,44,-224.16724,84.3617,523.89844,-262.79556,824.69415,586.1277709561789
4,45,-219.57494,83.52345,531.1014,-266.83194,828.41046,594.3763883186518
4,46,-219.5255,76.20886,538.5981,-271.20078,833.93335,590.3179928627632
4,47,-228.96324,73.322685,546.6132,-276.23898,850.71277,612.4628920800852
4,48,-235.92926,83.91332,555.1674,-282.01978,871.6312,609.9830478622509
4,49,-224.9681,95.137856,564.22375,-288.901,877.67285,633.901381454404
4,50,-208.19896,89.31258,573.7922,-296.48267,871.97943,633.1466045742508
4,51,-202.66255,70.64613,583.71796,-304.99576,871.4936,631.4871876756353
4,52,-219.47408,57.663055,593.5717,-313.50217,893.7601,671.292401512525
4,53,-241.19852,64.73483,603.43146,-321.79153,928.87164,656.7475627769752
4,54,-249.55046,87.46022,612.75146,-330.3194,958.1777,696.1325427595832
4,55,-231.67049,106.23753,621.6222,-339.7016,962.7929,681.248451260615
4,56,-205.916,97.5447,630.11316,-349.10345,947.8604,720.3777021605767
4,57,-203.3653,69.05499,637.95605,-358.91907,943.9192,704.839012816005
4,58,-232.20686,60.516205,645.24866,-369.58783,977.1989,743.6210873200222
4,59,-248.28023,87.9585,651.85284,-380.3065,1014.6485,727.518247460489
4,60,-224.12009,110.787025,657.507,-392.03427,1014.9362,765.5330693204687
5,1,10.397556,-5.2325597,11.391719,-5.346187,1.000635,40.12262152333139
5,2,21.39512,-9.999261,23.983524,-10.630837,2.6643429,38.876604486969136
5,3,32.96333,-14.682902,36.160564,-16.220018,3.5475397,13.071963739556352
5,4,44.987473,-19.418003,48.12209,-21.49231,3.758799,13.071963739556352
5,5,57.085693,-24.19933,59.6159,-26.178019,3.2120316,12.41228346967679
5,6,68.915306,-24.415415,70.770874,-31.005417,6.846259,12.154781913538056
5,7,79.191605,-19.404598,81.57623,-35.900997,16.667862,11.862717583007058
5,8,89.493416,-14.436512,92.55545,-40.68838,26.429844,11.977651651226575
5,9,99.67485,-15.467866,103.6457,-45.61227,30.404816,12.134268188703926
5,10,103.95466,-23.263933,114.931816,-49.279682,28.236805,11.867131942266004
5,11,101.86249,-29.843458,125.64997,-54.017708,33.91517,31.575396661935812
5,12,97.703995,-30.754654,135.638,-58.45075,46.96874,45.92646344356666
5,13,96.63614,-29.473019,144.70686,-62.71447,58.444748,57.35457535555103
5,14,96.41809,-30.02612,152.631,-66.75009,67.14567,65.48559318070987
5,15,93.56478,-29.77533,159.83392,-70.78647,77.93275,77.14127175329835
5,16,93.03774,-24.503181,167.33061,-75.155304,89.91701,88.36308844666965
5,17,100.095634,-21.604813,175.34575,-80.1935,95.36883,91.73361793408458
5,18,106.47091,-29.574852,183.89995,-85.9743,95.792244,89.83323572445157
5,19,98.30003,-39.665592,192.95633,-92.855515,108.57708,113.14601556365926
5,20,83.92653,-36.125835,202.52472,-100.43719,134.91286,113.06247415517487
5,21,77.87913,-21.037994,212.45052,-108.95028,160.74211,137.96721423620411
5,22,90.86559,-8.928228,222.30429,-117.456696,170.45398,165.3108028988007
5,23,109.44337,-13.118261,232.16399,-125.746056,166.56941,159.26973590330388
5,24,118.132065,-31.334003,241.48402,-134.27393,160.66217,152.4469793064283
5,25,104.70185,-48.354034,250.35472,-143.65611,174.06104,142.90004002236745
5,26,82.57968,-43.11246,258.8457,-153.05797,207.74438,177.43165336330017
5,27,78.23825,-19.544498,266.68857,-162.8736,236.76308,212.72711474908638
5,28,101.68456,-10.160419,273.9812,-173.54234,237.44427,201.8391995693293
5,29,117.31462,-31.928411,280.58536,-184.261,223.29926,236.57971753820047
5,30,98.792046,-53.010735,286.2396,-195.98877,235.75262,225.5468438730178
5,31,72.153114,-40.23055,291.5152,-208.09212,276.21954,206.6120466155794
5,32,82.08159,-10.88549,296.1372,-220.26263,299.43045,249.14326674133247
5,33,113.582855,-6.2949896,300.38205,-232.22765,293.1544,230.15415157615507
5,34,133.99168,-31.457417,304.1347,-243.34077,271.74106,271.03426324863335
5,35,119.814445,-61.38762,307.95914,-255.05075,270.00708,252.28212955375398
5,36,92.28951,-79.07509,311.8659,-266.86548,288.92737,293.47762200907334
5,37,69.63757,-101.575325,315.90714,-278.79053,303.4039,275.68176257403593
5,38,54.78402,-128.68744,319.81747,-290.451,310.49988,316.4563799766312
5,39,43.420933,-156.67155,323.59335,-301.88495,315.56857,307.55490376630144
5,40,31.950766,-183.72145,327.10147,-313.13275,322.27505,294.4695887164293
5,41,22.58285,-211.36952,331.06268,-324.82632,328.6826,280.5511872599376
5,42,15.869766,-238.70674,335.25723,-336.096,333.9057,318.0645222228438
5,43,9.677443,-265.52472,339.53424,-346.50635,339.6521,303.48166018368414
5,44,4.4499598,-292.17218,344.32712,-358.33804,346.25772,294.3172522984689
5,45,0.24633074,-318.4128,349.87762,-369.98926,353.415,282.9297903045831
5,46,-5.8835473,-343.57733,356.36893,-381.05005,364.1855,272.2101798259778
5,47,-12.923681,-368.0189,363.88303,-390.1289,377.45483,259.3003948191779
5,48,-22.75676,-391.84933,371.61606,-397.52158,394.41357,244.33660150021856
5,49,-31.38147,-416.57092,378.34296,-403.56226,409.93088,227.0920838487298
5,50,-38.011765,-442.5215,384.42978,-408.16525,423.8363,207.61497119947697
5,51,-42.05179,-470.02393,390.7058,-410.1183,436.88422,187.91035352282657
5,52,-48.69186,-496.1136,397.3508,-409.48392,454.37735,166.2789715240057
5,53,-60.97287,-520.3939,404.2454,-405.6655,479.1562,142.8406836066364
5,54,-72.76898,-545.37463,410.76718,-399.05295,505.1903,119.93019191466324
5,55,-84.10533,-571.5922,417.2128,-390.23965,533.1122,89.14855858377578
5,56,-98.24316,-596.9174,424.05746,-380.0852,565.5211,74.86933677336556
5,57,-113.54593,-621.818,431.68256,-368.3261,601.2755,81.82798449923528
5,58,-127.269005,-647.0622,440.10513,-355.12018,638.078,91.45105186194489
5,59,-140.0912,-673.27655,449.09042,-340.47113,676.67896,101.21851920558271
5,60,-153.37634,-700.36334,458.41223,-324.60382,717.96967,116.6212158303699
6,1,-1.6315577,-3.35765,4.7170396,-10.927793,9.879867,9.466291614309098
6,2,-3.056251,-2.7094479,9.339048,-23.098299,23.86103,23.638847629776212
6,3,-2.9983556,-4.17042,13.583889,-35.06332,35.061977,34.9640444817985
6,4,-5.871295,-6.125899,17.336538,-46.176445,46.288765,46.03034482226725
6,5,-9.471378,-4.0341787,21.160984,-57.88643,61.954872,61.633034689926504
6,6,-11.265264,-0.6478925,25.067743,-69.701164,78.028465,74.0719468101996
6,7,-13.263244,1.7336118,29.109,-81.6262,93.51077,86.66131718842075
6,8,-15.052984,2.9195027,33.019337,-93.28665,107.548,98.958052608035
6,9,-16.379723,3.592947,36.795197,-104.72063,120.66235,110.99695475226821
6,10,-17.010328,3.9253008,40.30332,-115.968414,132.88852,122.77242913673426
6,11,-17.527699,4.150582,44.264538,-127.662,145.5776,135.11842153413792
6,12,-17.108747,4.0095162,48.459084,-138.93167,157.26196,147.14060340828937
6,13,-16.123129,3.6928105,52.736076,-149.34201,167.81313,158.3799661293495
6,14,-14.801215,3.315988,57.528957,-161.1737,179.69005,171.13343257378344
6,15,-12.925132,2.851255,63.079487,-172.82494,191.41272,183.9772267664352
6,16,-10.472189,2.030416,69.57077,-183.88571,202.41463,196.60678319722572
6,17,-7.6406507,0.95025945,77.08489,-192.96457,211.61612,207.79229750995268
6,18,-5.2993793,-0.25475717,84.817894,-200.35724,219.4587,217.5715777123461
6,19,-3.3047194,-1.1446922,91.544815,-206.39793,226.1091,225.78953389994498
6,20,-1.8329079,-1.655626,97.63164,-211.00092,231.77283,231.7011892284174
6,21,-1.3027205,-1.7796773,103.90768,-212.95396,235.93178,235.83641785698964
6,22,0.033922076,-2.2423017,110.552635,-212.3196,237.37494,237.31177818088784
6,23,0.99369043,-2.833736,117.44723,-208.50116,236.34828,236.32696340810867
6,24,1.6165518,-3.1946392,123.96903,-201.88863,233.34401,233.37685742446374
6,25,1.4393095,-3.09962,130.41464,-193.07532,229.62012,229.63907159520195
6,26,0.9204308,-2.7498333,137.25931,-182.92088,225.94225,225.88567675416348
6,27,0.24613136,-2.2529664,144.88441,-171.16179,222.37453,222.17957886826028
6,28,-0.040912688,-2.0641158,153.30698,-157.95584,218.67282,218.36688155553355
6,29,-0.7076592,-1.665439,162.29228,-143.30681,215.94272,215.38053205645647
6,30,-2.2056565,-0.7675296,171.61409,-127.43951,215.07927,213.75918553123142
6,31,-4.6921997,0.8622515,181.66672,-110.58047,217.13849,212.67717034351492
6,32,-8.037886,3.4542143,191.88123,-92.95941,221.95325,213.21480642275557
6,33,-11.502516,6.2123623,202.33417,-74.40953,228.53012,215.58412295356607
6,34,-15.735484,9.345846,213.06114,-55.606,237.83742,220.1989810022621
6,35,-20.072376,12.037609,224.2081,-36.7464,249.10405,227.2002326089322
6,36,-26.387568,12.153305,235.53497,-17.815874,263.6315,236.20823479711018
6,37,-33.17474,8.367877,247.05815,1.3748537,280.32013,242.65342309674125
6,38,-35.22408,0.19855404,258.4929,20.734035,294.434,259.3225635569823
6,39,-29.113214,-6.809915,269.98962,39.607304,302.6831,270.04245779628434
6,40,-20.98425,-10.068529,281.38406,58.663185,310.08167,287.24781341865486
6,41,-13.2610035,-12.892942,292.9627,77.77974,319.36578,302.209540860259
6,42,-6.257365,-15.856275,304.3658,97.02113,330.4967,318.4976998815261
6,43,-0.64451027,-18.838737,315.49588,114.992676,343.30103,335.4828894262083
6,44,4.2692075,-22.355875,326.61258,134.25809,358.37576,353.9145388619846
6,45,8.5832,-25.339249,337.62784,153.10947,374.31848,372.8709130884789
6,46,13.157496,-28.140924,348.72827,171.77855,390.6092,392.4810587982843
6,47,18.352205,-30.118528,359.50336,190.54541,406.2963,412.2748199155666
6,48,23.28488,-31.31518,370.1033,209.28664,422.10455,432.2134650318578
6,49,27.99311,-33.302395,381.03854,227.92102,439.17963,452.7266180417722
6,50,31.795158,-35.55828,392.09726,246.69217,457.69305,473.84445857551543
6,51,35.113728,-37.569843,403.17673,265.8542,477.00787,495.3641175224817
6,52,38.162907,-39.43643,414.2014,284.6272,496.40927,516.6479528434808
6,53,41.736984,-42.042633,425.15967,303.30597,516.0219,538.4808512460978
6,54,46.27646,-45.770657,436.06595,321.7515,535.7316,560.8467552432013
6,55,51.545883,-50.45435,446.95346,339.7939,555.55457,583.6575040284996
6,56,57.199123,-54.99225,457.56738,357.94125,575.1598,606.4999819752601
6,57,63.592644,-57.455536,468.2683,376.26495,593.1913,623.2009474710903
6,58,71.203545,-53.868942,478.95004,394.15878,605.7937,648.7186657122913
6,59,72.719536,-44.964756,489.73364,412.12637,618.73505,665.4447228155482
6,60,71.41999,-35.62157,500.60104,430.59003,633.67944,681.8916339438365
7,1,6.620271,11.06505,9.072656,15.208797,4.815063,4.81503076522198
7,2,14.043442,21.797874,19.287165,32.829853,12.214794,12.174104383268828
7,3,22.112858,33.19363,29.74011,51.37973,19.720781,19.588145123051405
7,4,30.1754,45.48391,40.467083,70.18326,26.757738,26.570751947060522
7,5,37.514805,58.94365,51.614044,89.04286,33.237797,33.13215752010749
7,6,36.961346,73.535645,62.940918,107.97339,43.13811,42.86533270549441
7,7,29.75676,84.900734,74.464096,127.164116,61.521862,44.44470785700291
7,8,16.859299,87.37525,85.89883,146.5233,90.91176,86.04710409813107
7,9,7.9072056,78.63693,97.39556,165.39656,124.641075,119.7225825496323
7,10,3.7331357,66.249985,108.790016,184.45245,158.14162,154.78028950233315
7,11,-0.22207642,53.203995,120.36865,203.569,192.74791,190.24516416805758
7,12,-5.0400786,39.756874,131.77177,222.8104,228.53026,226.9890885446052
7,13,-11.561474,25.619236,142.90181,240.78194,264.86578,263.91384162614463
7,14,-20.09571,12.157241,154.01851,260.04736,302.92783,302.08800998843356
7,15,-28.861008,-2.1776028,165.03378,278.89874,341.46613,306.35731478352926
7,16,-36.85596,-17.047546,176.13423,297.5678,379.9311,345.78604376852167
7,17,-41.950607,-33.088524,186.90932,316.33466,417.70016,349.7149213552436
7,18,-45.08516,-50.142696,197.50925,335.0759,455.24216,388.95127836252306
7,19,-50.92824,-66.49631,208.44447,353.7103,493.80948,392.8477984347577
7,20,-59.299316,-82.60411,219.50322,372.48145,533.6982,432.3429620641701
7,21,-68.080536,-99.11872,230.58266,391.64346,574.4974,436.76730691628256
7,22,-77.11006,-115.922264,241.60733,410.41647,615.31555,476.2466781109304
7,23,-87.02483,-131.26123,252.56561,429.0952,655.22595,480.19311081676153
7,24,-96.97258,-144.86668,263.4719,447.54077,693.4456,519.3301844923155
7,25,-106.73926,-157.18454,274.3594,465.58316,730.12036,522.6922816031773
7,26,-115.77058,-169.83073,284.97333,483.7305,766.6407,561.4240610193093
7,27,-120.65725,-185.00638,295.67426,502.0542,803.35803,564.9338626161198
7,28,-113.79981,-197.66064,306.356,519.94806,831.56067,603.4816027162265
7,29,-100.09585,-199.20764,317.1396,537.91565,847.01605,606.7264491753374
7,30,-86.94374,-196.61774,328.00696,556.3793,859.76074,645.8593111416828
7,31,-73.764,-194.93608,338.8461,574.9332,873.4677,649.6375005047664
7,32,-60.386204,-193.64485,349.465,593.24786,887.2306,688.5158256675759
7,33,-46.950546,-191.70602,359.89337,610.8401,899.77905,691.256908526818
7,34,-33.424023,-189.29561,370.2603,628.2306,911.7621,729.2110978231899
7,35,-19.857784,-186.73547,380.45105,645.1933,923.2295,731.2891709795795
7,36,-5.8834143,-185.91872,390.62326,662.67004,936.6539,769.2187650568509
7,37,7.488082,-186.11473,400.7648,679.9713,951.1948,771.5634716409922
7,38,20.061306,-187.3552,410.96426,697.42725,967.28754,809.4889730462465
7,39,32.633423,-188.88582,421.1756,714.84216,983.712,811.9670183733728
7,40,44.784584,-190.22499,431.35764,731.89056,999.8679,849.5325032255644
7,41,56.517723,-190.68352,441.35934,748.54803,1015.0167,851.2515312672901
7,42,70.4254,-191.48883,451.37534,765.2376,1029.7808,888.4236257936866
7,43,85.012115,-192.04065,461.3733,782.4152,1044.611,890.5887320826954
7,44,99.41781,-192.52068,471.41177,799.7911,1059.7462,928.363386361484
7,45,114.74988,-193.68419,481.60852,817.2114,1075.4047,930.8385747594848
7,46,130.25645,-195.0954,491.90805,834.50934,1091.2734,968.6786288822511
7,47,144.58717,-196.28693,502.22238,852.29816,1107.896,971.5308847045018
7,48,157.96762,-197.38834,512.5162,869.26013,1124.03,1009.0785445332119
7,49,169.95903,-198.38057,522.8908,886.82404,1141.1528,1011.767588258451
7,50,181.2924,-198.90022,533.4446,904.7743,1158.4941,1050.2986163101252
7,51,192.28488,-195.07703,543.97296,923.141,1172.2184,1053.757358790679
7,52,201.8557,-188.34995,554.3881,941.3252,1183.404,1092.4195214151378
7,53,209.17276,-178.82092,564.68243,958.9294,1191.9995,1095.102531173237
7,54,215.12358,-169.30814,574.68585,976.0847,1200.5039,1132.6691911215066
7,55,220.3449,-160.38608,584.6327,992.8549,1209.409,1134.457293287355
7,56,225.74799,-151.25188,594.3215,1009.4374,1217.8037,1171.3706663757132
7,57,231.50417,-141.22557,603.65717,1025.4972,1224.6387,1172.2365346849292
7,58,236.99335,-130.8346,612.7555,1041.3247,1230.9161,1199.145159669013
7,59,241.24782,-121.00956,621.549,1056.8108,1237.6953,1208.2964074852523
7,60,247.31639,-115.10509,630.3695,1071.8584,1247.2417,1218.9967807389717
8,1,3.790198,5.351921,9.754434,16.728275,12.844981,12.831950368735946
8,2,8.014019,10.768495,20.373314,35.042908,27.239666,27.195494792006215
8,3,12.271217,16.66227,30.801699,52.63512,40.465107,40.41543177486501
8,4,16.60651,23.102737,41.16865,70.025635,52.96279,52.915114420592715
8,5,20.884167,29.600296,51.35939,86.98829,64.97785,64.93688508358774
8,6,26.2533,35.842335,61.531593,104.46507,77.15983,77.01960947550266
8,7,31.754059,41.36512,71.673134,121.76634,89.76575,89.51809074273699
8,8,37.21694,46.001232,81.87259,139.22223,103.36479,102.9612934576817
8,9,42.794575,50.51998,92.08393,156.63718,117.005554,116.3897092386863
8,10,48.036755,54.866737,102.26595,173.6856,130.60905,129.8289466963453
8,11,52.652676,59.28033,112.26766,190.34303,143.98395,143.1031542123979
8,12,58.94597,65.07549,122.28366,207.03261,155.44609,154.30599726337957
8,13,65.61525,71.46838,132.28163,224.21022,166.65675,165.26644737689907
8,14,72.15143,77.79042,142.3201,241.5861,178.19278,176.86114228907238
8,15,79.655014,84.45584,152.51686,259.00644,189.14746,187.51095222692265
8,16,87.39775,91.128426,162.81639,276.30438,199.94527,197.89146090287562
8,17,94.21696,97.098495,173.13072,294.09317,212.21283,209.85464035702432
8,18,100.3176,102.44836,183.42451,311.0551,224.55186,221.99347219148942
8,19,105.39194,106.89438,193.79915,328.61905,238.69995,236.04189645460536
8,20,109.84083,111.09105,204.35292,346.56934,253.73718,250.9966711029989
8,21,112.54812,116.931946,214.8813,364.936,268.28732,265.7561369077532
8,22,113.571754,123.43655,225.29645,383.1202,282.69772,280.52331787085905
8,23,112.55693,130.28027,235.59076,400.72437,297.11502,295.5255314952508
8,24,111.06672,136.29034,245.5942,417.87976,312.0741,310.95309815631816
8,25,109.61956,141.46736,255.54103,434.64996,327.48914,326.7166818311934
8,26,108.123604,146.91734,265.22977,451.23242,342.4763,341.97687227025165
8,27,106.29355,153.2603,274.5655,467.29224,356.27448,355.89395710632175
8,28,104.17615,159.73529,283.6638,483.11972,369.8558,369.6756429849122
8,29,101.95792,165.07988,292.45734,498.60577,384.09576,384.03101807852977
8,30,101.94741,168.64162,301.27786,513.6534,398.4542,398.42036856389075
8,31,102.579254,168.93925,310.01263,528.29553,414.92834,414.88947537392403
8,32,101.81473,170.17093,318.53653,542.72034,431.00046,430.9785368543073
8,33,101.831345,173.14207,326.80063,557.07635,444.99066,444.9830215468784
8,34,101.70725,176.34924,334.75934,570.9051,458.24402,458.2521595872394
8,35,101.728516,179.29568,342.59348,584.18475,471.11685,471.1330134784535
8,36,101.73674,181.71992,350.2791,596.9855,483.96158,483.9798661977752
8,37,101.7456,183.91902,357.7597,609.23083,496.42056,496.4366699692593
8,38,101.72399,184.87036,365.1827,621.38,509.85406,509.86686142558636
8,39,101.62616,186.3722,372.75232,634.23615,523.5375,523.5483218032289
8,40,101.59145,188.14462,380.54077,647.4049,537.33856,537.3456418474731
8,41,101.56175,189.87924,388.4339,659.9341,550.67883,550.6744296112969
8,42,101.56238,192.09206,396.36734,673.7869,564.7477,564.7391716642276
8,43,102.546555,195.55235,404.37903,688.54834,578.05524,578.0515317719315
8,44,104.314285,200.55763,412.55716,702.8029,589.2911,589.2806567476979
8,45,106.9413,207.06944,420.89737,717.2006,599.00104,598.9838910640702
8,46,114.12908,212.14783,429.37442,731.56476,607.59656,607.7998893701201
8,47,124.04787,207.84926,437.78763,746.381,623.25684,623.2428540651241
8,48,122.974464,195.74706,446.30045,760.88354,651.0906,650.972593449963
8,49,117.08211,184.9784,454.78976,775.6358,680.38416,680.2551554494573
8,50,112.63973,174.13257,463.3467,790.08093,708.79315,708.6280812658039
8,51,109.20716,163.36044,471.7333,804.3294,736.38745,736.1888682227718
8,52,106.70062,152.79059,479.84756,817.8153,762.5592,762.2854760828741
8,53,104.54192,141.94934,487.4068,830.9299,788.21295,787.9826860565433
8,54,102.30953,130.99165,494.47916,843.8593,813.6199,813.2946752947997
8,55,99.60139,120.04087,501.4194,855.86475,838.38806,838.0156147412252
8,56,96.73571,109.74135,508.01367,867.4741,862.15344,861.7039216599976
8,57,92.93744,99.57079,514.4714,878.88336,886.01294,885.4682284574635
8,58,82.40417,94.18787,520.8987,890.2034,908.8004,910.1429531301932
8,59,70.60847,95.7681,527.299,901.67236,926.3088,943.4951360456191
8,60,57.517654,97.40448,533.51965,913.5188,944.78595,944.7613262907316
9,1,5.901079,1.1545343,7.8571415,13.167407,12.171084,11.318209642990984
9,2,6.926255,-3.7619963,16.38106,27.592178,32.748703,31.76984026712897
9,3,4.951576,-8.551998,24.645159,41.94821,54.20432,48.65214330343103
9,4,3.0368261,-14.16814,32.603863,55.77697,75.93766,64.60704218523124
9,5,0.7526541,-19.97393,40.43798,69.05663,97.47495,80.02515787664207
9,6,-1.756463,-26.421833,48.123646,81.85732,119.215775,94.95508436470467
9,7,-4.4291296,-33.27709,55.604237,94.10269,140.81766,93.96943872690356
9,8,-7.415059,-41.585552,63.027233,106.25189,163.7621,123.53870271911326
9,9,-10.148005,-50.337658,70.59684,119.108,187.70073,123.12421880738333
9,10,-13.376367,-59.23317,78.38529,132.2768,212.35883,153.7570796261544
9,11,-16.75305,-68.46656,86.27843,144.80592,236.85574,153.22663022204043
9,12,-20.434134,-78.013855,94.21187,158.65877,262.9784,184.5215223658426
9,13,-26.327477,-85.85014,102.22356,173.42017,289.38983,185.97212147208583
9,14,-31.876871,-92.34298,110.40167,187.6748,314.09097,217.73813143808215
9,15,-36.72303,-97.53279,118.74188,202.07246,337.5391,234.37648677450574
9,16,-42.050297,-98.878204,127.218925,216.43663,357.87637,251.05528183821377
9,17,-44.646336,-96.32715,135.63216,231.25282,373.91034,268.0915498424222
9,18,-43.5528,-94.09862,144.14497,245.75539,388.24115,284.9077796456893
9,19,-41.443993,-92.31369,152.6343,260.50766,402.67764,301.9275185998619
9,20,-39.10139,-89.83144,161.19124,274.95282,416.15466,318.71650138529424
9,21,-36.666054,-86.79633,169.57784,289.20126,428.84814,335.2496371044481
9,22,-34.186607,-83.17644,177.6921,302.6872,440.20828,350.98728359755336
9,23,-31.919714,-79.5947,185.25131,315.80176,451.11154,366.1237387314029
9,24,-29.675194,-76.08284,192.32367,328.73117,461.69025,380.8544391388089
9,25,-27.298582,-72.683525,199.26392,340.73663,471.43057,394.7211844625072
9,26,-24.436409,-68.83197,205.8582,352.34598,480.02756,408.0713786062336
9,27,-21.212677,-65.19422,212.3159,363.75522,488.39862,421.1799556745698
9,28,-17.232489,-64.775856,218.74321,375.07532,499.15286,434.19630296653816
9,29,-13.746365,-66.68435,225.14352,386.54425,512.33246,447.3276990885266
9,30,-11.317387,-67.986404,231.36417,398.39066,525.7394,460.6952804010103
9,31,-9.391745,-68.29356,237.48552,410.32297,538.53705,474.0881721759257
9,32,-8.443279,-68.17914,243.68472,421.97205,551.19574,487.27564709741006
9,33,-8.676181,-68.210915,250.22414,433.15833,564.2699,500.2326840199064
9,34,-10.091169,-68.306465,256.67065,444.1677,577.7471,512.990049597102
9,35,-11.17454,-68.382835,262.62872,454.7269,590.4338,525.1133426341685
9,36,-12.089367,-68.47817,268.33716,464.48526,602.2367,536.4182913481674
9,37,-13.196158,-68.54912,273.5064,473.48526,613.1881,546.7968805702966
9,38,-14.148099,-68.63616,278.2575,481.84958,623.32623,556.4159000745785
9,39,-15.095361,-68.79499,282.5857,488.93524,632.20013,564.716198027419
9,40,-15.501341,-68.87623,286.4433,495.54922,640.11456,572.3727109801599
9,41,-14.747018,-68.72105,289.7452,500.98233,645.97015,578.728790247953
9,42,-14.411551,-68.651634,292.61407,506.24976,651.74866,584.7247054545469
9,43,-13.783847,-68.50737,295.2879,510.99988,656.77545,590.1751633520328
9,44,-12.921954,-68.282455,297.49374,514.95764,660.70184,594.7055014123506
9,45,-12.332612,-68.1158,299.1038,517.92664,663.6553,598.0816509738198
9,46,-11.835435,-67.98768,300.25272,520.0954,665.76324,600.5342195074364
9,47,-12.206596,-68.02368,301.0245,521.4313,667.5109,602.077003929409
9,48,-13.653154,-68.03851,301.39355,521.89014,668.78265,602.65890573541
9,49,-15.068026,-68.21813,301.6321,522.2071,670.0007,603.0526482565565
9,50,-16.08044,-68.431114,301.70642,522.37994,670.8548,603.239495032281
9,51,-17.087315,-68.64172,301.79108,522.50867,671.6712,603.3933018346025
9,52,-18.322317,-68.837265,301.88998,522.6525,672.604,603.5673219950312
9,53,-20.481464,-68.88035,301.98788,522.8089,673.85657,603.7517166213449
9,54,-23.234087,-68.74308,302.08325,523.03656,675.3033,603.9965400722792
9,55,-26.902245,-68.493645,302.10718,523.29175,677.09467,604.2294904439184
9,56,-31.566872,-68.049225,302.1343,523.58594,679.2559,604.4978268542612
9,57,-36.563927,-67.25663,302.17477,523.8372,681.2752,604.7357089658876
9,58,-40.962784,-66.0251,302.2325,523.998,682.5762,604.903809339487
9,59,-46.01913,-64.75923,302.29718,524.23175,684.2767,605.1386175965876
9,60,-51.13387,-63.625454,302.35468,524.4539,686.14246,605.3598106016685
10,1,2.3200684,8.106864,5.5108895,10.736303,4.1346455,3.79635816496116
10,2,2.621313,16.760397,11.710097,22.385376,10.68861,9.235368252501852
10,3,2.818326,25.367325,18.249506,33.57164,17.476616,14.501131667318063
10,4,3.536084,33.18228,24.696037,44.581005,24.03486,20.519523629440968
10,5,4.261703,41.30794,30.654106,55.14023,29.7975,25.261723658585293
10,6,4.7294245,49.708614,36.36255,64.89858,35.091164,29.092702180301348
10,7,5.522659,57.99432,41.531796,73.89857,39.364994,31.54771238630855
10,8,6.104839,66.50769,46.28287,82.26289,43.1567,33.46668263012922
10,9,6.047575,75.09188,50.611076,89.34857,46.788445,34.80683489468865
10,10,5.7012177,84.193596,54.46869,95.962555,50.167465,34.494435032194026
10,11,5.2526155,94.51616,57.770573,101.395645,52.96662,32.12396521040285
10,12,4.8075585,104.49559,60.63946,106.66306,55.87396,28.31027980014651
10,13,4.122923,114.78404,63.31328,111.4132,59.28626,25.459520152912145
10,14,3.1119297,125.30435,65.51913,115.370964,63.192802,15.979578607506383
10,15,1.9121691,135.58853,67.12916,118.33999,67.45937,7.908265083515926
10,16,0.9564046,145.86298,68.27808,120.50872,71.9378,0.0
10,17,1.5510112,155.32416,69.04987,121.84462,75.34571,8.65145889198554
10,18,2.8081985,163.68733,69.418945,122.30348,78.41948,16.51112682213926
10,19,3.0916348,172.2265,69.657486,122.62043,83.01671,7.733938221443644
10,20,2.6644683,181.13977,69.7318,122.793274,88.89511,15.940680865310775
10,21,2.2470498,190.06448,69.81645,122.92199,95.25618,25.65488537076125
10,22,2.2682927,198.81583,69.915375,123.06587,101.55877,33.43209677481283
10,23,3.3636498,206.61649,70.01327,123.22221,106.755684,40.43721378579674
10,24,4.8831053,213.77039,70.10862,123.44988,111.40988,46.840028951766236
10,25,6.331092,220.02913,70.132545,123.70507,115.53765,50.39721711476716
10,26,7.7026453,225.30263,70.15969,123.999245,119.00948,55.34874278616582
10,27,9.297624,230.16837,70.20014,124.25054,122.17898,59.52005078251235
10,28,11.655277,235.27625,70.2579,124.41133,125.40054,66.79437004431827
10,29,13.633743,239.89424,70.32257,124.645065,128.43674,71.54420815624471
10,30,15.497044,244.59206,70.38006,124.86723,131.7049,74.85065420233894
10,31,17.54387,249.27534,70.44473,125.05649,135.01418,75.20457082015304
10,32,19.958538,254.02129,70.4955,125.32336,138.26476,80.22253735915028
10,33,22.06906,258.95868,70.51939,125.534515,141.94873,85.02448362093759
10,34,24.5884,263.53418,70.53974,125.77314,145.22269,87.29762561870035
10,35,26.936714,267.24387,70.53974,126.106895,147.71887,91.3754109252153
10,36,28.610226,269.73895,70.52298,126.40695,149.33434,94.11638554321178
10,37,29.499477,271.2746,70.495834,126.713066,150.26222,96.86018787230036
10,38,29.531815,271.384,70.47188,126.99116,150.0846,96.74059657689915
10,39,30.365444,269.8477,70.448296,127.191315,148.18054,94.56309084866201
10,40,33.183945,269.08478,70.4108,127.3973,146.49634,96.56777398295387
10,41,36.729908,270.34375,70.37361,127.54725,146.70631,99.48388124974915
10,42,38.828438,274.25027,70.34615,127.68641,149.91443,103.78172985669381
10,43,36.736526,278.98935,70.33937,127.8532,154.82663,107.38917873808742
10,44,31.523554,279.36612,70.71058,128.3127,156.05371,103.19125069948464
10,45,27.506199,276.4638,71.70859,130.07744,152.91443,96.51546637688763
10,46,24.37598,273.33533,73.42514,133.33028,148.34836,87.21049701753932
10,47,21.7472,270.72986,75.533745,137.64064,143.54697,78.79734114189125
10,48,19.567139,268.97577,78.28463,142.44382,139.49222,70.58531464760348
10,49,18.20471,267.97498,81.254036,147.74559,135.75832,62.91537207259215
10,50,17.218884,267.41943,84.25047,153.26888,132.37666,55.620480687266856
10,51,16.469467,266.9954,87.80466,159.53548,128.98195,47.64416812932341
10,52,15.613306,266.52087,91.68454,166.43935,125.71056,39.0177766260544
10,53,15.245758,266.33582,95.8918,173.53091,122.94932,30.772711505088214
10,54,15.19657,266.31082,100.63038,181.41719,120.44029,21.572749164264135
10,55,15.060356,266.23825,105.988106,190.70619,118.20722,10.858107354083478
10,56,15.09822,266.26752,111.936325,199.79025,117.45997,0.0
10,57,14.993266,266.1644,118.314445,208.96819,118.09604,11.176389876884308
10,58,15.045296,266.2332,124.76597,218.48102,119.66159,22.67004650166492
10,59,15.151132,266.37378,131.16924,228.1164,122.163124,34.238045740531966
10,60,15.161592,266.38983,137.50714,237.90085,125.61869,45.89364955818559
11,1,-8.765725,0.05401665,0.057889935,0.17224094,8.824408,0.18170907613247866
11,2,-18.270931,0.7537842,0.10865391,0.43910876,18.382278,8.526058230383498
11,3,-28.451214,0.8185906,0.13254283,0.65027344,28.584253,18.607069107789723
11,4,-38.787457,1.9115655,0.15290272,0.88889223,38.95379,8.08924594657549
11,5,-48.533924,3.5476828,0.15290272,1.2226521,48.742313,1.232175897417863
11,6,-57.13444,5.2264767,0.13613975,1.5227033,57.39022,7.506998934624429
11,7,-64.79794,6.203911,0.10899325,1.828823,65.05422,0.984783823128652
11,8,-71.07905,5.5062284,0.085036464,2.106916,71.245224,6.993294775445457
11,9,-74.03092,1.8229163,0.061454654,2.3070667,74.093956,1.1516477194272496
11,10,-73.52165,-1.9638407,0.023956839,2.5130582,73.68174,2.513172416895135
11,11,-71.327415,-4.3708215,-0.013233862,2.6630073,71.66022,0.8363317328774622
11,12,-68.49975,-4.6400285,-0.04068747,2.802165,68.8624,2.1588529231897127
11,13,-67.01107,-3.0645204,-0.047474094,2.9689574,67.234856,0.16693045574225865
11,14,-67.70633,-1.0071206,0.32373363,3.4284508,68.17451,2.784748347165293
11,15,-69.80068,0.2686839,1.3217472,5.1931915,71.29271,2.611892255486668
11,16,-72.567375,1.3983319,3.0383022,8.4460335,75.93345,8.975898163834493
11,17,-76.01823,2.8241668,5.146903,12.756393,81.77058,10.501114035604092
11,18,-80.13202,5.046072,7.897786,17.559568,88.91476,10.328163827252835
11,19,-85.1208,8.031142,10.867195,22.861343,97.12687,22.69000599489667
11,20,-90.19295,11.964392,13.863629,28.384636,105.34418,22.68776633793749
11,21,-95.536194,16.093016,17.417812,34.65123,114.46841,36.54320753381645
11,22,-100.776436,20.216413,21.297699,41.5551,123.92512,37.810215395162054
11,23,-106.30667,24.934408,25.504961,48.646667,133.9275,53.518581919406806
11,24,-112.168495,29.89924,30.243538,56.532948,144.88113,55.2491320683024
11,25,-118.15403,34.772236,35.601265,65.821945,156.8591,73.68607533385465
11,26,-125.10229,38.701004,41.549484,74.90601,170.53918,76.81155387831659
11,27,-132.31055,41.716778,47.927605,84.08394,185.15067,95.93642971840634
11,28,-140.12793,43.70992,54.37913,93.59677,200.80264,99.43074947397473
11,29,-148.05731,45.711628,60.782387,103.23215,216.6163,118.95376482295717
11,30,-156.04883,47.163948,67.1203,113.0166,232.68225,122.64340404979068
11,31,-166.15239,48.535744,73.489235,123.23486,251.01408,124.37596990123443
11,32,-175.60054,50.522793,79.94961,134.09114,268.86716,147.31554272701982
11,33,-184.34534,52.28299,86.46431,145.32132,286.34592,169.09801928239187
11,34,-193.51215,53.51963,93.304276,156.83885,304.8582,173.6896633574895
11,35,-203.14671,55.181637,100.26692,168.34344,323.8293,195.9403679148858
11,36,-212.03635,57.010277,107.36521,180.32147,342.37845,201.0593263781444
11,37,-219.77417,58.775562,114.39245,192.99132,360.11276,222.7179571417908
11,38,-226.63446,60.180946,121.80144,205.2514,377.4295,229.86175252041528
11,39,-232.4738,60.808056,129.40398,217.59987,394.38458,250.0606965743239
11,40,-238.40132,61.478313,136.97537,229.30623,411.18594,258.29729579289244
11,41,-243.97774,61.43996,144.43332,241.72331,428.2117,279.0650579103626
11,42,-250.39333,60.61765,151.65,254.08174,446.16946,287.0908459030738
11,43,-256.6665,59.00708,158.55913,267.0022,464.40747,308.0068464161255
11,44,-262.23465,56.855175,165.05809,279.68784,481.90607,315.94458367754646
11,45,-267.27252,54.779003,171.45012,291.83777,498.67267,335.3541511565517
11,46,-271.83466,52.646767,177.85928,304.33917,515.33844,343.6759834631867
11,47,-275.7514,50.53159,184.71509,316.40353,531.7117,352.76643996019703
11,48,-279.7375,48.507744,191.976,328.5889,548.59735,371.7343813059957
11,49,-283.04352,46.798347,199.7412,341.13046,565.4313,390.1555388817155
11,50,-285.17575,45.499794,207.95683,354.45618,581.9225,408.41879612161836
11,51,-285.26578,45.268852,216.82169,367.96213,596.844,423.97242228654454
11,52,-286.73218,46.84572,225.77121,381.99826,612.3618,438.5836911329703
11,53,-289.88885,43.58957,234.63412,396.73364,632.32513,452.10558550705554
11,54,-285.01254,39.05268,243.36311,412.0497,646.767,476.3708649134268
11,55,-278.279,39.871254,252.26816,427.6489,657.1543,487.6894887542182
11,56,-271.0924,42.628273,261.32553,443.0755,666.2033,513.0132513171876
11,57,-264.28088,45.8198,270.4695,458.2578,675.32446,523.3003952109385
11,58,-258.06577,49.05646,279.53223,473.50714,684.95984,547.8374268046481
11,59,-252.03745,51.961876,288.49222,488.98404,695.0976,558.9208011112344
11,60,-246.81487,55.015118,297.5207,504.4231,705.88153,583.0899597339774
12,1,5.834459,10.027751,5.724876,9.234403,0.8008808,0.7378047100249204
12,2,12.42111,19.756231,12.185254,20.090677,0.40924588,0.16679350644807683
12,3,18.660192,29.210163,18.699953,31.320856,2.1110673,1.8456823768026156
12,4,24.448154,39.33626,25.53992,42.83839,3.668359,3.5686318615971477
12,5,30.81288,49.580612,32.502563,54.342987,5.0532413,4.9491731885452035
12,6,37.153164,59.091522,39.600853,66.321014,7.6326103,7.4672820153381245
12,7,43.0706,67.56887,46.628098,78.99085,11.963171,11.713964008638138
12,8,48.24069,75.338066,54.03708,91.25094,16.935692,16.73562296044356
12,9,52.049355,82.44282,61.639626,103.59941,23.228748,23.067467302882182
12,10,55.91256,89.553154,69.21102,115.30578,28.98356,28.92370905726594
12,11,58.80076,96.82167,76.66897,127.722855,35.695324,35.68184894317004
12,12,61.000126,105.169044,83.88564,140.08128,41.744595,41.75887658826916
12,13,62.13682,113.61418,90.79477,153.00174,48.709934,48.69280241832711
12,14,62.265755,121.514786,97.29373,165.68736,56.375313,55.93331947888929
12,15,62.223305,128.83238,103.68576,177.83731,64.19204,63.41271571961033
12,16,61.87189,135.57047,110.094925,190.33871,72.97275,71.86851947885552
12,17,61.20603,141.59616,116.95074,202.40308,82.49214,80.66997653657413
12,18,60.68903,147.68465,124.21164,214.58842,92.25637,89.84767426324186
12,19,60.18913,153.09721,131.97684,227.13002,103.122894,99.14449554181753
12,20,59.51265,157.23853,140.19247,240.45572,115.906586,111.45135620847316
12,21,58.0334,158.63564,149.05733,253.96167,131.80443,127.03868896482732
12,22,58.269844,158.72572,158.00685,267.9978,147.94547,143.4779764298455
12,23,57.24822,161.03941,166.86977,282.7332,163.78723,159.11384211561136
12,24,53.127064,159.11765,175.59875,298.04922,185.2061,180.3772282720094
12,25,51.942368,154.73715,184.5038,313.64844,206.94281,204.0716028453404
12,26,51.84203,149.3967,193.56117,329.07504,228.84192,226.6224059519252
12,27,52.11492,144.2588,202.70514,344.25735,250.35342,248.64247499806393
12,28,52.553917,139.65273,211.76788,359.50668,271.44952,270.46777864801436
12,29,52.829403,135.35439,220.72784,374.98355,292.59534,291.89338582461284
12,30,53.353718,131.73665,229.75635,390.42264,313.1075,312.6093382215827
12,31,53.7897,128.17722,238.9161,405.8057,333.69052,333.33859921041375
12,32,54.12165,123.81274,247.86115,421.27924,354.9948,355.35535480673695
12,33,54.51175,118.78554,256.74243,436.68762,376.77448,377.1446479510214
12,34,54.65697,115.166954,265.57986,451.58588,397.072,397.4227101062781
12,35,54.881077,111.300156,274.2784,466.45282,417.4549,417.7690923374912
12,36,55.083443,107.25224,282.90088,481.4704,438.1096,437.8780498269905
12,37,55.402977,102.76406,291.63156,496.25116,458.95102,459.02415174767805
12,38,55.357346,98.347466,300.47525,510.96384,479.93234,479.9727842864702
12,39,55.377426,95.174034,308.24655,525.6903,499.28653,499.29835135414095
12,40,55.31157,91.55388,315.97986,540.63007,519.2469,519.2152557280958
12,41,54.898266,87.0613,323.6144,555.2308,539.80646,539.7399605791257
12,42,53.830452,80.38873,332.43497,569.69727,563.066,562.9415077714729
12,43,52.22807,72.489426,340.66104,583.8797,587.12317,587.2259206350799
12,44,50.63943,63.451897,348.80865,598.0498,612.12726,612.2427038559492
12,45,49.025005,53.905205,356.92532,611.7463,637.17285,636.8833582510614
12,46,47.302174,44.311234,365.14124,625.4071,662.33984,661.7883136463178
12,47,45.284584,34.65616,373.3614,638.5471,687.2545,686.5831938336354
12,48,43.045025,24.91507,381.71844,651.87537,712.5861,712.0012074989414
12,49,40.951218,15.630553,390.4912,664.9934,737.4621,737.0834635494489
12,50,40.061882,6.487707,399.62656,677.6825,761.43884,761.0061224297361
12,51,39.379135,-2.607934,409.74377,689.48883,784.9636,784.1391340066849
12,52,38.48716,-11.802953,420.61453,700.3775,808.22174,806.7111469629925
12,53,37.508614,-20.964058,432.53024,710.10406,830.9649,829.5005982637583
12,54,35.488377,-29.708899,445.33496,718.4317,853.0467,834.379538199087
12,55,32.706944,-37.76646,458.6678,725.6837,874.2418,858.464833724533
12,56,30.171402,-45.211178,472.32263,732.28204,894.42346,860.5105739401405
12,57,27.54797,-52.105003,486.33035,738.27826,913.8856,884.0454815913031
12,58,25.16401,-58.33705,500.4312,743.7738,932.34155,885.5760429077594
12,59,23.417276,-64.557175,514.3488,749.12115,950.30853,908.6786005439088
12,60,22.132902,-70.46874,527.77496,754.07513,967.2365,909.5502472868058
13,1,1.8780222,2.7927809,8.250456,13.83743,12.751164,12.749847560375878
13,2,4.0920677,5.7078633,17.195492,29.310982,26.996426,26.984625773172997
13,3,6.5937557,9.014326,26.076765,44.71938,40.67479,40.648273434551946
13,4,10.518076,13.824916,34.914204,59.617603,51.885845,51.8549058776674
13,5,14.189913,18.495928,43.612762,74.48457,63.248974,63.19802058140109
13,6,17.966188,23.222075,52.235226,89.50213,74.61509,74.53290459014576
13,7,21.710562,28.116827,60.965916,104.282906,85.68695,85.59344044664802
13,8,26.188723,33.076492,69.80959,118.99558,96.35803,96.22520285759519
13,9,31.416616,39.06409,77.580894,133.72205,105.315094,105.06331534008868
13,10,36.617016,44.733433,85.3142,148.66183,114.77164,114.24825594239
13,11,41.67401,49.49164,92.94874,163.26251,124.791466,124.04483282754971
13,12,45.39305,52.548733,101.7693,177.72897,137.28938,136.45269477728556
13,13,48.290337,54.735615,109.99539,191.91144,150.41516,149.57274278024406
13,14,50.396614,56.413597,118.143,206.08156,164.28656,163.4061039839249
13,15,52.252686,57.912014,126.25967,219.77805,177.98215,177.0938114198165
13,16,54.12508,59.392452,134.47559,233.43884,191.69858,190.80742716254795
13,17,55.96803,60.76662,142.69572,246.57886,205.0558,204.17882431369878
13,18,57.741592,62.034718,151.05278,259.90714,218.77037,217.90983006085352
13,19,59.90861,63.59785,159.82556,273.02515,232.04135,231.2168854425684
13,20,62.1149,65.65214,168.9609,285.71423,244.6291,244.06704164475596
13,21,64.33225,67.80991,179.07811,297.5206,256.77542,256.42269927883933
13,22,66.51873,69.84683,189.94887,308.40924,268.602,268.5449967993754
13,23,68.74835,71.883865,201.86458,318.1358,279.92847,280.2859145026039
13,24,71.40361,73.778145,214.66931,326.4634,290.4736,291.36531630391613
13,25,74.63866,75.60607,228.00214,333.71542,300.23456,301.7759269548666
13,26,78.44202,77.77587,241.65698,340.31378,309.13632,311.08869375874787
13,27,82.7561,80.038734,255.6647,346.31,317.48666,320.309101014277
13,28,87.70165,82.6219,269.76556,351.8055,324.9724,328.806232015508
13,29,92.5717,85.76365,283.68317,357.1529,331.92728,336.5563103687823
13,30,97.581024,89.43726,297.1093,362.1069,337.87613,343.6024193224287
13,31,103.14432,93.47122,309.9791,366.8119,342.77652,349.6752142242547
13,32,109.39126,97.05861,322.02594,371.1513,346.901,356.63601204373833
13,33,116.22604,100.77324,332.88837,374.3314,348.9651,361.33627927805423
13,34,123.34535,104.54012,342.60626,377.4234,350.05804,364.2266187640803
13,35,130.78148,108.47765,350.82925,381.0729,350.32727,366.6572772723554
13,36,137.78133,111.90246,358.26132,384.4994,350.60022,368.6407634515913
13,37,145.299,115.7374,365.06943,387.8728,349.79526,369.61536422701283
13,38,152.87054,120.08239,371.35947,391.16617,348.17212,369.4655019345786
13,39,160.3043,124.71511,377.39764,394.6616,346.41104,364.6446500092407
13,40,167.837,129.56082,384.00302,397.57556,344.32492,364.04878761758675
13,41,174.84921,133.29974,391.08374,400.77194,343.94586,365.2959772103543
13,42,180.04288,137.24736,399.15305,404.1253,345.30145,369.8186184916495
13,43,182.24286,140.71083,408.31528,407.52573,349.71262,375.42818758240963
13,44,181.52026,142.51314,417.9676,410.72992,357.55783,384.020377702444
13,45,180.86308,143.0862,428.01642,414.13342,366.81244,394.0211885464882
13,46,179.85803,143.8918,439.00327,417.62857,376.9457,404.84425988834766
13,47,179.01875,144.65627,450.95288,421.39276,387.9836,416.6011400705946
13,48,178.82545,145.0303,463.41077,425.56143,399.60794,429.05108759657134
13,49,178.47182,144.25208,475.78735,429.88937,412.29263,442.51482448975065
13,50,177.51291,144.10257,488.20078,435.50027,425.95724,456.5146062225481
13,51,176.86401,144.39603,501.28418,440.64783,439.3331,470.35196096602493
13,52,176.55261,144.88712,514.90045,445.54016,452.62732,484.21538224384346
13,53,176.46463,145.05782,528.9427,450.41394,466.3509,498.5984213434836
13,54,176.60864,144.75513,543.1099,454.4612,479.83438,512.9351996241304
13,55,176.79413,144.31984,557.52515,460.23587,494.73126,528.4925162779322
13,56,177.04753,143.65628,572.5078,465.92105,510.14056,544.64399377831
13,57,177.5211,142.41537,588.81476,471.108,526.4991,562.0314050057788
13,58,178.14128,140.9076,605.51996,476.64896,543.48395,580.0995261594762
13,59,178.83781,138.99419,622.02026,482.63757,560.80426,598.503565263466
13,60,179.16043,137.75787,638.3122,488.44183,577.7539,616.3003616022106
14,1,7.0097985,2.5548668,11.55638,4.1967764,4.8339705,4.833960069751922
14,2,14.439296,4.287792,23.60324,8.536186,10.100827,10.061407506402709
14,3,22.475414,5.940624,34.465652,11.716276,13.308793,13.255957808512875
14,4,30.766506,7.55475,44.18356,14.808291,15.252252,14.916439507609624
14,5,39.255424,9.212095,52.406548,18.457806,16.07592,15.366889282154348
14,6,47.019905,10.471997,59.838615,21.884295,17.162746,16.346504382461873
14,7,54.91087,11.887958,66.64671,25.257706,17.78989,15.780340741323517
14,8,62.829716,13.715502,72.93677,28.551077,17.951233,14.697137024792466
14,9,70.40297,15.755644,78.974945,32.04649,18.408434,14.073773715267436
14,10,77.73921,17.845211,85.58031,34.960464,18.825905,14.175234155595733
14,11,84.025894,19.091412,92.66103,38.15683,20.929783,14.988082388175117
14,12,88.57868,20.783087,100.73035,41.5102,24.026573,19.4841168327527
14,13,90.4605,22.402973,109.89257,44.91063,29.735498,26.872727448558003
14,14,90.42485,22.811043,119.54488,48.114822,38.57794,36.42265824736724
14,15,90.73292,22.319141,129.5937,51.518303,48.608147,47.41206401498373
14,16,90.83764,22.166386,140.58057,55.013466,59.609474,58.89460806396875
14,17,90.96636,21.950598,152.53017,58.77765,71.73795,71.05952722903093
14,18,91.12201,21.108725,164.98807,62.946335,84.89158,84.71344183457902
14,19,89.76922,19.568426,177.36465,67.27426,99.743706,99.67876835974042
14,20,87.614525,19.870974,189.77806,72.885185,115.099495,115.10416196273509
14,21,86.16451,21.139868,202.86147,78.03271,129.8267,132.1448366350186
14,22,85.68132,22.879282,216.47777,82.925064,143.92084,144.1813904808322
14,23,85.42399,24.279251,230.51996,87.79884,158.3906,158.71365364064116
14,24,85.28924,25.171253,244.68723,91.846115,172.78094,173.17522332676927
14,25,85.20555,25.938509,259.10242,97.620766,188.09164,188.46200979275318
14,26,85.16747,26.476807,274.0851,103.30594,203.94261,204.3031546578452
14,27,85.17243,26.406443,290.39203,108.49289,221.02776,221.4252719519456
14,28,85.20757,26.041775,307.09723,114.033844,238.69984,239.13447594906248
14,29,85.24952,25.279146,323.59756,120.02247,256.488,256.9562076811099
14,30,85.24947,25.2779,339.88947,125.82673,273.7729,274.25128186431925
14,31,85.27989,25.630238,356.10623,131.83295,290.90536,291.3736727114444
14,32,85.41198,27.007004,372.3428,137.7574,307.56293,307.9818506284627
14,33,85.444374,29.06003,388.31458,143.8923,323.90866,321.7310088880792
14,34,84.68659,32.244835,404.22772,150.24002,340.6309,340.7628703985101
14,35,82.233116,35.618446,420.93292,156.05486,359.47528,363.7428364178399
14,36,78.1307,38.632248,437.85373,161.83948,380.23764,388.4906947281975
14,37,73.511215,40.191727,454.69257,167.57553,401.90277,400.04470987270986
14,38,69.24592,39.05863,471.31253,173.19357,423.8511,421.77608198222174
14,39,66.74993,34.725166,487.76337,178.74165,444.9641,443.76354459451454
14,40,67.275925,30.278015,504.01645,184.39322,463.13474,465.4118863884766
14,41,68.89106,26.803127,519.9835,189.99484,479.70404,479.650547561517
14,42,70.72231,23.924967,535.55994,195.17456,495.3791,498.7398799643371
14,43,72.56826,21.38402,550.7459,200.4223,510.59628,511.3872227053218
14,44,74.07594,18.85387,565.4745,205.53793,525.6648,530.3945755799798
14,45,75.28245,16.684471,579.6341,210.90198,540.45447,545.5338556363072
14,46,76.08287,14.000279,592.79376,216.51402,554.97925,556.7082119099713
14,47,77.02419,10.364927,604.1451,223.22855,568.47815,565.7447428447565
14,48,78.473366,6.794482,614.1913,230.95288,580.72424,582.994414309966
14,49,80.21945,3.5320055,622.62,239.21799,591.39343,588.655851877454
14,50,82.17861,0.13212991,629.4895,247.63197,600.67084,603.0715648054734
14,51,80.03317,-5.1059217,634.83203,255.53206,612.9714,605.993706697112
14,52,73.11936,-4.514245,639.3159,261.68225,625.65094,619.5380563565735
14,53,66.50876,-1.0951838,644.52356,265.01044,636.32794,633.2036198730852
14,54,61.08372,5.1769333,650.3471,265.3298,644.1357,646.8833150421618
14,55,54.7272,12.194359,656.2114,262.63965,651.5414,660.2857770010694
14,56,47.51668,19.452332,660.7515,255.81061,657.20795,672.1567160736034
14,57,40.51629,27.85736,664.6033,247.41039,661.58,662.5736051441046
14,58,37.3498,37.81011,668.9716,237.42296,662.4133,673.4395948370624
14,59,41.18199,47.38993,674.1335,225.48344,657.52936,664.2300052373715
14,60,49.31825,54.357845,679.9628,213.05904,650.3066,676.1556214280339
15,1,7.9723473,3.022434,14.586552,5.372395,7.0192604,7.018789840084399
15,2,16.121883,6.101405,30.823126,11.296848,15.5922785,15.591448267500441
15,3,24.00189,9.831399,46.794903,17.431767,24.026796,24.01904488666972
15,4,30.212265,14.97817,62.708065,23.77948,33.666603,33.4914232455806
15,5,33.809425,21.831781,79.41327,29.594307,46.25978,45.35584069546938
15,6,35.087418,29.063381,96.33405,35.37893,61.571396,59.44677063368096
15,7,34.081074,36.579086,113.172905,41.11499,79.22179,70.476106674322
15,8,28.76672,42.658657,129.79286,46.73303,101.10826,95.79883470175943
15,9,20.92591,43.16027,146.24371,52.281105,125.64928,120.29490460111076
15,10,13.852183,38.56199,162.49678,57.932667,149.90143,146.28407328299934
15,11,8.135284,31.44917,178.46382,63.534306,173.32416,171.01327801877989
15,12,3.156423,23.24511,194.04027,68.71402,196.22453,194.85146009613075
15,13,-1.4627576,14.455006,209.22626,73.961754,218.9313,218.28989415565547
15,14,-6.9946966,5.9135056,223.95483,79.077385,242.2615,221.9611419540334
15,15,-13.076288,-2.8894653,238.11441,84.44143,265.9388,252.64174622388168
15,16,-20.754185,-10.020489,251.27408,90.053474,289.852,251.37776476996214
15,17,-28.095112,-16.356495,262.6254,96.768,311.95444,279.88351989502246
15,18,-34.54537,-23.614395,272.6716,104.49234,332.85675,276.4618703007421
15,19,-40.34224,-31.722256,281.1003,112.75744,352.41977,302.86929517336733
15,20,-45.785797,-39.863884,287.96982,121.171425,370.57413,296.89375129240216
15,21,-53.90428,-40.432602,293.31238,129.07152,386.38202,320.4517808989967
15,22,-56.440334,-33.957752,297.79623,135.22171,392.5624,327.05514144228124
15,23,-56.317894,-27.388899,303.0039,138.54988,395.78763,333.17389720763487
15,24,-54.06561,-22.046972,308.82745,138.86926,396.97028,338.60946336089665
15,25,-52.34048,-17.67834,314.69177,136.1791,397.97586,342.889059745121
15,26,-51.04101,-13.884495,319.23187,129.35005,397.01154,344.4382930171767
15,27,-49.67406,-10.8040285,323.08362,120.94984,395.35727,344.9772681481572
15,28,-46.883514,-8.1158905,327.45193,110.96241,392.81888,345.7383420618412
15,29,-42.88114,-7.8024564,332.6138,99.022896,390.3948,347.0378089018223
15,30,-39.48909,-9.252268,338.44315,86.598495,389.8976,349.3437291314918
15,31,-37.15922,-11.956863,344.7193,73.93878,391.41956,352.55715649415527
15,32,-35.88774,-15.452198,351.40845,61.549038,394.87662,356.7557035392005
15,33,-34.958855,-19.304935,358.43826,47.468224,399.02374,361.56600731587804
15,34,-33.93715,-23.308353,364.8175,33.818268,402.82593,366.38036235991507
15,35,-33.669395,-27.670134,370.06155,20.094688,406.54663,370.6059758605406
15,36,-35.81852,-30.910395,373.56384,6.947459,411.1291,373.6281763733545
15,37,-39.32716,-31.953087,375.4657,-5.015008,415.66666,375.4993806435023
15,38,-43.326508,-31.296137,376.49588,-14.961055,420.14008,376.7935946947237
15,39,-47.830082,-30.329828,377.03207,-22.070747,424.9424,377.6783578392273
15,40,-53.309837,-29.945995,377.38858,-27.044386,430.70822,378.3574027407977
15,41,-59.64389,-29.570843,377.68442,-30.91041,437.33035,378.9483754312823
15,42,-66.9089,-29.170279,377.9386,-34.61139,444.88077,379.52146171681636
15,43,-74.511345,-29.44812,377.7417,-38.75728,452.34885,379.72627612002884
15,44,-82.43803,-29.708767,376.64377,-42.827217,459.2692,379.0724689634981
15,45,-91.082596,-30.357061,375.7412,-48.3005,467.16852,365.1227307797583
15,46,-100.32834,-31.988802,375.73648,-56.264965,476.68338,379.9279772687928
15,47,-110.106346,-32.52925,376.41702,-65.34738,487.629,368.6789617427947
15,48,-119.95791,-31.880547,377.329,-75.375374,499.18542,384.78671488886147
15,49,-129.3223,-31.197952,378.10077,-86.49231,510.4269,374.9451884806707
15,50,-138.16025,-29.950966,378.5416,-98.32589,521.2062,391.1068784894077
15,51,-146.71245,-28.584393,378.93542,-110.729996,532.02783,382.4038658519158
15,52,-155.41539,-26.349037,379.3355,-123.564476,543.51575,398.95768319088415
15,53,-164.95589,-23.904987,379.72586,-136.81824,556.2622,391.8526006110972
15,54,-173.90681,-21.75276,380.60553,-149.95493,569.13947,409.08614744464245
15,55,-182.68483,-20.323824,381.82162,-163.8733,582.47235,404.36377557703656
15,56,-191.43568,-20.251028,383.1908,-178.52791,596.0261,422.74430090563993
15,57,-199.42134,-20.732447,384.76468,-192.39629,608.8857,430.19297380496613
15,58,-206.18597,-22.1922,386.20438,-206.8101,620.4919,438.0987615516369
15,59,-210.0007,-25.084505,387.88278,-221.48328,629.3148,446.67067140880084
15,60,-211.63365,-28.046413,389.27744,-235.5698,635.73584,455.01354398680485
16,1,0.10373281,-0.65413976,5.659458,-11.380975,12.0801935,12.07856775808602
16,2,0.021865867,-1.0075046,12.348607,-23.770718,25.886528,25.875149683874298
16,3,-0.04261587,-1.1856836,19.378418,-37.851532,41.491695,41.48107957440286
16,4,-0.17118427,-1.5572941,25.757656,-51.501488,56.27368,56.265389275303946
16,5,-0.5052348,-2.1379225,31.001709,-65.22507,70.5172,70.52885833272144
16,6,-0.9596927,-2.3310156,34.50401,-78.3723,83.90442,83.97351971482558
16,7,-1.487673,-2.1708581,36.405846,-90.33476,95.962456,96.11756019940138
16,8,-2.1834872,-1.5275688,37.436054,-100.28081,106.40446,106.64735940583358
16,9,-3.2355938,-0.45560825,37.97223,-107.3905,114.59999,113.90628556165262
16,10,-5.147505,1.0078624,38.328728,-112.36414,121.422386,118.72162955235541
16,11,-7.770765,2.9713824,38.624565,-116.23016,127.91222,122.47996673139608
16,12,-11.170957,5.4948683,38.878773,-119.931145,135.04317,126.07566948905459
16,13,-15.109413,7.8925414,38.68186,-124.077034,142.5113,129.9670568322925
16,14,-19.352009,10.496698,37.58393,-128.14697,149.87918,133.5448814085145
16,15,-24.364607,13.290871,36.68136,-133.62025,159.08957,138.56381148507876
16,16,-30.309784,15.865626,36.676636,-141.58472,171.10754,133.84734123078306
16,17,-36.273994,19.345503,37.357193,-150.66714,185.27237,155.22948471659475
16,18,-41.88418,23.602753,38.269157,-160.69513,200.97331,152.83372375386563
16,19,-47.142662,27.651527,39.040924,-171.81206,217.2863,176.19202186388986
16,20,-51.810383,31.774872,39.48177,-183.64565,233.96635,187.84193407442004
16,21,-56.213627,35.810287,39.875572,-196.04976,250.98251,200.0640701420577
16,22,-60.446327,40.483303,40.275665,-208.88423,268.94067,212.73181253440904
16,23,-65.26977,45.80175,40.66603,-222.138,288.12167,213.64466796682206
16,24,-69.749466,50.59647,41.545696,-235.27467,306.7718,238.91484099581476
16,25,-74.35879,54.845562,42.761787,-249.19305,325.817,252.83560610122458
16,26,-79.45607,58.271065,44.130962,-263.84766,345.01337,267.51304655693065
16,27,-84.14351,60.97469,45.704834,-277.71603,362.72855,281.45203629978727
16,28,-88.19877,62.551544,47.144547,-292.12985,379.62704,295.9097580505063
16,29,-90.42422,62.405926,48.822952,-306.80304,394.59476,310.6637075849964
16,30,-91.160324,62.019363,50.21759,-320.88956,408.17517,324.79544322018415
16,31,-91.08171,62.09655,51.394688,-334.43307,421.34937,338.35937927454466
16,32,-91.15182,61.948177,52.715332,-347.7116,434.18765,351.6851791769327
16,33,-91.031425,61.405575,54.038296,-360.3722,446.0288,364.40151840239884
16,34,-89.98541,60.914196,55.308754,-374.09164,458.6289,378.1584917401374
16,35,-88.536934,60.83915,56.569515,-387.92374,471.63968,392.0270177952399
16,36,-86.7418,60.7465,57.71313,-401.35785,484.15662,405.48636547833684
16,37,-84.595024,60.67071,58.88249,-414.16498,496.03903,418.33008981516457
16,38,-82.0968,60.49166,60.158806,-426.59485,507.43466,430.8161757238617
16,39,-79.351814,59.874287,61.390987,-438.16943,517.54816,442.44957728960793
16,40,-77.44654,59.277225,62.634956,-448.80185,527.0362,453.1518443483606
16,41,-76.25824,58.940205,63.98668,-458.4935,536.10284,462.93732351261184
16,42,-76.03078,58.911343,65.466995,-466.65732,544.283,471.22754565156805
16,43,-77.36201,58.739098,67.26082,-472.9066,550.96545,477.66631712717736
16,44,-79.36983,57.915848,69.28502,-477.59055,555.7566,482.59053304805286
16,45,-81.34035,56.315525,71.20536,-480.94467,558.4968,486.1877023894341
16,46,-82.75279,54.299305,72.70914,-483.09293,559.4272,488.5344415653477
16,47,-83.32858,51.467133,74.464554,-485.17548,559.3603,490.85715563851966
16,48,-81.71812,48.326164,76.52406,-487.09546,558.31616,493.070467897182
16,49,-79.190186,46.52522,78.51609,-488.58795,557.8686,494.8571173601025
16,50,-76.78988,45.149616,79.96866,-489.39377,557.0547,495.88496126653104
16,51,-74.537056,44.44626,81.912315,-490.20096,557.0674,496.9982690325075
16,52,-73.06709,44.2905,85.206764,-490.9564,558.15753,498.2962127403059
16,53,-72.08757,44.164696,90.11748,-491.08185,559.28467,499.28283862827595
16,54,-71.25481,44.018143,96.14896,-489.3822,559.05273,498.73888120618756
16,55,-70.83132,43.948868,102.28053,-485.36182,556.8999,496.02260900010987
16,56,-70.639,43.917,107.951096,-479.10413,552.67126,491.1164419573087
16,57,-70.60636,43.91132,113.92393,-471.48615,547.4358,485.05576257821104
16,58,-70.89552,43.99632,120.54192,-463.125,542.05194,478.55665472924437
16,59,-71.616745,44.26258,127.62538,-454.38562,536.9799,471.97035856490453
16,60,-72.7234,44.667095,134.85208,-445.29044,532.11456,465.26370489629727
17,1,1.8862197,-8.858546,1.0608184,-12.180524,3.4229844,3.237835395138723
17,2,6.997691,-16.563288,2.3814633,-25.459032,10.022167,8.395203464484759
17,3,15.970925,-19.444176,3.704426,-38.119633,22.343674,12.729536183712117
17,4,24.148533,-13.791747,4.9748845,-51.839073,42.60549,35.96293307253048
17,5,29.795204,-5.1470795,6.2356467,-65.671165,64.94781,40.396421692773
17,6,35.677517,3.8614159,7.379263,-79.1053,87.65996,67.22238667393333
17,7,41.618393,13.291411,8.54862,-91.91242,110.27899,92.30912003578008
17,8,48.125896,22.835203,9.824939,-104.342285,132.81972,92.5775431450986
17,9,56.208183,31.54363,11.05712,-115.91688,154.2181,116.44305803873448
17,10,64.46143,39.082905,12.301089,-126.549286,173.65115,114.9198021605997
17,11,72.02649,46.3825,13.652813,-136.24092,191.72585,136.92331503393902
17,12,77.86652,54.01531,15.133129,-144.40474,208.10092,132.97096819843432
17,13,81.04584,61.5725,16.926952,-150.654,221.70097,151.60198169553792
17,14,82.08198,69.045105,18.951153,-155.33798,233.09499,144.27104332234245
17,15,80.94396,76.31877,20.871492,-158.69212,242.56715,160.05881522889354
17,16,77.80924,83.10348,22.375267,-160.84036,250.163,150.18012313274136
17,17,72.426445,87.89613,24.130686,-162.92293,255.42647,164.70029920729382
17,18,65.73793,88.251724,26.190191,-164.84288,256.16577,154.71685255863218
17,19,59.234802,85.30939,28.18222,-166.33539,253.55345,168.7060371089372
17,20,52.746304,81.5641,29.634792,-167.14122,249.77686,157.57321630670887
17,21,46.90793,76.21944,31.578451,-167.94838,244.64856,170.8914560307632
17,22,41.700413,69.11398,34.872894,-168.70384,237.9158,160.13383883533743
17,23,36.032597,61.72958,39.78361,-168.82928,230.58937,173.45350358137748
17,24,29.929321,54.499603,45.815086,-167.12965,222.19786,161.2831363333582
17,25,23.641289,46.86599,51.946663,-163.10925,211.8745,171.18169429486179
17,26,17.179989,39.05489,57.61723,-156.85158,200.03629,155.33335253416976
17,27,10.542847,31.162836,63.59006,-149.23358,188.03424,162.21738885488185
17,28,2.8010755,23.83403,70.20805,-140.87244,177.96606,146.0927737894087
17,29,-5.7889323,16.740942,77.29151,-132.13306,170.48701,153.07934067670905
17,30,-14.679901,9.35106,84.51822,-123.037865,165.43004,138.7612300396716
17,31,-23.600655,1.9237394,91.836815,-114.23596,163.76472,146.57439000632843
17,32,-33.503315,-5.800823,99.023224,-105.89621,166.0794,135.57099185582067
17,33,-43.43304,-13.577352,106.00319,-97.93072,171.60034,126.4510876964209
17,34,-53.562172,-20.171333,112.75219,-90.705605,180.65312,121.06614511984365
17,35,-64.32622,-26.326748,118.9556,-84.1695,192.19263,130.52490650991234
17,36,-74.05196,-33.50225,124.647285,-78.174416,203.65901,127.40450270670061
17,37,-83.55302,-40.36255,129.92714,-72.68528,215.91327,136.0093493366873
17,38,-93.739,-45.688484,134.80772,-67.97425,229.6307,135.32073526359815
17,39,-104.17539,-50.120796,139.08438,-64.66353,243.69408,142.21470922800833
17,40,-115.21531,-55.21517,143.5581,-62.71684,258.8821,142.00167631552014
17,41,-125.13463,-61.06193,148.23425,-63.154278,273.3769,144.21309513788745
17,42,-133.29758,-69.18703,152.08333,-65.99138,285.3988,150.9754939709839
17,43,-140.94122,-79.09523,155.00485,-70.12409,296.08203,151.14196203064688
17,44,-149.00012,-90.04131,157.41606,-74.318756,306.8193,151.42968844782533
17,45,-157.34111,-101.15192,159.59679,-78.109886,317.7744,156.83979560042604
17,46,-164.73108,-113.83373,161.85011,-81.67588,328.1606,156.43765497208022
17,47,-171.21564,-126.21602,164.54349,-85.58474,338.20865,157.3003672471714
17,48,-177.6434,-138.79083,168.33786,-90.85794,349.28583,159.79569459862344
17,49,-183.91428,-150.71933,172.45956,-96.413795,360.48773,162.8310913722511
17,50,-189.89203,-161.07567,176.40091,-100.74984,371.22733,166.04160509209697
17,51,-196.39572,-171.11353,179.46494,-103.677605,381.86234,169.64489392441735
17,52,-203.87025,-180.4352,181.23882,-105.665504,392.30026,170.49401081558088
17,53,-212.00394,-187.99695,182.63098,-107.75968,402.70923,171.36716822679082
17,54,-219.54541,-196.57185,183.75056,-110.69174,412.33847,172.77645918445003
17,55,-227.2171,-204.6492,185.54248,-115.00914,422.38113,173.62958215485722
17,56,-235.93301,-211.97441,189.1172,-120.133804,434.85907,176.20669617914868
17,57,-244.70201,-221.82417,194.06526,-126.16489,449.07397,178.8280396788208
17,58,-252.08122,-231.38536,199.85081,-133.11606,462.4926,179.63322033221905
17,59,-259.26642,-240.79518,206.00517,-140.50995,475.95673,189.3557401626459
17,60,-266.12833,-250.33856,211.9753,-148.01859,488.92993,190.03902622890658
18,1,3.9388351,4.6697874,6.5860167,7.9117866,4.1854663,4.185276405433144
18,2,8.69865,9.874082,13.772426,16.25154,8.1495495,8.14327727835672
18,3,13.652761,15.304745,20.752396,24.217031,11.394458,11.386300335911399
18,4,18.731497,19.980598,27.501396,31.442144,14.431846,14.403420306352022
18,5,24.225676,24.483303,33.7048,37.97824,16.491426,16.332506831437765
18,6,28.787567,29.20595,39.39649,43.97333,18.18309,18.033958110440395
18,7,32.89107,33.367744,44.676346,49.462467,19.948254,19.78697377616837
18,8,37.176285,36.617607,49.556927,54.1735,21.482311,21.258904213485167
18,9,41.128727,39.143692,53.83359,57.48422,22.311174,22.07924768611892
18,10,45.419044,42.075138,58.307312,59.43091,21.61782,21.64004685914206
18,11,48.734905,44.866272,62.98345,58.99347,20.064865,21.112908691289313
18,12,51.08359,48.15166,66.83254,56.156364,17.666487,19.925724429925037
18,13,53.274292,52.25868,69.75406,52.02366,16.481441,25.20790314113841
18,14,55.761253,57.18432,72.16526,47.82899,18.884214,23.48145858244085
18,15,58.28132,62.061874,74.346,44.03786,24.14413,24.526614003530494
18,16,60.44056,67.78892,76.59931,40.471863,31.73841,25.339420023822488
18,17,62.075367,72.79999,79.2927,36.563004,40.119267,32.95225727219815
18,18,63.644238,77.77526,83.08706,31.289808,50.3877,37.4959480946506
18,19,65.022644,81.977936,87.20877,25.733953,60.461636,41.219898261439255
18,20,65.96769,84.5162,91.150116,21.397907,67.956406,50.250784488172286
18,21,66.96606,86.82689,94.21414,18.470144,73.58738,51.16131711878685
18,22,68.04642,88.763794,95.98802,16.48224,77.49423,53.81904348143859
18,23,68.75586,89.687874,97.38019,14.388065,80.55689,56.32725651462472
18,24,69.42553,90.769684,98.49977,11.456006,84.47468,59.33971003975636
18,25,69.88515,91.452324,100.29169,7.13861,89.62901,63.88123391727205
18,26,70.42661,92.088936,103.86641,2.0139415,96.08186,70.12889518417037
18,27,71.639114,94.02142,108.814476,-4.017139,104.85021,77.91531235559977
18,28,72.00159,94.70061,114.60003,-10.968305,113.932205,86.94190384942178
18,29,72.154434,94.99061,120.75437,-18.362206,123.33213,96.54714841693917
18,30,72.10679,94.89355,126.724495,-25.870834,132.54105,106.1359643169191
18,31,72.369934,95.43305,132.1133,-32.863148,141.5245,114.9632461692628
18,32,72.47142,95.65012,137.36266,-39.991924,150.365,123.81579988993944
18,33,72.19224,94.979416,143.08354,-47.56143,159.19632,133.3039990085042
18,34,70.72569,92.84109,149.41019,-55.828636,168.20802,146.916611563449
18,35,66.10351,94.00743,156.33011,-64.88836,182.72577,159.62643831254525
18,36,65.1007,98.79003,163.91783,-74.56621,199.5425,172.1986708967978
18,37,69.30504,103.82203,172.03569,-84.72809,214.72012,185.00709378462295
18,38,75.37569,108.274086,180.36671,-95.097435,228.87354,198.02396280936128
18,39,81.85409,112.44558,188.7098,-105.43746,242.675,211.5179825643291
18,40,89.090294,116.18188,196.8932,-115.63572,255.65771,224.81864266321583
18,41,96.42204,119.31855,204.86177,-125.49271,267.75308,235.95601409887934
18,42,104.63122,122.869934,212.69626,-135.06125,279.65433,240.50102066069823
18,43,112.83963,126.51952,220.438,-144.32684,291.4364,260.39208797525527
18,44,120.34469,129.59924,228.26274,-153.41664,302.8932,265.0216090169283
18,45,128.48042,132.63133,236.23552,-162.07884,313.79172,284.1226500388551
18,46,137.6912,134.44337,244.72307,-170.84572,323.50772,288.40202337331556
18,47,146.88988,136.36952,253.61497,-179.92607,333.81604,291.19967456331875
18,48,156.60089,137.75876,262.54242,-188.92073,343.42847,313.6338262824301
18,49,166.69987,139.56767,271.3481,-197.73378,353.1622,316.18995861882024
18,50,176.92712,141.56012,279.80743,-206.18709,362.64648,337.91090630673784
18,51,187.71506,143.5925,287.70563,-214.0639,371.37073,339.1859450787253
18,52,199.7569,145.69931,294.73523,-220.94865,378.75006,335.7521064053454
18,53,213.30594,147.67459,300.4359,-226.49889,384.18408,356.88257435167026
18,54,226.67088,149.34837,304.8398,-231.01646,388.31403,349.96041234045896
18,55,239.47789,150.7051,309.16693,-235.73248,392.67105,369.56602916107306
18,56,252.31978,152.02438,314.21313,-241.19022,398.0559,363.7812002884652
18,57,264.90082,152.63593,320.30142,-247.50946,403.96234,359.16097182870953
18,58,276.98993,151.95984,327.3223,-254.66255,409.72565,356.4233980706176
18,59,289.65115,150.91139,335.1289,-262.6562,416.06052,380.31070575884524
18,60,303.00848,149.72015,343.23508,-271.2657,422.90335,405.4964921791179
19,1,8.848123,-10.886295,4.8215804,-6.269546,6.1259623,6.105129922320564
19,2,18.858604,-22.631634,10.070933,-13.398321,12.746655,12.67326651810612
19,3,29.948416,-34.53876,15.791827,-20.96783,19.61069,19.377963556594736
19,4,38.182552,-48.16315,22.11847,-29.235037,24.825958,24.817715498050873
19,5,28.612097,-60.166256,29.03839,-38.294754,21.875656,25.30385541569005
19,6,12.843963,-56.652527,36.626118,-47.972607,25.316633,7.843119672351146
19,7,6.232797,-42.925407,44.743973,-58.134487,41.405636,35.46599323122138
19,8,3.100595,-27.998642,53.07499,-68.50383,64.32815,62.45585172487034
19,9,0.7955768,-12.338717,61.41807,-78.84386,89.989,92.03395621853946
19,10,0.006905794,3.2065191,69.601494,-89.042114,115.55612,96.25977836760107
19,11,0.356115,19.31084,77.57005,-98.8991,141.19342,125.69115597274526
19,12,0.62777615,34.711647,85.40455,-108.46765,166.39534,121.29909766038526
19,13,0.7441875,50.08764,93.146286,-117.73324,191.57765,150.12512616131275
19,14,1.3408446,66.408936,100.97103,-126.82304,217.40462,145.35552909658549
19,15,2.4439967,82.32582,108.9438,-135.48524,242.45384,173.85433835238044
19,16,5.987193,97.344154,117.43135,-144.25212,266.0612,169.26117972317834
19,17,9.39667,112.62487,126.32325,-153.33247,290.5256,198.66783994724
19,18,13.671139,127.27747,135.25069,-162.32713,314.08984,194.55159472730324
19,19,17.343876,141.73955,144.05641,-171.14017,337.56448,223.70053903575914
19,20,20.809664,156.30954,152.51572,-179.59349,360.80093,218.88843905547517
19,21,24.268251,170.45923,160.41391,-187.4703,382.94803,246.7361352432235
19,22,27.624914,183.45667,167.44351,-194.35506,402.8535,239.81767779554403
19,23,30.969973,195.0384,173.1442,-199.90529,419.75473,256.57064855478615
19,24,34.61441,206.76378,177.5481,-204.42287,435.32114,254.0476721301789
19,25,38.715588,219.12308,181.87521,-209.13889,451.55618,277.1625499382913
19,26,42.8579,231.47533,186.92143,-214.5966,468.75842,267.8774008824788
19,27,47.79537,243.93224,193.00969,-220.91585,487.00198,293.35683181385514
19,28,54.268353,256.31104,200.03058,-228.06894,505.83652,286.65295199831
19,29,60.817142,268.05844,207.83719,-236.06259,525.1218,314.52174006958734
19,30,67.12619,279.2093,215.94336,-244.67209,544.60834,309.6340431035176
19,31,72.30343,289.46622,224.39,-253.72296,564.0788,330.82628695759763
19,32,77.43176,299.80478,233.22385,-263.09753,584.06354,334.8876304582725
19,33,82.3371,310.41217,242.24379,-272.5037,604.45105,356.72555761124926
19,34,87.93616,320.96494,251.21866,-281.77844,624.46844,360.80966132079334
19,35,95.96708,330.4499,260.08072,-290.91327,642.6706,390.22624604662354
19,36,105.226395,340.49887,268.80548,-299.98062,661.03864,386.10523474639353
19,37,115.83313,347.72913,277.3995,-308.89417,676.20844,407.2900210526589
19,38,126.28238,353.98178,285.88028,-317.77765,690.45795,410.75869122540666
19,39,135.82115,360.06586,294.27847,-326.74567,704.85376,431.8517388591322
19,40,144.89609,365.0314,302.65997,-335.73495,718.3056,435.33359470979707
19,41,153.03606,369.11017,310.983,-344.5099,730.89044,456.2324412651326
19,42,160.1361,372.53085,319.0457,-352.87302,742.6055,475.7276902485486
19,43,166.22186,376.16428,326.60123,-360.6751,754.0914,478.69948103488747
19,44,172.71655,380.28873,333.4437,-367.71774,765.07965,496.39637714138735
19,45,179.72157,384.73126,339.50534,-373.93396,775.30884,497.19112884132016
19,46,186.55966,389.09103,344.67886,-379.27878,784.47046,512.5086244624235
19,47,193.3968,393.67734,348.63574,-383.3079,792.3416,510.2700040449974
19,48,200.65268,398.51755,351.25507,-385.9693,798.812,521.8832514340912
19,49,208.24005,402.35986,352.7734,-387.4656,802.9409,516.1304284378431
19,50,214.48587,404.68033,353.38336,-388.0802,804.8364,524.8770496791617
19,51,220.4214,406.11,353.85046,-388.56818,805.8019,517.6709461453142
19,52,225.31685,406.676,355.15424,-389.81656,807.0057,527.3533054818188
19,53,228.7042,407.14578,357.55527,-392.1527,809.61755,530.6974169706987
19,54,231.63039,407.56622,361.20013,-395.75043,813.6989,535.8119739744436
19,55,233.78452,407.77838,366.27094,-400.73193,819.29333,542.9101663926525
19,56,235.94395,407.79187,372.37683,-406.82565,825.9635,551.5279812548085
19,57,237.82018,407.17288,379.0902,-413.60498,832.8466,561.0620249298985
19,58,238.11604,406.59198,386.40375,-421.0546,840.82587,571.4959646099829
19,59,238.30733,406.94385,394.1848,-428.89008,850.24475,582.5306514217807
19,60,238.78448,407.10544,402.39,-436.9784,859.79315,594.0389514357017
20,1,4.803099,-4.867994,7.6265078,-8.166531,4.341887,4.337824275569274
20,2,10.75832,-10.836161,16.46035,-17.541107,8.801673,8.790253340906418
20,3,17.028214,-16.75695,25.48029,-26.947266,13.23934,13.213353269686719
20,4,23.441568,-23.518713,34.455166,-36.222023,16.812895,16.79188843023453
20,5,28.56287,-31.98303,43.317223,-45.356853,19.913565,19.870991501066015
20,6,33.998642,-41.882343,52.04198,-54.424183,21.974072,21.565742606418233
20,7,36.849564,-52.01771,60.636013,-63.337738,26.342707,24.649963172121335
20,8,39.05083,-62.09239,69.116776,-72.221214,31.726238,28.14569779762612
20,9,41.424004,-71.638794,77.514984,-81.18925,37.33323,31.926905562746796
20,10,43.04254,-80.71072,85.89647,-90.17853,43.88734,36.44132213545011
20,11,44.20175,-88.91324,94.219505,-98.95347,51.015507,41.80243143264554
20,12,45.111225,-96.15952,102.2822,-107.316574,58.249466,47.22369284433615
20,13,46.53509,-102.70741,109.837746,-115.118675,64.50787,52.33157573539748
20,14,48.28278,-109.79754,116.680214,-122.1613,69.505905,55.69215443955688
20,15,50.16816,-117.46639,122.741844,-128.37752,73.38932,53.07358320794778
20,16,52.031986,-124.969696,127.91537,-133.72235,76.38649,48.4183861033714
20,17,54.11002,-132.57455,131.87225,-137.75146,77.93437,42.448758428557966
20,18,56.301846,-140.67767,134.49158,-140.41287,78.19018,35.32193937053939
20,19,57.489426,-148.8305,136.00993,-141.90918,78.82497,27.633985823869736
20,20,57.693794,-155.2951,136.61989,-142.52376,79.952705,19.817337091429838
20,21,57.168972,-161.26042,137.08698,-143.01176,81.975,13.054363106482095
20,22,56.155025,-166.0408,138.39073,-144.26013,85.0712,9.211716770128502
20,23,55.515568,-169.4333,140.79178,-146.59627,88.28116,8.827751005270327
20,24,54.961094,-172.45624,144.43665,-150.19398,92.20348,10.951603487111862
20,25,54.426476,-174.78204,149.50743,-155.17549,97.081436,15.57990911410019
20,26,53.679325,-177.05283,155.61334,-161.26923,103.14876,26.68644231465652
20,27,52.35161,-178.82578,162.3267,-168.04857,110.50191,33.746959946640416
20,28,51.328102,-178.97728,169.64027,-175.49817,118.36332,45.99078582052198
20,29,51.2676,-178.91217,177.42133,-183.33363,126.231186,57.03350757365371
20,30,51.267467,-178.85732,185.62653,-191.42195,134.94527,68.55504947557158
20,31,51.31024,-178.33516,194.35797,-199.51738,144.60753,81.13070179245047
20,32,51.3145,-177.32465,203.57532,-207.8907,155.29855,94.44028992977016
20,33,51.359222,-175.84792,213.02441,-216.25366,166.6381,105.50494038783792
20,34,51.560734,-173.83821,222.66312,-224.59006,178.47066,116.42707962027167
20,35,51.883293,-171.17484,232.48906,-232.96037,190.8819,131.79674604815634
20,36,52.718185,-168.00807,242.45476,-241.171,203.35384,147.67922948639156
20,37,53.610104,-164.24733,252.5324,-249.36118,216.36646,164.36770699876863
20,38,54.69798,-161.33464,262.6798,-257.41846,229.10378,173.5622645370113
20,39,56.13254,-158.86015,272.68054,-265.52457,241.39249,183.42093744139694
20,40,58.305435,-156.72891,282.56476,-273.36453,252.7768,199.00667261585713
20,41,60.667046,-154.0896,292.4544,-280.98947,264.25168,215.18818706246188
20,42,63.137726,-151.01538,302.4745,-288.30154,275.9159,223.8119262226933
20,43,65.859566,-147.24025,312.56247,-295.3245,287.73474,239.7521545991538
20,44,68.337234,-143.5717,322.6708,-302.15186,299.72192,248.14132416176105
20,45,70.974236,-139.57558,332.81204,-308.9167,311.826,263.96591341692687
20,46,73.37291,-136.03452,343.14545,-315.55286,324.04327,272.42337338465325
20,47,75.66571,-132.7448,353.55603,-321.79224,336.09814,288.13070290459945
20,48,77.51835,-130.01497,363.80096,-327.75616,347.93582,296.11707057227966
20,49,79.54028,-127.27021,374.03247,-333.59915,359.5793,311.45388453628607
20,50,81.78071,-124.26695,384.80484,-338.98236,371.38437,319.5194657955498
20,51,83.337616,-122.131485,396.18497,-343.8257,383.4342,329.3448468868036
20,52,84.25134,-120.86494,407.8938,-348.2416,395.53076,339.7984187158972
20,53,85.335,-119.46013,419.85574,-352.24863,407.5471,353.297653661246
20,54,86.33548,-117.53779,432.01337,-355.89716,419.89093,367.3712596823869
20,55,86.45437,-115.202065,444.35422,-359.21664,433.16904,376.38531603963287
20,56,85.361984,-112.567795,456.84378,-362.19556,447.5631,391.2916388533334
20,57,83.80048,-110.20493,469.36496,-364.6696,461.9656,400.09935332105766
20,58,83.21254,-108.92215,482.14413,-366.79892,475.02298,412.79134168061466
20,59,82.77155,-109.89288,495.21478,-368.64542,486.89044,423.9512893380085
20,60,79.47203,-110.41919,508.34692,-370.26364,501.45068,438.8778106391639
21,1,4.202976,-3.8796456,7.875896,-7.3146043,5.028845,5.028817680546027
21,2,8.518798,-7.995373,17.093231,-15.68792,11.519382,11.519175359961356
21,3,12.963102,-12.809244,26.54233,-24.050886,17.628668,17.61085225343503
21,4,17.296347,-18.28361,36.18103,-32.38728,23.569998,23.48933184179126
21,5,21.815697,-24.236898,46.00698,-40.75759,29.294222,29.067201974366082
21,6,25.627295,-31.017965,55.972683,-48.968224,35.256977,34.69681203759711
21,7,29.62968,-37.740696,66.05031,-57.158398,41.27359,40.257517656133814
21,8,32.31116,-43.86985,76.19774,-65.215675,48.802418,47.26048645830736
21,9,33.74882,-49.63304,86.19846,-73.321785,57.551033,55.30340831206386
21,10,33.60123,-55.48451,96.08267,-81.161736,67.551834,64.3438578637594
21,11,33.8535,-61.798462,105.97232,-88.78668,77.003174,72.83052604370127
21,12,34.47772,-68.49993,115.99242,-96.09875,86.0601,80.4828188593451
21,13,35.55919,-75.896675,126.08038,-103.12171,94.52666,87.44687721521765
21,14,36.85554,-83.19266,136.18874,-109.94908,102.87366,94.0193245835923
21,15,38.2933,-90.80971,146.32996,-116.7139,111.09881,100.27664385170574
21,16,39.550186,-97.94058,156.66335,-123.35007,119.83795,107.61391177346351
21,17,40.66766,-104.813805,167.07394,-129.58943,128.8114,114.56572373270164
21,18,41.74492,-110.956924,177.3189,-135.55338,137.78711,121.14887751065841
21,19,42.591934,-117.195175,187.55038,-141.39636,146.9648,128.32031019686568
21,20,43.4366,-123.71059,198.32277,-146.77957,156.59471,135.53100454916773
21,21,44.20215,-129.14752,209.70288,-151.62294,167.01987,144.45879553636226
21,22,44.84036,-133.52141,221.41173,-156.03883,178.00136,153.54288108607892
21,23,45.36137,-138.1204,233.37367,-160.04584,189.28642,162.640091132747
21,24,46.802372,-142.9496,245.53128,-163.69437,199.80872,170.72678704842164
21,25,50.28396,-146.92719,257.87213,-167.01387,208.55772,179.33275947366235
21,26,55.623745,-149.23431,270.3617,-169.99278,215.73897,186.26592314743075
21,27,61.32789,-150.49176,282.88287,-172.46681,222.64212,195.40412356315952
21,28,65.482735,-152.10892,295.66205,-174.59615,231.27515,203.68151247352452
21,29,66.1575,-153.99576,308.7327,-176.44264,243.61156,214.78509490274388
21,30,66.30648,-153.79681,321.86484,-178.06087,256.70764,227.5315247208098
21,31,68.4795,-154.14023,334.84778,-179.40234,267.5635,238.20228062996173
21,32,70.025505,-156.80536,347.5367,-180.63536,278.53247,247.79576445248836
21,33,71.33851,-159.56683,360.00073,-181.52843,289.49646,258.5375317603147
21,34,73.1256,-160.35439,371.9687,-181.65257,299.60107,268.43432258305916
21,35,75.32764,-160.27158,382.58255,-180.85933,307.94388,276.606656259727
21,36,77.128624,-159.81416,391.2877,-179.52097,314.77655,283.3818261545897
21,37,78.302185,-159.38785,398.14743,-178.2245,320.39944,288.9237239583403
21,38,79.505775,-158.8963,403.978,-176.86864,324.9696,293.5080546097576
21,39,80.69773,-158.48878,410.0122,-175.88701,329.77374,298.3807139033519
21,40,81.53524,-158.20894,417.04376,-175.29422,335.94324,304.5450273566113
21,41,81.487755,-158.22784,425.18488,-173.7088,344.04556,312.09058451178146
21,42,81.04601,-158.37457,434.06863,-170.46158,353.22946,320.2608875443417
21,43,80.37481,-158.6077,443.8274,-166.40579,363.53622,329.329667325763
21,44,79.558365,-158.9174,454.5717,-162.07109,375.02658,339.48581463278265
21,45,78.963234,-159.15572,466.07806,-157.34302,387.11908,350.30803588698126
21,46,77.68193,-159.53032,477.9556,-152.33626,400.33832,362.00868963320227
21,47,76.88699,-159.71059,490.39825,-147.46095,413.69266,374.1418083959619
21,48,75.95263,-159.93085,503.1632,-142.2684,427.57553,386.74255890122646
21,49,76.18023,-159.89026,515.83453,-137.03294,440.24808,398.64685409894975
21,50,76.903046,-159.80898,528.4849,-131.81583,452.44867,410.3073624482057
21,51,77.87937,-159.69316,541.0291,-126.561844,464.33325,421.80123322629134
21,52,79.34218,-159.54593,553.47003,-121.42184,475.65817,432.9726448955413
21,53,81.69114,-159.26791,565.9569,-116.223145,486.17508,443.73260500591425
21,54,83.93849,-158.95863,578.4211,-111.144135,496.78894,454.6546587103822
21,55,86.66623,-158.60399,590.40045,-106.19621,506.4531,464.8753668633062
21,56,90.00498,-158.4423,601.7504,-101.36094,514.9191,474.80180886736724
21,57,94.04555,-158.16066,612.54816,-96.66017,522.1372,483.03052387255946
21,58,98.68821,-158.16467,622.81903,-92.14155,528.2728,490.2759505259683
21,59,103.45672,-158.09389,632.28345,-87.81268,533.47644,496.74190130021833
21,60,108.0753,-156.95703,640.9,-84.12762,537.77905,503.2196053970651
22,1,5.326004,-6.0669703,11.666755,-1.1910336,7.998742,47.757014123499104
22,2,3.533617,-13.99699,24.355686,-2.4240494,23.82208,43.765172019265215
22,3,0.7269952,-22.482449,36.819695,-3.3171196,40.865547,22.59174938719058
22,4,4.868372,-32.32245,48.787663,-3.4412606,52.564503,0.0
22,5,12.916214,-39.390766,59.40152,-2.648024,59.252953,0.0
22,6,22.76865,-44.895184,68.10665,-1.3096539,62.890644,19.436240269493005
22,7,33.842552,-49.705215,74.96639,-0.013199168,64.50168,15.786313600819184
22,8,45.65107,-54.291813,80.79698,1.3426788,65.806015,34.94347522392734
22,9,57.627274,-59.76668,86.831184,2.3243074,68.61603,27.876704085005116
22,10,70.31525,-65.673836,93.86275,2.9170878,72.52034,19.12220151944668
22,11,84.334175,-71.26034,102.00385,4.502505,77.79605,43.198242577028886
22,12,98.539276,-77.9046,110.88762,7.7497306,86.539856,36.75044971834482
22,13,113.49902,-84.65557,120.646355,11.805519,96.72552,28.219916550354853
22,14,129.00879,-91.13359,131.39067,16.140211,107.30025,22.153402953269072
22,15,144.54045,-97.28898,142.89703,20.868286,118.16869,52.21680901739813
22,16,160.14264,-105.28868,154.77458,25.875048,131.27353,47.482412428512006
22,17,174.95378,-114.07067,167.21724,30.750364,145.02753,78.45722367672273
22,18,190.12134,-122.89041,179.98218,35.942905,159.1566,74.62486584370669
22,19,203.9297,-131.97186,192.6535,41.17837,173.51703,66.18157036980999
22,20,217.06291,-141.87791,205.30388,46.39549,188.64026,62.298643794545924
22,21,230.26326,-151.7091,217.84805,51.64947,203.7372,93.46487738632102
22,22,242.98665,-161.54106,230.28903,56.789474,218.69946,94.48583070452692
22,23,255.26094,-170.68753,242.77588,61.98817,233.01042,95.12227562163012
22,24,267.95026,-179.77437,255.24005,67.06718,247.16858,95.21959745110574
22,25,280.25186,-188.72333,267.2194,72.0151,261.06393,94.40003810905773
22,26,291.39096,-198.2943,278.5694,76.85037,275.44324,93.21544855229173
22,27,302.2383,-207.22186,289.36713,81.55114,289.05972,91.11731614864402
22,28,312.04117,-216.52179,299.63803,86.06976,302.84564,88.73651625464309
22,29,321.91867,-225.60202,309.10245,90.39863,316.26044,85.67930524610554
22,30,333.62958,-232.2585,317.719,94.083694,326.72983,81.52554589117891
22,31,344.79416,-238.62358,325.32355,97.40909,336.59625,76.36860186122527
22,32,355.60403,-245.86482,331.95,100.43493,347.10666,70.69365489618592
22,33,366.19916,-253.28743,337.63153,103.062904,357.4936,89.91002786240321
22,34,375.8839,-261.6683,341.95148,105.4904,368.72336,81.88576792128657
22,35,385.84775,-269.3057,344.8198,108.30266,379.8307,73.3361823167841
22,36,396.53326,-274.23297,346.6205,112.20151,389.64456,64.94047835356312
22,37,406.57004,-277.4488,346.90866,117.599976,399.5285,56.82054212285723
22,38,415.8993,-279.90103,344.98154,124.02265,410.10202,49.17141438848033
22,39,425.09164,-282.22723,341.6794,131.21967,421.77713,44.1945216308028
22,40,433.21515,-284.54807,337.46436,139.3169,434.5454,43.63090779036042
22,41,441.7427,-287.37805,332.3425,148.04437,448.95557,55.90698914142353
22,42,449.87097,-291.2488,326.51788,157.2295,465.1331,69.06264317207416
22,43,457.6828,-294.98373,319.86893,166.70802,481.8215,72.65614656418235
22,44,464.69073,-298.57678,312.50107,176.35515,498.72043,79.9805417434342
22,45,471.71436,-301.4436,304.63904,185.99026,515.2727,89.80847223200117
22,46,478.94946,-304.28452,296.5426,195.44632,531.9804,102.17433417465728
22,47,486.65103,-306.9047,288.50165,204.84985,548.77673,114.55454828733423
22,48,495.38068,-307.02524,280.22714,213.98552,563.68713,124.99449552204169
22,49,503.5832,-304.21277,271.6359,222.77475,575.77374,136.69271908417548
22,50,510.17484,-304.4745,262.706,231.28854,590.15497,147.79853636864078
22,51,512.16705,-307.57806,253.06277,239.33018,605.1807,159.34094997090787
22,52,511.61993,-308.29224,242.77441,247.09628,617.03674,171.01330955960353
22,53,513.0592,-309.11935,232.05167,254.8641,630.11316,183.21903267341668
22,54,511.9135,-312.95813,221.23186,262.79645,644.9722,196.5168410082262
22,55,506.158,-312.70465,210.49445,270.74274,654.08545,210.42608329211947
22,56,505.0011,-304.08444,199.84946,278.56232,657.71936,223.6137207249156
22,57,515.77014,-299.40494,189.25307,286.39966,670.6567,235.85331245045364
22,58,524.1917,-312.1246,178.68513,294.3807,698.014,245.55839953164198
22,59,512.2646,-325.9588,168.33223,302.3984,716.3255,254.47706222741593
22,60,492.39172,-318.8475,158.13544,310.28516,712.41504,263.70367573842293
23,1,11.020624,4.121074,6.7989235,2.9695718,4.3759246,25.930189440464137
23,2,23.075836,7.5492353,13.425398,5.995408,9.77473,6.259859551455929
23,3,35.876488,10.849737,19.106916,8.623389,16.916714,13.544444662120013
23,4,49.071926,12.839493,23.426859,11.050885,25.707365,4.955256430796708
23,5,61.994408,15.580978,26.29519,13.86314,35.740524,4.294593955916309
23,6,73.689926,20.958565,28.095896,17.76199,45.705948,11.934216633459611
23,7,83.88546,27.25115,28.384048,23.160458,55.65196,5.4061535106926595
23,8,93.26847,33.753304,26.456928,29.58313,66.94156,0.0
23,9,102.62676,40.366398,23.154804,36.78014,79.55283,19.649532331219827
23,10,111.46593,46.217785,18.939743,44.877384,92.5359,17.04175767219166
23,11,120.99976,51.966465,13.817883,53.60485,107.194405,38.581985445715176
23,12,131.24759,56.525654,7.9932866,62.78998,123.41339,37.99466781390469
23,13,141.22096,60.944252,1.3443156,72.26851,140.33429,60.71733507266793
23,14,150.61986,64.79969,-6.0235496,81.915634,157.57573,63.47895467206406
23,15,159.42825,69.335236,-13.885573,91.55074,174.73183,66.11938232930814
23,16,168.38339,74.09884,-21.981993,101.006805,192.25769,69.46257867026141
23,17,177.48253,79.492744,-30.022947,110.41033,209.79614,71.75525373043604
23,18,184.86432,87.88255,-38.297474,119.546,225.3969,94.0818322215439
23,19,188.98326,98.27196,-46.888718,128.33524,237.78014,115.2747375741357
23,20,195.20132,104.980865,-55.818615,136.84903,253.03476,135.1850958986853
23,21,201.41118,104.12412,-65.46184,144.89066,269.96872,153.70422625471397
23,22,202.1402,100.69238,-75.7502,152.65675,282.70718,170.23582382071905
23,23,201.21367,100.363144,-86.47295,160.42459,293.88937,182.97038803557356
23,24,201.9325,99.24903,-97.292755,168.35693,307.10202,195.96059913834662
23,25,199.85657,97.02859,-108.03016,176.30322,317.92877,205.08726810277025
23,26,194.87245,100.25394,-118.67515,184.12279,324.57062,221.8485294927598
23,27,197.496,108.80034,-129.27153,191.96014,337.1833,236.73612792506555
23,28,209.81454,107.278275,-139.83948,199.94118,361.72415,244.02723472215936
23,29,212.13625,92.07373,-150.19238,207.9589,380.40952,243.61838413877268
23,30,196.35538,83.050964,-160.38918,215.84564,380.65878,273.4265271428422
23,31,184.96016,99.86713,-170.6533,223.53824,376.5043,269.14341226912785
23,32,199.97192,116.69093,-180.9761,231.18382,397.78137,300.3123711073706
23,33,222.43219,107.87366,-191.24965,238.86377,433.92517,308.00548189473443
23,34,218.36424,82.450554,-201.57574,246.60811,450.88504,324.2171632804723
23,35,191.77452,78.76646,-211.98544,254.48116,440.33823,311.86043533845276
23,36,181.9317,105.87981,-222.49167,262.6715,433.75327,350.38723107137736
23,37,205.62143,123.94293,-233.0803,270.6369,462.5779,338.3450583836068
23,38,231.73312,106.76083,-243.57397,278.66995,505.44,378.084219295327
23,39,217.64308,76.406815,-254.08336,286.41144,516.3601,364.5206117442038
23,40,184.38896,86.584694,-264.49,294.20255,494.568,403.81408752103926
23,41,161.72421,112.28639,-274.9212,302.09012,476.11414,390.5208616440971
23,42,129.6626,124.52555,-285.42188,310.06482,454.66467,429.8728143157107
23,43,96.17584,120.481155,-295.83676,317.90353,438.91852,416.6775693040469
23,44,63.480137,114.416534,-306.03156,325.6884,425.6462,398.36402502506576
23,45,30.359474,109.27246,-316.31577,333.5959,412.92218,442.4318772072744
23,46,-2.3426933,104.910706,-326.7133,341.69287,401.5994,424.5023042281714
23,47,-34.534557,103.609406,-337.1719,349.84448,390.1552,401.56661450076456
23,48,-66.30939,106.98481,-347.46155,357.97086,376.88266,379.9187487602971
23,49,-96.98825,115.45629,-357.53555,365.9669,361.4422,358.86830817228116
23,50,-127.7695,123.207794,-367.44785,373.74564,346.72025,341.4697408509548
23,51,-158.2351,129.74977,-377.06168,381.44086,333.5168,325.40978558937894
23,52,-188.87364,136.69211,-385.80115,388.68076,319.81046,310.02018737186756
23,53,-219.31512,143.62874,-393.78836,395.38348,306.30273,290.6137685658252
23,54,-249.36223,152.12868,-401.5824,401.51013,292.1679,271.2624689307945
23,55,-280.25565,159.49341,-409.65988,407.30557,279.56454,252.70315281104288
23,56,-310.18942,165.58942,-417.73645,413.21014,269.96738,234.8165816383386
23,57,-338.80695,176.41566,-425.60623,418.83258,257.488,214.78963240864576
23,58,-367.25937,189.18059,-432.25317,423.37857,243.04915,193.40726247647143
23,59,-394.93436,201.90277,-437.86215,427.27005,229.41928,170.89542450059403
23,60,-422.98898,215.08913,-443.02112,430.99924,216.8374,146.6322275667504
24,1,0.85468805,6.101416,-9.259269,6.8454237,10.141285,8.575013784284051
24,2,5.896615,6.2348247,-19.58207,14.491,26.782974,24.36073496721365
24,3,7.2799635,2.6805098,-29.855616,22.170948,41.93958,37.18742676864128
24,4,5.719056,1.6183581,-40.18171,29.915293,53.922134,50.094756451183976
24,5,4.7740617,2.378178,-50.591408,37.788338,65.72073,63.14609420574401
24,6,4.6559796,2.1437833,-61.09763,45.978695,79.02554,76.46519389779125
24,7,4.119558,2.2322507,-71.68627,53.944073,91.76403,89.71526189573412
24,8,3.840832,3.8187952,-82.17993,61.977127,103.836235,102.93017181063772
24,9,7.0227194,4.8778725,-92.689316,69.71863,118.940384,115.98221381302348
24,10,8.884298,1.1100311,-103.09595,77.50973,135.55992,128.98203153152116
24,11,8.546723,-2.540719,-113.52716,85.3973,150.44975,142.0594634439771
24,12,9.966224,-5.9819727,-124.02784,93.37202,166.81015,155.24479399965122
24,13,12.337234,-7.957692,-134.44272,101.210724,182.9265,168.27977655131312
24,14,14.34154,-9.423656,-144.63753,108.99557,198.23586,181.10655598357482
24,15,16.4575,-11.068615,-154.92172,116.90308,213.88687,194.0785915173556
24,16,18.015997,-12.334838,-165.31924,125.00005,229.06915,207.25532365152688
24,17,18.833286,-13.134481,-175.77785,133.15167,243.46074,220.51390061516085
24,18,19.305643,-13.755736,-186.0675,141.27803,257.32004,233.6227796366364
24,19,19.557064,-14.23111,-196.14151,149.27406,270.6655,246.48137413061042
24,20,19.717274,-14.518053,-206.05379,157.05281,283.56503,259.0798921851331
24,21,19.382607,-13.965266,-215.66765,164.74806,295.27457,271.39067428520804
24,22,19.137215,-13.549403,-224.40712,171.98795,306.16653,282.73069303309813
24,23,18.757263,-12.903708,-232.39433,178.69066,315.88846,293.14759075239795
24,24,18.268118,-11.964691,-240.18837,184.8173,324.8429,303.06058454194005
24,25,17.916563,-11.353373,-248.26585,190.61276,334.1308,312.9964322603794
24,26,16.875977,-9.675073,-256.3424,196.51732,342.2917,322.99822783848924
24,27,16.111702,-7.838004,-264.2122,202.13977,350.24582,332.66453903842677
24,28,15.626576,-6.4408293,-270.85913,206.68576,357.06723,340.70600369881004
24,29,14.905195,-4.3000755,-276.4681,210.57726,362.03683,347.52570023352837
24,30,14.35223,-2.6119041,-281.6271,214.30643,366.95685,353.88925713373396
24,31,13.690366,-0.3397622,-286.03976,217.39394,370.46744,359.27043184017106
24,32,13.228069,1.5255097,-288.9398,219.25812,372.4418,362.70731555363375
24,33,12.799225,3.449133,-291.75433,221.08784,374.32538,366.0554542706803
24,34,11.983644,6.2210884,-295.48013,223.17741,376.3031,370.28731043044564
24,35,11.368482,9.259818,-300.41855,224.60426,378.9253,375.09231927670453
24,36,11.370845,12.826107,-306.72665,225.0953,382.4189,380.45343957272576
24,37,11.627784,16.56401,-313.7901,224.28743,386.0645,385.20314651933023
24,38,11.947276,19.813126,-321.40482,222.62166,390.19855,388.79837953204543
24,39,12.472831,23.846535,-329.405,220.17282,394.2391,392.0634117981553
24,40,13.073526,28.43822,-337.75488,217.28546,398.4267,390.11466107462786
24,41,13.242929,31.453743,-346.22726,215.135,403.68008,399.5930569742159
24,42,13.217216,34.648235,-354.42078,215.11201,409.54227,404.65882144848894
24,43,13.161257,36.472416,-362.20938,217.44667,416.7191,410.99997404013175
24,44,12.700799,35.736805,-369.77637,222.04646,425.441,420.3351912844412
24,45,9.335222,34.687454,-377.49826,227.63544,432.28357,427.72931730861114
24,46,5.2778163,34.600132,-385.54605,233.87259,438.69443,434.6457732893018
24,47,1.0315804,34.534286,-393.52896,240.2436,444.96558,441.4139835871042
24,48,-2.8956099,34.290554,-400.9386,246.34377,451.0042,447.9147264797448
24,49,-6.1782856,33.262714,-407.03256,252.69121,456.9825,454.30483216585327
24,50,-8.789759,31.424208,-411.46985,260.06433,463.06323,460.9751867129006
24,51,-11.362017,29.440893,-414.6431,268.82156,468.97626,469.8385239201263
24,52,-14.051067,27.976597,-417.53305,278.71518,475.0448,474.0326560155339
24,53,-16.7838,27.269299,-420.6656,289.51587,481.55347,480.90414578073006
24,54,-20.114023,26.042696,-423.89404,300.846,488.4211,488.0959230787478
24,55,-23.117004,24.715439,-427.07047,312.2546,495.83987,495.72449296777125
24,56,-26.217886,22.969355,-430.21567,323.768,503.68048,501.2361293176182
24,57,-30.216244,20.534761,-433.34888,335.5053,511.5881,511.546222189732
24,58,-35.11109,17.404451,-436.49026,347.2357,519.5131,519.2388250566645
24,59,-40.160076,13.247267,-439.7031,358.65085,528.14606,530.264687724975
24,60,-44.664925,8.777391,-442.8796,369.6893,537.4313,535.9576236213095
25,1,-10.384931,7.471804,-3.917221,2.7271512,8.021409,43.454127600324824
25,2,-20.942116,15.595997,-6.8172455,4.591334,17.905714,57.43561589308914
25,3,-31.759518,24.322784,-9.631766,6.4210467,28.462423,70.54900926519234
25,4,-44.21988,33.045193,-13.357565,8.510622,39.426228,82.1390321798717
25,5,-56.08271,42.97582,-18.296001,9.937475,50.193302,94.41437665857983
25,6,-66.023254,55.43493,-24.604105,10.428512,61.164726,104.03225454383026
25,7,-75.27219,68.796844,-31.667551,9.620642,73.50637,110.247362632173
25,8,-83.791275,81.91171,-39.28227,7.9548693,86.31724,113.32607686893579
25,9,-92.21045,95.81406,-47.28244,5.5060234,100.86658,120.67223232642412
25,10,-100.82228,110.05099,-55.63233,2.6186645,116.54971,130.7186700564141
25,11,-109.49031,122.2447,-64.104706,0.4681986,129.9591,139.8471604393677
25,12,-118.92633,133.86229,-72.29823,0.445229,141.33043,147.9770954827947
25,13,-127.74449,144.23094,-80.086815,2.7798731,149.26372,153.437760256397
25,14,-129.00095,155.12646,-87.65382,7.3796787,153.42326,156.21488019195047
25,15,-124.3374,162.02478,-95.37571,12.968649,151.8437,156.3773419490844
25,16,-118.34817,167.0247,-103.4235,19.205795,148.57043,158.5083368844819
25,17,-112.48194,171.8624,-111.40641,25.576818,146.28954,141.6736679033925
25,18,-106.5831,177.2063,-118.81603,31.676973,146.04256,141.4341368710053
25,19,-101.84164,184.23807,-124.91001,38.024426,148.02222,144.5689542236301
25,20,-99.397675,192.63307,-129.34727,45.397537,150.25073,141.5258919563655
25,21,-97.299774,201.21065,-132.52054,54.154762,151.21486,138.36458342027802
25,22,-93.79523,209.54471,-135.41049,64.04839,151.33078,138.49271987533717
25,23,-88.22799,216.96872,-138.54303,74.84907,150.7634,138.4759219473953
25,24,-83.80896,224.27776,-141.77148,86.17923,149.76935,118.08611052345677
25,25,-79.73669,232.08966,-144.9479,97.58783,149.47658,114.86041742228706
25,26,-76.531395,240.02565,-148.09312,109.101204,149.20552,114.56865446346357
25,27,-73.97581,247.0319,-151.22632,120.83852,147.96085,96.27788788435393
25,28,-71.93486,253.03477,-154.3677,132.56891,145.96986,89.19858827081707
25,29,-70.77556,258.53128,-157.58054,143.98407,143.72253,82.92271889680518
25,30,-70.10914,264.29068,-160.75706,155.0225,141.97388,76.71750256048671
25,31,-69.92337,269.98032,-163.77849,165.77423,140.24155,71.8686525130096
25,32,-70.393654,274.41974,-166.20024,176.5718,136.94205,65.1826459165361
25,33,-70.88702,277.3184,-167.91057,187.26236,132.37695,58.73765854487593
25,34,-71.14105,278.78308,-169.96407,198.16158,127.537506,49.178719602674754
25,35,-71.32466,280.4487,-172.90773,208.99345,124.19731,39.6101528080262
25,36,-71.43647,282.8324,-176.52342,220.08655,122.39407,30.260239951997733
25,37,-70.97896,285.28076,-180.08282,231.24997,121.74966,20.760724808948225
25,38,-69.9427,286.98273,-183.5823,242.54591,122.01881,12.040819943244488
25,39,-67.58787,287.7095,-187.00804,254.08917,124.0625,1.741585099386331
25,40,-66.864746,287.36737,-190.32518,265.60385,125.36398,14.258159145583118
25,41,-66.74283,286.99557,-193.51079,276.8293,127.17495,26.317831005713064
25,42,-66.400955,285.83966,-196.46838,287.75558,130.08153,38.8416642470903
25,43,-65.94215,284.42938,-199.25235,298.5132,134.05211,51.4338327598373
25,44,-65.24802,282.0593,-201.53386,308.9003,138.90381,64.52402365518475
25,45,-64.41773,279.005,-203.33707,318.88202,144.52945,77.79863711378843
25,46,-63.885483,276.38937,-204.72002,328.2508,150.0799,91.35752293214144
25,47,-63.307194,273.7412,-205.7656,336.94803,155.85089,102.75056778059322
25,48,-62.985046,270.12054,-206.5295,344.49954,161.67018,113.82152078297722
25,49,-63.241917,266.54178,-207.27277,350.9065,166.92001,124.56605091632893
25,50,-64.064384,262.59067,-208.00261,355.96896,171.57425,133.16615659732284
25,51,-64.75275,259.8636,-208.59946,359.75894,175.13126,139.37461433919884
25,52,-65.61599,257.67502,-209.05467,362.63867,177.74146,144.09997388928286
25,53,-66.55074,255.28079,-209.32007,364.4816,179.74397,148.68490505982604
25,54,-67.33403,253.17787,-209.48277,365.39996,181.10788,151.36589719841473
25,55,-68.05589,251.47299,-209.5171,365.62958,181.77734,152.98898166335871
25,56,-69.07548,249.75336,-209.53069,365.6793,182.11668,154.3542547098676
25,57,-71.041794,246.74976,-209.54073,365.75723,182.60541,156.67014055396618
25,58,-73.309875,243.12076,-209.58136,366.04556,183.52228,159.69730912298095
25,59,-75.23098,239.73596,-209.59175,366.21893,184.52849,161.44786426959422
25,60,-76.910835,236.75432,-209.58496,366.24115,185.3895,161.46794539509744
26,1,-4.2861385,11.625327,-2.7160676,9.679693,2.5001228,2.2420778568794493
26,2,-10.233953,22.624878,-5.1378255,20.477255,5.5301723,2.9257099132032445
26,3,-17.019732,33.498314,-6.8481474,31.167822,10.435148,4.173441772294224
26,4,-23.880602,44.41928,-8.901643,42.067043,15.162527,6.198036990202107
26,5,-30.272205,56.15113,-11.845302,52.898914,18.711699,8.80240578290375
26,6,-36.302124,69.09612,-15.461006,63.992012,21.45703,11.19379498488121
26,7,-39.24177,83.28287,-19.020403,75.15543,21.793552,13.545278813013823
26,8,-37.018738,97.24902,-22.519876,86.451385,18.077776,14.389449859470854
26,9,-25.556797,106.67834,-25.945621,97.99464,8.692401,12.040842543346571
26,10,-12.099328,105.96598,-29.262754,109.50932,17.525366,8.1558836685686
26,11,-3.3939857,95.75356,-32.44836,120.73479,38.317337,32.21567785796342
26,12,5.55235,84.613594,-35.405968,131.66106,62.37826,57.07050330822767
26,13,15.004942,73.47246,-38.189922,142.41869,87.08201,82.08075994649246
26,14,24.773762,61.241837,-40.47144,152.80576,112.4317,103.92688712458643
26,15,34.77133,48.212307,-42.274647,162.78748,138.07082,127.28818014893453
26,16,43.710964,34.85499,-43.65759,172.15627,162.74182,156.49356294595873
26,17,52.92603,21.501806,-44.70317,180.8535,186.88078,179.89567456060487
26,18,60.87106,6.158308,-45.467068,188.40501,211.00156,172.70237137058703
26,19,66.2811,-10.310228,-46.210342,194.81195,233.94322,200.2174083398438
26,20,69.55955,-27.943707,-46.94018,199.87444,255.8775,184.20288668601796
26,21,71.93438,-44.578857,-47.53703,203.6644,275.49615,209.13838100024725
26,22,72.15481,-61.081352,-47.992252,206.54413,293.35767,190.93793286407023
26,23,72.43716,-77.8519,-48.257637,208.38707,310.64444,213.90153507627835
26,24,72.97239,-94.315796,-48.420353,209.30544,326.98938,193.72499869943763
26,25,72.78707,-110.47062,-48.454685,209.53505,342.20343,215.064386900822
26,26,70.401276,-126.68021,-48.468258,209.58476,356.65683,194.00795419911526
26,27,66.98927,-144.36588,-48.4783,209.6627,372.38284,215.19408649053287
26,28,63.82834,-162.83156,-48.518944,209.95103,389.34402,194.37629965386446
26,29,61.49439,-181.08453,-48.529327,210.12439,406.38608,215.65539497112331
26,30,59.26673,-198.95517,-48.52254,210.14662,423.0636,194.5677685894547
26,31,58.033775,-217.4133,-48.529327,210.17998,440.67184,215.7095721696076
26,32,57.67662,-235.70096,-48.529327,210.21863,458.39282,194.63945901443742
26,33,57.3164,-253.51941,-48.53611,210.25781,475.70377,215.78693331836075
26,34,57.171124,-270.19666,-48.5393,210.30753,491.99487,194.72835382017595
26,35,59.418728,-286.72626,-48.549683,210.36313,508.6797,215.89260643163968
26,36,63.922157,-302.43732,-48.58361,210.54626,525.1759,194.97095367902827
26,37,70.96428,-316.7793,-48.705338,211.1068,541.28046,216.65223631549574
26,38,79.81473,-329.96463,-48.857807,212.42012,557.43866,207.9246087493026
26,39,90.49778,-341.56293,-48.764847,215.0521,573.77203,220.51146892352136
26,40,103.59117,-350.81644,-47.403088,218.41475,588.9172,213.46464781161254
26,41,117.2231,-357.87265,-43.696026,221.33661,601.1475,225.6084104986505
26,42,130.37856,-364.584,-37.83824,223.13992,611.3234,216.33025437631747
26,43,142.2451,-371.11694,-30.65545,224.2603,619.97473,226.34574907081668
26,44,152.06897,-380.70874,-22.81,224.86227,630.3165,216.11869241475839
26,45,161.80035,-391.09613,-14.34564,225.4297,641.1954,225.88567945129913
26,46,170.59402,-402.15756,-4.9318047,225.83556,652.0618,216.16720698876526
26,47,177.45543,-413.72705,5.035936,225.78703,662.3494,225.84318524421772
26,48,183.2333,-424.63214,15.375831,225.54768,671.4982,216.62476434721754
26,49,187.36743,-435.24396,26.199732,225.26913,679.89154,226.78751309615834
26,50,190.69484,-446.3516,37.36288,225.17545,688.81,219.19093370391835
26,51,193.42076,-456.89163,48.64198,224.96446,697.0571,230.16286210486692
26,52,195.49051,-468.45245,59.905647,224.52023,706.1121,232.37439872605248
26,53,196.36287,-480.05115,71.22604,224.07478,715.1591,235.12215970841888
26,54,195.93726,-491.22775,82.542625,223.87976,724.04224,238.61080827096566
26,55,194.1813,-501.2741,93.827286,223.49695,731.6857,242.39233934809337
26,56,191.94473,-510.36566,104.52837,222.98051,738.5379,246.26406985043192
26,57,189.55635,-518.7811,114.25095,222.26865,744.8662,249.91207478169758
26,58,187.18791,-526.4813,122.62247,221.42987,750.6929,253.11415279554654
26,59,184.45325,-535.2531,129.86165,220.91444,758.1356,256.2547125862904
26,60,180.50374,-544.0863,136.13817,222.37006,767.7393,260.73205437497853
27,1,-3.9139907,13.726345,-0.0067854035,0.028132318,14.244553,16.80056171596817
27,2,-8.798147,27.874187,-0.0067854035,0.06677531,29.164022,29.59591444673172
27,3,-13.663382,42.290142,-0.013570807,0.105968766,44.33759,16.74492617195903
27,4,-18.575186,56.340637,-0.016759947,0.1556729,59.170643,29.56071122575681
27,5,-25.645767,69.90689,-0.027141614,0.21127036,74.25492,16.67276727077889
27,6,-34.372112,82.01527,-0.06106863,0.3944084,88.53932,29.48262469288487
27,7,-44.778145,92.08637,-0.18279876,0.95494205,101.45779,16.213869405960406
27,8,-56.412,100.645996,-0.33526674,2.2682652,113.2377,2.6336247017838184
27,9,-69.03792,107.23736,-0.2423068,4.900249,123.31148,13.594229477928936
27,10,-82.93866,111.08313,1.1194539,8.262895,132.80725,3.6279158810249634
27,11,-96.587265,112.89983,4.826516,11.184764,143.63394,6.129058216300998
27,12,-109.5908,114.55259,10.684299,12.988066,157.42126,16.55484316525698
27,13,-121.262115,116.41136,17.867088,14.108442,172.69286,13.36426348368682
27,14,-132.12671,121.36947,25.712542,14.710422,190.49773,29.54242118552747
27,15,-143.22766,127.04576,34.1769,15.277849,209.677,29.634332754956105
27,16,-153.73636,133.54378,43.590736,15.683711,229.84555,46.25188216835387
27,17,-162.79065,141.01929,53.558475,15.635182,250.05621,48.93462076654708
27,18,-170.67021,148.18877,63.89837,15.395833,269.54846,65.56125459832535
27,19,-177.05092,155.5108,74.722275,15.117284,288.27084,70.00611121131183
27,20,-182.99057,163.54907,85.88542,15.023594,307.17114,87.15893141425616
27,21,-188.29579,171.3304,97.16452,14.81261,325.55402,92.40899900815192
27,22,-193.50316,180.3733,108.42819,14.368386,344.55792,109.43428542421987
27,23,-197.69614,189.75275,119.74858,13.922939,362.8874,114.9543866177303
27,24,-200.69398,199.20052,131.06517,13.727909,380.0845,131.89898414941456
27,25,-202.23296,208.04483,142.34982,13.345101,395.78436,137.5399303775937
27,26,-203.08139,216.16522,153.05092,12.82867,410.09265,153.4978433226029
27,27,-203.60153,223.7155,162.7735,12.1168,423.08942,157.9493573185868
27,28,-203.92567,230.61852,171.145,11.278027,434.4977,171.50565474104218
27,29,-204.2716,238.63803,178.38419,10.762598,445.368,173.5577949712874
27,30,-203.63167,247.13847,184.6607,12.218209,453.82648,185.04744594808759
27,31,-201.69934,254.65863,189.66241,16.2021,458.28543,184.9034676044269
27,32,-199.19272,260.96695,192.797,22.55122,458.8006,182.3629577283492
27,33,-195.12988,266.378,194.36754,30.336456,455.4381,190.50533463414453
27,34,-190.38469,270.63425,195.65967,38.996174,450.20712,186.7938601677162
27,35,-185.38226,274.55054,197.0295,48.662235,444.1444,195.82159151092736
27,36,-180.25475,278.58234,198.55309,59.296127,437.7006,193.49056134513432
27,37,-175.33018,282.45694,200.33842,70.524826,431.32602,204.31718741986631
27,38,-170.5715,285.86954,202.0442,82.404366,424.5475,203.55963304910497
27,39,-166.1126,289.13394,203.68031,94.70261,417.79224,215.67848619464652
27,40,-162.54991,291.82266,205.37378,107.17689,411.65753,226.94234054035138
27,41,-160.52922,294.31586,207.05333,119.90271,406.86224,237.05685989913195
27,42,-160.11761,295.992,208.89629,132.67334,403.53964,246.54030686028736
27,43,-160.2615,296.56082,210.79199,145.643,400.5707,255.20519739593416
27,44,-159.95067,296.01495,212.74294,158.73654,397.17236,265.0111837443327
27,45,-159.13713,294.74576,214.74776,171.52985,393.66492,273.6942642401776
27,46,-157.95937,292.9796,216.75107,184.20786,390.17844,281.488059079746
27,47,-156.51982,290.81448,218.46642,196.88818,386.5706,292.82955006107653
27,48,-155.04729,288.3338,220.05605,209.45456,383.30725,300.6188860266479
27,49,-153.58205,285.6891,221.3927,221.53201,380.42368,306.5970388048855
27,50,-152.06995,282.93192,222.96506,233.22482,378.31476,319.2980179015687
27,51,-150.53989,280.0591,224.71082,245.03903,376.8813,325.65849878180694
27,52,-149.01921,277.0445,226.37973,256.53146,375.95895,338.6341426084776
27,53,-147.53171,273.88354,227.95277,267.64096,375.53638,344.56848938809554
27,54,-146.04541,270.61832,229.46584,278.28497,375.5895,357.0742170989935
27,55,-144.5936,267.36774,230.86497,288.12115,376.03168,362.07798700772094
27,56,-143.17857,264.03946,231.99603,297.024,376.6218,373.1857575051884
27,57,-141.79381,260.60742,232.61734,304.55402,376.98145,376.0003740910056
27,58,-140.43204,257.06335,233.53377,310.54898,377.7713,384.7972031730508
27,59,-139.08626,253.45477,236.25305,314.9075,380.33673,386.4130965146261
27,60,-137.79971,249.73682,240.73148,316.98138,384.45764,394.28313175406157
28,1,12.495699,4.6452837,4.435475,3.6999202,8.115475,261.7698860770382
28,2,25.949953,7.9229426,7.570048,10.049039,18.502464,255.88103844883474
28,3,41.306934,7.5059905,9.140587,17.834274,33.783833,248.2127597573244
28,4,57.07879,3.9419436,10.432724,26.49399,51.81168,242.66394237909992
28,5,72.76462,-0.71071005,11.802549,36.160053,71.244835,233.4095842531525
28,6,88.52229,-5.3477654,13.326136,46.79395,91.5053,227.4856571218831
28,7,103.991776,-9.894985,15.111479,58.022644,111.85934,216.39642334584968
28,8,118.80432,-14.975272,16.817263,69.90218,132.68588,211.14076444428736
28,9,133.35715,-19.807224,18.45337,82.200424,153.65038,214.82076806057688
28,10,146.89969,-24.086077,20.14683,94.674706,173.69632,195.57707441616455
28,11,159.81076,-24.898375,21.826387,107.40053,191.16142,196.08953044537972
28,12,170.53813,-20.645203,23.66934,120.171165,203.46915,181.68067831412492
28,13,177.38486,-12.594367,25.565044,133.14082,210.44714,184.1033113900052
28,14,181.40865,-3.9325752,27.515991,146.23436,215.01874,188.02432816925776
28,15,184.71942,4.2965164,29.520807,159.02766,219.15369,174.95073419129582
28,16,187.73378,12.199305,31.524124,171.70567,223.25711,180.09083196423444
28,17,190.6515,19.817333,33.239475,184.386,227.73097,169.6214531656033
28,18,193.85344,27.048906,34.829094,196.9524,232.71428,163.47838640886619
28,19,197.20802,34.054134,36.16576,209.02985,237.80478,158.18816129772344
28,20,200.54095,40.93804,37.73811,220.72264,242.54335,152.42415171976995
28,21,203.90878,47.68223,39.483868,232.53685,247.40004,160.00362967922302
28,22,207.36908,54.243057,41.152786,244.02928,252.28291,155.36405740849247
28,23,210.9503,60.605267,42.725834,255.13878,257.18234,164.9364102630911
28,24,214.56496,66.840576,44.238895,265.7828,261.895,161.2845849902448
28,25,218.23788,73.07377,45.63803,275.619,266.11142,171.94296959975057
28,26,221.99312,79.191475,46.76909,284.52182,269.93335,168.63495168064915
28,27,225.81528,85.16737,47.390392,292.05182,273.19702,179.5735952611306
28,28,229.6832,90.9985,48.306816,298.0468,275.25696,188.22766196034237
28,29,233.57779,96.745705,51.026108,302.40533,274.99274,194.44314087270618
28,30,237.55978,102.33064,55.504536,304.4792,272.04437,194.3492064924976
28,31,241.66806,107.715675,61.082886,303.76465,266.54495,187.7007054224623
28,32,245.7684,112.96854,66.74223,300.30682,259.12546,177.63931030165728
28,33,249.9022,118.125565,72.265144,294.684,250.45518,173.316512675176
28,34,254.0921,123.16309,78.36263,288.0457,240.97119,161.14317445622186
28,35,258.3011,127.997154,85.12223,280.6831,230.8764,154.73763278271903
28,36,262.62128,132.57454,92.43864,272.80035,220.5117,141.08092293262266
28,37,267.0402,137.0129,100.05063,264.83676,210.29611,133.53768239608414
28,38,271.44702,141.34181,107.910065,257.0302,200.3201,119.77461121134145
28,39,275.88373,145.43884,116.106316,249.34238,190.59056,111.75615881096962
28,40,280.35443,149.2937,124.78669,241.76962,180.97824,101.65326148486915
28,41,284.77374,153.02615,133.83003,234.20876,171.39026,88.91686998125729
28,42,289.26404,156.5787,143.08371,226.87215,162.20312,78.2914768976509
28,43,293.79996,159.95282,152.13304,220.15463,153.92783,66.30439898519586
28,44,298.46548,163.19588,160.44762,213.876,147.0286,56.81629192402268
28,45,303.13348,166.37628,167.78821,208.14781,141.64464,47.32389691157067
28,46,307.81198,169.45715,174.66562,202.45227,137.17372,39.10529173636339
28,47,312.5141,172.40315,181.22427,196.71432,133.52173,31.616937666701336
28,48,317.1927,175.24963,187.30199,191.30077,130.8787,23.867104651942274
28,49,321.8793,178.06252,192.76556,186.62509,129.39735,20.85425412745483
28,50,326.4804,180.87619,197.7695,183.62326,128.74022,13.769306075598154
28,51,330.64133,183.88004,202.85954,182.76656,127.78664,14.141754768996227
28,52,333.8362,187.97238,207.46786,184.2956,126.42182,4.875983269261665
28,53,336.45407,192.87515,210.90503,187.75421,125.653435,5.517392620362268
28,54,339.1226,198.45546,212.6232,192.99727,126.61709,6.170989288798768
28,55,340.8132,205.13716,212.7849,199.16615,128.16747,6.25817468138348
28,56,339.55295,212.59418,212.3849,205.41151,127.37073,6.25817468138348
28,57,339.52206,219.49232,211.93079,211.37079,127.849495,5.9765520297335195
28,58,343.28928,225.30055,211.50014,217.05418,132.04688,5.699684438252767
28,59,348.41342,228.31133,211.1026,222.81863,137.42064,5.778135658333603
28,60,353.5479,226.94653,210.75269,229.4661,142.81744,18.13360917738852
29,1,-0.22441864,-0.028642599,5.05272,-0.77669317,5.329894,5.1120677255508316
29,2,-0.82889116,-0.103068754,10.712069,-4.2345185,12.258165,11.51866572756245
29,3,-1.4377259,-0.1707766,16.234978,-9.857362,20.15327,18.993225426332252
29,4,-2.1142356,-0.23377699,22.332468,-16.495657,29.36137,27.764140626474873
29,5,-2.9348073,-0.29154387,29.09206,-23.858234,39.763165,37.6240272217334
29,6,-3.876265,-0.3199553,36.40847,-31.741,51.08955,48.30192933040916
29,7,-4.8690743,-0.32339978,44.020462,-39.704594,62.777905,59.28129147499352
29,8,-5.9535513,-0.3151072,51.879898,-47.511147,74.646996,70.34812733217571
29,9,-7.1869926,-0.26758212,60.07615,-55.19897,86.84346,81.58499070429934
29,10,-8.562659,-0.16758442,68.756516,-62.771725,99.48634,93.10106481926148
29,11,-10.058352,-0.04347378,77.79987,-70.3326,112.515015,104.87889358136928
29,12,-11.610539,0.13549766,87.05354,-77.66921,125.651,116.66595889466129
29,13,-13.233003,0.37168998,96.10287,-84.38672,138.34132,127.89463775349414
29,14,-14.836564,0.65800625,104.41745,-90.665344,150.20477,138.28741638906638
29,15,-16.474869,0.9663748,111.75804,-96.39355,161.00508,147.58665752867256
29,16,-18.159122,1.3109242,118.63545,-102.08909,171.47687,156.51468030903524
29,17,-19.891129,1.706299,125.1941,-107.82703,181.78911,165.22885706476686
29,18,-21.690481,2.1419554,131.2718,-113.24058,191.60007,173.36698912327785
29,19,-23.498096,2.5911438,136.7354,-117.91626,200.49141,180.55819534278262
29,20,-25.381426,3.0426147,141.73933,-120.91809,208.07596,186.31080979342735
29,21,-27.555635,3.390898,146.82936,-121.77479,214.65456,190.7576875585728
29,22,-29.687038,3.1256564,151.4377,-120.24576,219.1499,193.37264437674656
29,23,-31.39393,2.6046984,154.87486,-116.78714,221.24754,193.9743019968662
29,24,-32.47879,2.2201996,156.59303,-111.544075,220.65916,192.26028084041354
29,25,-32.849873,1.9983435,156.75473,-105.375206,217.89671,188.88225542983184
29,26,-32.702114,2.2067623,156.35474,-99.12983,214.50314,185.13244309939827
29,27,-32.947453,1.9585862,155.90062,-93.17056,211.45483,181.62108543699904
29,28,-33.166393,1.911627,155.46997,-87.48717,208.74823,178.39659965977407
29,29,-34.284897,2.200685,155.07243,-81.72271,207.12155,175.28964923239556
29,30,-35.16227,3.7089283,154.72252,-75.07526,205.58011,171.97592305309675
29,31,-35.374645,4.549884,154.39032,-67.57294,203.00847,168.53130629381158
29,32,-35.40617,4.6464524,154.04428,-59.539436,200.02826,165.15105989129216
29,33,-34.95091,3.7446058,153.83026,-51.52965,196.70682,162.2322490139459
29,34,-34.057545,2.4130507,153.66385,-43.75563,193.31546,159.77278970812435
29,35,-33.10373,0.8690815,153.56201,-36.440357,190.3578,157.82701381155397
29,36,-32.17743,-0.47653544,153.47713,-30.022297,187.99088,156.38641558610988
29,37,-31.99446,-0.6727802,153.4225,-24.62256,186.95734,155.38613915400725
29,38,-31.962666,-0.6994238,153.4228,-19.282509,186.31453,154.63009073440253
29,39,-31.72692,-0.8862952,153.49307,-13.067739,185.62012,154.04853732007044
29,40,-31.687622,-0.92467666,153.6422,-5.669719,185.39055,153.7468620317571
29,41,-31.826256,-0.7312632,154.11328,2.4288309,185.9664,154.13238114778642
29,42,-31.885162,-0.657113,154.78778,10.50225,187.00621,155.1434917882984
29,43,-31.382595,-1.2355056,155.45692,18.33412,187.86159,156.53403788539433
29,44,-31.270168,-1.3792567,155.9893,25.867521,189.23132,158.11914257947004
29,45,-31.518833,-1.0216712,156.32574,32.920425,190.88647,159.75396360156572
29,46,-31.902548,-0.4016418,156.5938,39.174862,192.60626,161.4189917511309
29,47,-32.666546,0.97677916,156.89926,44.682648,194.53894,163.13703769143535
29,48,-33.57356,3.0410695,157.26848,50.4438,196.64105,165.1596120191186
29,49,-34.43383,5.0949216,157.91603,56.839844,199.18835,167.83310707586554
29,50,-35.68387,7.0971003,158.74216,64.24342,202.65039,171.24824096524128
29,51,-37.067,9.219863,160.08437,72.03599,206.91672,175.54432900863674
29,52,-38.313236,10.89406,162.22736,79.4126,211.9229,180.62018208866158
29,53,-40.19226,12.484158,164.36917,84.745346,216.94943,180.81846266891287
29,54,-42.75161,13.819297,166.5165,89.76603,222.6231,189.16970100936646
29,55,-46.032303,15.201401,167.44957,91.58014,226.73381,186.8208575909928
29,56,-49.98418,15.209815,167.49109,91.57614,230.49362,190.88983871367532
29,57,-53.21088,14.052931,167.50467,91.531715,233.91946,186.84482755490254
29,58,-56.840622,12.57729,167.51144,91.4873,237.8248,190.86510072374165
29,59,-61.96039,11.176805,167.51505,91.43692,243.10628,186.80704058217628
29,60,-68.27159,9.826164,167.52501,91.39244,249.50569,183.66920445374066
30,1,-0.043193657,7.359873,-0.30179963,6.779555,0.6353314,0.5686518437642423
30,2,0.13426858,15.468494,-0.64783734,14.813054,1.020437,0.6343148797560353
30,3,-0.5198833,24.50504,-0.86186635,22.822838,1.7166111,1.674498857387168
30,4,-2.2668524,33.918556,-1.0282778,30.596859,3.5451007,3.3386144403498683
30,5,-3.6769876,43.441826,-1.1301175,37.912132,6.088026,5.562887357936466
30,6,-5.4803286,52.500183,-1.214998,44.330193,9.216387,8.1699316539486
30,7,-8.032029,59.622246,-1.2696173,49.72993,11.982825,9.815423930343831
30,8,-10.857698,65.22759,-1.2693137,55.06998,13.968328,9.96246475402151
30,9,-13.661851,70.43256,-1.1990534,61.28475,15.459747,8.41334957762347
30,10,-15.657306,75.27596,-1.0499293,68.68277,16.026405,5.733821398670421
30,11,-16.678867,79.942276,-0.5788394,76.78132,16.407393,1.8096214668730863
30,12,-17.939217,84.58729,0.095653094,84.85474,18.036854,1.7679629093095726
30,13,-19.63685,89.90542,0.7648064,92.68661,20.590353,4.507813552872176
30,14,-20.880033,94.628944,1.2971839,100.22001,22.87114,7.140441852541861
30,15,-21.703861,98.66696,1.6336203,107.27291,24.87369,10.230878065948538
30,16,-22.253447,102.358246,1.9016669,113.52735,26.612373,12.307344178324408
30,17,-22.5361,105.18301,2.2071302,119.03514,28.356817,15.015320297222571
30,18,-22.552155,107.29158,2.5763576,124.79629,30.624449,18.68239189981386
30,19,-22.533054,109.25687,3.2239077,131.19234,33.83173,23.02508976552227
30,20,-22.798475,110.99251,4.0500345,138.59592,38.507023,28.747667976305124
30,21,-23.051836,112.45875,5.392241,146.38847,44.27518,35.17801736464837
30,22,-23.485369,114.28141,7.5352287,153.76509,50.211937,40.96223189113071
30,23,-24.138344,115.59237,9.677049,159.09784,55.101784,45.613121899885506
30,24,-24.755133,116.349525,11.824369,164.11852,60.16591,50.22638113975056
30,25,-24.917223,116.51813,12.757444,165.93263,62.138344,52.03371768387706
30,26,-24.722557,116.43387,12.798967,165.92863,62.109554,52.11090631900375
30,27,-24.948505,116.44792,12.812537,165.8842,62.208057,52.068758453627524
30,28,-24.645336,116.44179,12.819323,165.83978,61.998085,52.016185078728526
30,29,-22.91651,116.19929,12.822918,165.78941,61.126812,53.39091089301986
30,30,-19.99178,115.61996,12.832892,165.74493,59.91638,52.482465071039194
30,31,-16.867264,115.04827,12.839677,165.68405,58.706764,47.845225341321616
30,32,-13.824018,114.56295,12.846461,165.62262,57.60559,53.071140894042315
30,33,-11.370279,114.055626,12.87679,165.59448,56.957653,53.21120857001741
30,34,-8.974372,113.31362,13.14572,165.9644,57.108692,54.2986734232202
30,35,-6.1207895,112.51,14.068071,167.36238,58.449753,55.192596586944525
30,36,-3.2417176,111.71771,15.374492,169.52022,60.726376,59.58257229995249
30,37,0.009616613,110.96691,16.927162,172.34734,63.669144,60.708672692761986
30,38,3.9410636,109.9058,18.689695,175.59792,67.32738,67.74989456847386
30,39,8.597674,108.84253,20.395374,179.1091,71.2501,68.13928821743345
30,40,14.220287,107.39869,22.045399,182.76866,75.77509,78.20629773357854
30,41,20.463192,104.84522,23.616735,187.03831,82.25357,89.64122715509872
30,42,26.066576,100.84174,25.334064,192.47485,91.63604,88.43668379206258
30,43,30.599888,96.142334,26.744896,198.45682,102.387085,101.47914094186574
30,44,35.315235,90.34964,27.825712,205.28719,115.181305,115.7035639360109
30,45,40.205482,83.57313,28.487839,213.23384,130.1891,131.48102337205222
30,46,44.593536,76.12552,28.496841,221.45561,146.21881,147.56691388647408
30,47,46.699688,67.962,27.499344,229.40077,162.57654,163.2338378300243
30,48,45.749695,60.333782,25.330626,236.97484,177.81732,178.09787472203217
30,49,44.112785,53.34852,22.257343,244.00703,191.90709,192.1019487329501
30,50,43.721794,46.169247,18.69106,251.03937,206.39357,206.28876304453578
30,51,44.864796,39.38036,14.883505,258.48694,221.14832,220.2985956366444
30,52,46.503193,32.814194,11.081368,266.4227,236.27873,234.58438151994795
30,53,47.76162,25.274288,7.622247,274.73642,252.67078,250.6482533881917
30,54,48.43355,16.707296,4.7373323,283.42163,270.27002,268.08065241026355
30,55,48.29288,7.4955406,2.3023047,292.27454,288.46872,285.5068600986675
30,56,46.111885,-1.0780945,0.23563935,300.09274,304.6449,285.28106190461045
30,57,45.33256,-9.521022,-1.1745766,308.19864,321.10544,285.3759710716287
30,58,45.60833,-18.817474,-2.3436728,316.59512,338.82297,286.00129124868306
30,59,45.97581,-29.120794,-3.279414,323.12534,355.6732,285.22129947663535
30,60,46.325447,-40.901325,-4.3040943,329.32547,373.67264,279.6120079505091
31,1,3.7845342,13.37044,0.006784839,-0.05559746,13.947396,50.0584123862585
31,2,7.535368,27.716072,0.013569678,-0.11703547,28.831568,35.65458529273674
31,3,12.033716,42.22364,0.04389791,-0.14516778,44.03262,50.13193257039636
31,4,17.97991,56.392113,0.31282717,0.22475399,58.88037,65.03995707533421
31,5,23.517841,70.60375,1.2351798,1.6227204,72.49069,77.0809110149117
31,6,28.985153,84.88503,2.5415998,3.780569,85.30648,61.095744863641265
31,7,33.784668,99.175415,4.0942707,6.607674,97.212685,71.85766291181645
31,8,38.881714,112.68823,5.856803,9.858261,108.003,82.97638049728727
31,9,43.242867,125.7798,7.5624814,13.369449,117.93718,93.4688286311037
31,10,47.642986,137.8927,9.212507,17.029,126.8264,102.13022693158756
31,11,53.278618,148.5782,10.783843,21.298668,134.18602,112.3698065466756
31,12,61.123585,157.56886,12.501172,26.735205,139.57645,118.72098672097277
31,13,70.783226,165.22699,13.9120035,32.71716,144.19844,128.2328500766336
31,14,80.39581,171.60973,14.99282,39.547527,147.3702,132.13433406201725
31,15,89.71627,177.04611,15.654947,47.494186,149.22728,114.39080284889464
31,16,99.40387,181.55202,15.663949,55.715958,151.15253,116.72234273066097
31,17,110.3079,183.26042,14.666452,63.661118,153.1381,120.60925247019436
31,18,121.812416,180.67601,12.497733,71.235176,154.68353,100.95359153486227
31,19,133.50488,176.70682,9.424451,78.26738,158.38647,81.07284258510846
31,20,145.70634,174.84422,5.8581676,85.29971,166.05942,85.5766431235479
31,21,158.32864,175.72572,2.0506124,92.7473,176.94135,89.03772435318767
31,22,170.9608,177.60197,-1.7515236,100.68304,189.06631,68.7676203355983
31,23,182.85782,178.41582,-5.2106447,108.996765,200.47131,49.60167803448445
31,24,193.8621,178.20886,-8.095559,117.681984,210.83266,32.19172450584914
31,25,204.20848,177.04158,-10.530587,126.53488,220.59872,12.973946478766168
31,26,214.35022,173.38344,-12.597253,134.3531,230.27924,8.08674569610532
31,27,225.34286,171.27936,-14.007468,142.45897,241.07922,25.47249464001294
31,28,235.7144,170.57903,-15.176565,150.85547,251.66504,43.02865599823183
31,29,245.1139,170.00093,-16.112307,157.38568,261.53064,58.4928299177804
31,30,253.06915,169.46388,-17.136986,163.5858,270.27008,73.39099366941278
31,31,259.52094,168.39214,-17.579275,167.60449,277.10132,85.57664312430776
31,32,264.53052,167.10362,-18.574629,172.33394,283.15344,98.14492639529895
31,33,268.684,165.94841,-20.838285,175.43022,289.6775,109.39763317592795
31,34,271.57874,165.06454,-24.489319,177.73781,296.33917,112.74211710253111
31,35,273.61697,164.38634,-29.576773,179.59451,303.57495,116.24078210132818
31,36,275.4445,163.74248,-35.687763,179.4432,311.52817,118.45126421919923
31,37,277.30838,163.00273,-42.282112,177.82153,319.93387,119.83876979930078
31,38,279.00186,162.27946,-48.979713,175.53627,328.24936,121.07024831547375
31,39,280.70267,161.52971,-56.588997,174.22939,337.53067,124.01832118231162
31,40,282.357,160.78598,-64.38236,172.86005,346.9495,127.42790281233889
31,41,284.09088,159.95923,-72.512856,171.7315,356.79797,131.6280976230884
31,42,285.7227,159.13329,-80.89103,170.72618,366.79694,136.45325937943932
31,43,287.5684,158.13947,-89.287674,169.1635,377.01727,141.24346906038846
31,44,289.38184,157.11028,-97.35231,167.5894,386.87607,146.11838351071148
31,45,291.06693,156.04811,-105.11811,166.44974,396.32153,151.32293243745224
31,46,292.61835,154.98354,-112.83191,166.10242,405.6027,157.18318717991474
31,47,294.23254,153.8127,-120.50879,166.54448,414.9367,163.6268340851913
31,48,295.8427,152.57037,-128.38873,167.92856,424.50934,170.87316833548067
31,49,297.25497,151.43494,-136.52922,169.98029,434.18045,179.74608195136443
31,50,298.66928,150.20306,-144.62389,172.38403,443.84775,189.0171675627949
31,51,300.1596,148.80052,-152.38684,174.65881,453.2846,198.08990196724295
31,52,301.52924,147.16325,-159.40498,176.78809,461.88522,206.6088284041239
31,53,303.19803,145.05402,-165.19197,178.35161,469.57208,213.31049414036224
31,54,304.96283,142.92586,-169.75603,180.77142,476.22504,218.46001909453372
31,55,307.5611,140.4326,-172.3858,184.48267,481.96414,222.67605305035795
31,56,310.6739,137.74295,-172.82141,189.18896,486.22464,219.66897782864174
31,57,314.01846,134.87534,-172.1884,195.24728,489.94067,216.0224210189946
31,58,317.38522,132.06308,-171.56976,201.43977,493.85233,225.45996779441185
31,59,320.9184,129.26674,-171.86864,207.45346,498.95114,222.60798462322336
31,60,325.34668,125.9723,-173.21434,213.077,506.11298,233.6794324348254
32,1,-1.6368628,11.592852,-0.31846145,3.5528958,8.147335,113.77888370570142
32,2,-2.2326393,23.01304,-1.3138148,8.282337,14.759332,98.74590826166329
32,3,-2.5976593,34.297935,-3.577472,11.378611,22.94026,106.4666673089671
32,4,-2.6826015,45.34246,-7.2285056,13.686201,31.980995,91.3492159011589
32,5,-2.49387,56.24775,-12.315959,15.542916,41.873104,96.96087105453674
32,6,-2.1147697,67.12985,-18.426949,15.391597,54.248817,81.56583668525447
32,7,-1.301451,78.11436,-25.0213,13.769931,68.57723,88.32850239469134
32,8,-0.2205038,88.91713,-31.718899,11.484666,83.59387,74.98302988750311
32,9,0.99235463,99.7713,-39.328182,10.177778,98.24838,81.21043897332001
32,10,2.2813811,110.59074,-47.121548,8.808435,113.13835,68.4325555054719
32,11,3.831262,121.50815,-55.252045,7.6798954,128.24861,74.58674453216148
32,12,5.624141,132.29886,-63.630215,6.674582,143.44904,64.24221192762946
32,13,7.7416553,143.30762,-72.02686,5.111901,159.56525,70.91812414070517
32,14,10.101494,154.25583,-80.0915,3.5377958,175.64368,65.23125724975627
32,15,12.940436,164.99191,-87.85729,2.3981364,191.30322,71.38082290886183
32,16,16.163033,175.50327,-95.5711,2.0508163,206.32564,68.48788859764073
32,17,19.69369,186.0299,-103.24798,2.4928746,220.90834,72.50434106806966
32,18,23.547142,196.48116,-111.12792,3.8769507,235.01862,71.92728962107107
32,19,27.527885,206.6461,-119.2684,5.9286866,248.66974,73.92275016949225
32,20,31.930033,216.70155,-127.363075,8.332431,262.28226,76.72087851680463
32,21,36.78859,226.72998,-135.12602,10.60721,276.1588,77.69122478169254
32,22,42.85008,236.18144,-142.14417,12.736485,290.0871,83.51871445206892
32,23,49.477627,245.92021,-147.93117,14.300005,304.3323,80.05792638231956
32,24,55.919487,255.87045,-152.49522,16.71982,317.22186,86.11963637731161
32,25,61.56404,267.2386,-155.125,20.431063,328.43277,79.3445348166869
32,26,66.81292,279.35858,-155.56061,25.137354,337.75497,82.66431587445616
32,27,72.13185,291.77048,-154.92758,31.19568,345.62292,79.95761730418671
32,28,77.2906,304.25006,-154.30894,37.388176,353.3463,74.35078034789964
32,29,82.16512,316.98383,-154.60782,43.40185,361.81284,77.39686539761361
32,30,86.99176,330.81708,-155.95352,49.025394,372.06042,70.16229993201013
32,31,91.73975,344.9901,-157.06503,54.3245,382.60986,78.30515505585029
32,32,95.89829,359.43207,-156.19675,59.26422,391.9855,66.80503091385825
32,33,99.99932,374.24506,-153.27234,63.160717,401.14838,74.20273512129113
32,34,104.839836,389.39838,-148.41287,65.64398,411.03995,57.670671000828754
32,35,109.86801,404.67838,-142.69713,68.04897,420.84262,64.02008931523423
32,36,115.09805,420.36838,-136.54424,71.08235,430.4934,44.990410116162636
32,37,120.992546,436.59064,-129.90424,73.79751,441.0987,51.4307888106152
32,38,125.947205,452.26358,-123.08939,76.31708,450.94897,31.034384089331816
32,39,132.60822,467.70032,-116.34132,78.16341,462.29306,38.76243693290285
32,40,138.93065,483.58728,-110.05073,79.77468,474.40103,18.019720176604196
32,41,147.27975,498.95874,-104.645515,81.647316,487.45786,5.720325971200525
32,42,157.67715,512.4554,-99.77215,83.0844,500.6392,4.640682717597143
32,43,167.59256,526.3483,-95.29153,81.875824,516.3951,0.0
32,44,177.25887,539.8575,-92.1069,78.11944,534.5652,4.924626438296429
32,45,187.41086,551.91895,-89.861824,73.75081,552.7431,9.772237624650053
32,46,198.54309,562.4233,-87.4196,70.18711,569.27246,14.092241341717505
32,47,211.2732,571.9785,-84.72204,68.071175,584.41064,17.38617306084525
32,48,222.96118,581.3182,-81.96546,67.5766,597.42,19.54600720824831
32,49,234.41177,591.38135,-79.809135,68.1934,610.2953,20.661702501948902
32,50,245.0094,602.1413,-78.70957,68.86713,623.8392,21.075554051540582
32,51,254.63199,614.4534,-78.68443,69.07912,639.16583,20.965277122502304
32,52,263.9827,627.683,-78.883934,69.17391,655.3548,20.749443479876835
32,53,273.44302,640.83057,-79.30016,69.01824,671.8609,20.51909685023956
32,54,281.38516,654.8769,-80.1027,68.76905,688.61884,20.06192640890337
32,55,289.43192,667.94244,-81.357025,68.39622,704.93976,19.387217341146428
32,56,298.02914,680.09204,-82.58991,67.96886,720.809,18.834271953768866
32,57,306.55835,690.44104,-83.61389,67.357544,735.16486,18.631787013934364
32,58,315.26688,699.02106,-84.368195,66.65246,748.063,18.736766628986636
32,59,323.89658,706.2204,-84.83714,65.95649,759.6059,19.045106591644743
32,60,332.7486,712.68317,-85.085106,65.3013,770.51166,19.464911080920093
33,1,-1.8115976,6.1522865,-0.94868237,4.748468,1.6478257,13.376303120213546
33,2,-3.8924277,12.276369,-0.08039794,9.688191,4.607628,10.064282685871936
33,3,-6.132948,18.643362,2.8440046,13.584684,10.304169,1.3426107368779787
33,4,-8.285561,25.616764,7.703482,16.06795,18.623354,5.312929757336143
33,5,-10.413331,32.731075,13.419214,18.472942,27.77201,14.02897248634638
33,6,-12.633395,40.25946,19.572119,21.506323,37.267616,13.055242611021315
33,7,-14.812768,48.45218,26.21212,24.22148,47.646282,27.96953363256733
33,8,-17.071356,55.69376,33.026955,26.741045,57.862774,29.188279186033814
33,9,-18.599577,63.18845,39.775036,28.587376,67.858894,42.21253878411025
33,10,-20.355844,70.69711,46.06562,30.198652,77.79419,41.00783841658625
33,11,-21.245956,78.68723,51.47083,32.071285,86.37579,54.40698971253141
33,12,-20.882374,86.272865,56.344204,33.50837,93.53094,53.44253523966066
33,13,-20.797642,93.740875,60.82482,32.29979,102.16278,63.40810138342225
33,14,-20.709375,100.76755,64.009445,28.543406,111.32657,60.023534357745184
33,15,-20.14656,106.92624,66.254524,24.174778,119.63676,55.98447311948586
33,16,-18.97236,112.54837,68.69675,20.611078,127.03676,55.31864868616759
33,17,-16.970264,118.62253,71.39432,18.495144,133.54321,57.71595472591834
33,18,-15.386129,123.96812,74.15089,18.000568,138.72995,55.26442971075219
33,19,-13.9610195,129.75943,76.30721,18.617367,143.1814,62.592855264953315
33,20,-12.981623,135.48972,77.406784,19.291096,147.21475,58.30346432936032
33,21,-12.630297,141.88571,77.431915,19.503086,151.94969,53.0126660817266
33,22,-12.583241,148.84575,77.23242,19.597883,157.3908,47.577862182388536
33,23,-12.477524,155.79706,76.816185,19.442211,162.99081,52.41930628171118
33,24,-13.123661,162.65732,76.01365,19.193022,168.90076,46.50872507817452
33,25,-13.467933,168.74344,74.75932,18.820187,173.95697,40.36213045621058
33,26,-13.427073,174.34084,73.526436,18.392822,178.55167,44.354440570955845
33,27,-13.092594,178.47226,72.50246,17.781515,182.06601,40.47930676662928
33,28,-12.542032,181.42542,71.74815,17.076427,184.7036,43.09373207182019
33,29,-11.990921,183.44022,71.279205,16.380459,186.66246,42.766042969379214
33,30,-11.362895,185.26396,71.03124,15.725267,188.49977,41.91249423054531
33,31,-10.832195,186.80435,70.96271,15.250724,190.0554,41.32279834893943
33,32,-10.292546,188.38712,70.96271,15.194564,191.30624,40.62564580972246
33,33,-9.790754,189.82298,70.874916,15.559506,192.02788,39.732563556362805
33,34,-9.297945,191.19394,70.547295,16.57327,192.00948,38.36198189832021
33,35,-8.839746,192.44669,69.72417,18.479328,190.8846,36.21901815277104
33,36,-8.382108,193.63235,68.25922,21.868929,188.08661,33.20220854784645
33,37,-7.93716,194.76926,66.52415,26.051525,184.41843,30.29645143584635
33,38,-7.4747257,195.9435,64.67504,30.112093,180.84702,27.728815863647434
33,39,-6.9682856,197.16422,62.532482,33.54484,177.76854,25.382010261331647
33,40,-6.469845,198.34663,59.77445,35.919853,175.41599,22.755890195680237
33,41,-5.966983,199.51704,56.250275,37.243397,173.79219,19.468454419473186
33,42,-5.4523387,200.69508,52.18705,36.974617,173.5704,15.439023214394703
33,43,-4.919225,201.84796,47.68218,35.969112,174.01926,10.82361290639919
33,44,-4.4109573,202.86446,42.680443,34.74141,174.5937,5.673750926639836
33,45,-3.9044807,203.82309,37.150402,33.472343,175.22807,0.0
33,46,-3.385722,204.74242,31.240627,31.781067,176.39334,6.146982670037313
33,47,-2.8818383,205.56583,25.344616,29.366302,178.44608,12.499375085669817
33,48,-2.4097784,206.3042,19.577736,26.715818,180.92937,18.92679796421087
33,49,-1.9241219,207.05582,13.989193,24.479452,183.26857,25.580676831476957
33,50,-1.4986037,207.68622,8.883979,22.625755,185.35147,31.56186844302293
33,51,-1.0693291,208.29349,4.5484686,20.342665,188.03476,36.97710941208732
33,52,-0.65946305,208.86133,1.5724479,17.885036,190.98932,41.18230069100059
33,53,-0.28609675,209.37367,-0.112563916,14.771012,194.60274,44.473476615354784
33,54,0.06853166,209.85497,-0.31371677,10.437645,199.4177,47.1276079976384
33,55,0.35549992,210.2274,0.57064706,5.6752777,204.55223,49.3142064274825
33,56,0.6102003,210.54536,1.3258951,0.5191927,210.02739,52.18205897743471
33,57,0.9253098,210.93515,1.2697682,-4.5576982,215.49312,55.986301714201225
33,58,1.2781745,211.36674,0.60591,-9.478916,220.84668,60.334983707473135
33,59,1.6451595,211.80693,0.17951074,-14.150338,225.96204,64.46762058424933
33,60,1.9716811,212.18764,0.7801224,-18.415037,230.60574,67.6848485438454
34,1,-0.66688067,-3.0546155,-0.047827523,-0.39027205,2.7353158,51.283981582501525
34,2,-1.337654,-6.1455264,-0.047827523,-0.44643113,5.8432302,51.14127169695075
34,3,-2.1052537,-9.567635,-0.13561924,-0.08148937,9.688468,52.07553149855777
34,4,-2.9634764,-13.247203,-0.46324378,0.93227476,14.39822,52.71623434321001
34,5,-3.8209982,-16.833157,-1.2863718,2.8383331,19.834106,55.06893087064018
34,6,-4.732561,-20.36702,-2.751322,6.227933,26.668648,58.380308002221525
34,7,-5.648169,-23.84903,-4.486393,10.41053,34.27925,62.76388049030442
34,8,-6.584638,-27.379904,-6.3354936,14.471098,41.851746,66.87763860440941
34,9,-7.602593,-30.955652,-8.478054,17.903845,48.86734,70.41785811673769
34,10,-8.630425,-34.489704,-11.236088,20.278858,54.830513,73.02126351547417
34,11,-9.679801,-38.007683,-14.760261,21.6024,59.82619,74.45778898114335
34,12,-10.753775,-41.529842,-18.823486,21.333622,63.3793,74.47979683089957
34,13,-11.897513,-45.013588,-23.32836,20.328117,66.33402,73.89652625399718
34,14,-13.101362,-48.33471,-28.330093,19.100414,69.13327,73.89936368720065
34,15,-14.360353,-51.579304,-33.860138,17.831347,72.09772,73.12024264241352
34,16,-15.69513,-54.755554,-39.76991,16.140072,74.871796,71.37717965709835
34,17,-17.102846,-57.798893,-45.66592,13.725307,77.016624,72.25127373996176
34,18,-18.531296,-60.73408,-51.4328,11.074823,78.98752,70.84209313955627
34,19,-19.980366,-63.675415,-57.021343,8.838456,81.42663,71.81769092938505
34,20,-21.426462,-66.467865,-62.12656,6.9847593,83.97491,72.79165574573412
34,21,-22.922329,-69.20977,-66.46207,4.701669,85.78234,73.30072329637743
34,22,-24.423485,-71.89795,-69.43809,2.2440414,86.73724,73.65035659418417
34,23,-25.904343,-74.52163,-71.1231,-0.8699827,86.425125,70.49109843075279
34,24,-27.380598,-77.10535,-71.32426,-5.20335,84.26708,69.67105313788691
34,25,-28.846186,-79.54702,-70.43989,-9.965717,81.06536,61.83732555785627
34,26,-30.32381,-81.90667,-69.68464,-15.121802,77.52092,55.08121514421397
34,27,-31.859932,-84.33549,-69.74077,-20.198694,74.48816,52.80644835726583
34,28,-33.438484,-86.80122,-70.404625,-25.119911,71.910225,49.696361206550264
34,29,-35.048695,-89.264084,-70.831024,-29.791334,69.40737,47.777200187077014
34,30,-36.652813,-91.644264,-70.230415,-34.056034,66.66228,45.454444005254096
34,31,-38.20332,-93.8525,-68.0351,-37.803814,63.493233,42.0805800779531
34,32,-39.748413,-95.95015,-63.642017,-40.881355,60.02896,36.96101875034417
34,33,-41.315224,-97.99019,-57.447765,-43.111813,57.20048,29.49157958080202
34,34,-42.87227,-99.97901,-50.26783,-45.092075,55.38294,22.943119100300198
34,35,-44.446056,-101.91455,-42.930134,-47.24232,54.69324,12.361355444078125
34,36,-46.034054,-103.71581,-35.59984,-49.41523,55.293995,3.636358446034926
34,37,-47.630554,-105.4029,-28.195066,-51.35069,57.440228,7.653611967455584
34,38,-49.187668,-106.98355,-20.15771,-52.48981,61.743874,14.336548376320241
34,39,-50.673134,-108.420135,-11.016203,-52.742073,68.357285,24.47285102742871
34,40,-52.103176,-109.83056,-0.5452664,-52.155407,77.360466,35.161868957220015
34,41,-53.459732,-111.1594,10.932683,-50.48492,88.47472,46.54528827269291
34,42,-54.775772,-112.410675,22.624495,-48.060436,100.65662,58.699736266429156
34,43,-56.042442,-113.51941,34.095287,-45.424335,112.96791,71.11135088793404
34,44,-57.273357,-114.53171,44.249912,-43.205936,124.07394,82.21904720766454
34,45,-58.424465,-115.43387,52.548687,-41.2197,133.502,91.4343413531261
34,46,-59.48084,-116.23672,59.27911,-38.882515,141.73073,99.07364541160565
34,47,-60.51612,-116.983284,65.22023,-37.697178,148.64696,105.82486136386679
34,48,-61.56519,-117.69165,69.932755,-37.181053,154.1871,111.31077008727569
34,49,-62.677895,-118.40864,72.98407,-36.31065,158.56937,115.23191686372337
34,50,-63.914284,-119.18187,74.59759,-34.75227,162.21558,117.88942020686233
34,51,-65.21341,-119.96215,75.67915,-33.938904,165.07791,120.21665288696592
34,52,-66.40999,-120.66279,77.36264,-32.799706,168.49478,122.89365423509936
34,53,-67.59258,-121.32898,78.9872,-30.210451,172.59262,125.69040857276948
34,54,-68.67456,-121.90332,79.472374,-26.1726,176.38562,127.54604270368498
34,55,-69.7225,-122.4257,78.7529,-21.38873,179.59236,128.44031505348573
34,56,-70.735825,-122.91085,77.47541,-15.294623,183.16064,129.22663150764748
34,57,-71.73515,-123.38405,75.69198,-7.699373,187.39719,130.20708947496726
34,58,-72.77268,-123.864685,73.58631,1.1208614,192.46388,132.8050240977278
34,59,-73.79091,-124.33451,71.18916,10.276164,197.83643,134.71961706738063
34,60,-74.71196,-124.74678,68.56075,20.165995,203.7812,137.29002027249769
35,1,0.9033387,-2.5867712,2.04935,-3.3418422,1.3723972,1.2427792108590394
35,2,1.6302698,-4.7985935,6.442431,-6.419384,5.0777807,4.87122105185338
35,3,2.2791152,-6.9038544,12.636685,-8.649843,10.503701,9.640864955924304
35,4,2.8882685,-8.946001,19.81662,-10.630105,17.011917,15.42104710299718
35,5,3.4395804,-10.926906,27.154316,-12.780351,23.787054,21.6666967910236
35,6,3.8839173,-12.811329,34.48461,-14.953261,30.675568,29.312017609606112
35,7,4.244166,-14.622826,41.88938,-16.88872,37.713345,36.2510437547331
35,8,4.548842,-16.33377,49.92674,-18.027842,45.409504,43.43581559002835
35,9,4.787332,-17.890682,59.06825,-18.280102,54.282314,53.94596621535985
35,10,5.030398,-19.379623,69.539185,-17.693438,64.53082,61.07965122450586
35,11,5.249968,-20.75413,81.017136,-16.02295,75.91474,71.54875765713565
35,12,5.436993,-22.048435,92.70895,-13.598466,87.68007,82.37275941208581
35,13,5.556364,-23.210842,104.17974,-10.962364,99.381065,93.21458292598396
35,14,5.633396,-24.285242,114.334366,-8.743965,109.80634,101.69790429195182
35,15,5.678836,-25.229794,122.63314,-6.7577314,118.40408,110.88216637400535
35,16,5.705625,-26.036352,129.36356,-4.420544,125.53297,116.80361968462098
35,17,5.7117376,-26.792088,135.30467,-3.2352064,131.71657,123.12901895301019
35,18,5.694829,-27.534712,140.01721,-2.7190812,136.59546,127.64190374985384
35,19,5.6598387,-28.324574,143.06851,-1.8486782,139.93611,130.60916367389103
35,20,5.607195,-29.234552,144.68204,-0.29029784,142.05486,132.30982106560862
35,21,5.5346975,-30.189192,145.7636,0.52306545,143.55273,133.4426687066576
35,22,5.4628286,-31.0136,147.4471,1.662263,145.69572,135.20433687838704
35,23,5.380254,-31.807371,149.07166,4.2515197,148.14677,137.0436531458705
35,24,5.294804,-32.46778,149.55682,8.28937,149.90889,137.96399026619494
35,25,5.2009006,-33.07174,148.83736,13.07324,150.8668,137.9220739637058
35,26,5.1054277,-33.62744,147.55986,19.167347,151.92287,137.7607350669596
35,27,5.010684,-34.165066,145.77643,26.762598,153.38571,137.76852597697842
35,28,4.9048553,-34.737373,143.67076,35.582832,155.5664,138.29809949451888
35,29,4.803107,-35.283,141.27362,44.738132,158.2011,139.27532182376612
35,30,4.7171345,-35.716434,138.6452,54.627964,161.55136,141.00382408497651
35,31,4.6265745,-36.149075,136.0073,64.63609,165.58546,143.49551121428678
35,32,4.547348,-36.506317,133.34517,74.94383,170.32327,146.82725858721628
35,33,4.4845853,-36.763752,130.9071,84.72131,175.3319,150.68459650275585
35,34,4.421548,-36.99568,128.71376,93.73066,180.38274,154.77539036752265
35,35,4.3474803,-37.259064,126.47239,101.9498,185.18532,158.71547685015224
35,36,4.2966,-37.429253,123.45915,112.78647,191.74066,164.40236328985824
35,37,4.274537,-37.494095,120.42801,122.74656,197.91084,169.95208888680673
35,38,4.2700424,-37.506966,117.88306,132.8169,204.73918,176.32173897626046
35,39,4.27395,-37.49592,116.126236,142.35243,211.79321,183.06141649749085
35,40,4.247648,-37.56655,115.33911,151.7987,219.54616,190.50253623937033
35,41,4.107991,-37.92547,115.52737,161.43134,228.37997,198.78070550382412
35,42,3.9321542,-38.353325,116.60443,170.99458,237.74269,207.55975849307774
35,43,3.7564998,-38.73604,118.477776,179.97076,246.96889,216.28610337535048
35,44,3.4386652,-39.365856,120.93089,189.07242,256.8822,225.43579350798933
35,45,2.8725948,-40.375397,124.242516,197.58328,267.12357,234.49409775597312
35,46,1.9836013,-41.84282,128.56908,206.24626,278.51764,244.17230475436338
35,47,0.7420777,-43.7078,134.24147,214.65749,290.81732,254.27007153027034
35,48,-1.2454146,-46.39356,140.17876,223.08743,304.33664,265.6275428190136
35,49,-3.6438975,-49.42864,145.71907,231.5471,318.20853,274.8429490341909
35,50,-6.1267514,-52.81038,150.48293,240.18935,332.22797,285.59155840495583
35,51,-8.445164,-56.67177,154.96193,247.77621,345.52924,294.0091326993599
35,52,-10.828716,-61.447556,157.37357,257.0701,360.20203,303.6539934021483
35,53,-12.996176,-65.9534,158.3943,266.49628,374.02872,311.8574013520318
35,54,-14.650237,-70.615974,158.10287,275.52646,386.85684,320.14541201358224
35,55,-16.37996,-75.724655,156.64143,284.5426,399.66098,326.76412402311803
35,56,-17.902502,-80.74751,154.4068,293.08615,411.63348,334.05948364900723
35,57,-19.052166,-86.62753,151.61017,300.6501,423.2134,339.0854164009649
35,58,-20.202137,-92.62787,148.11436,307.59586,434.17676,344.4927824520654
35,59,-21.076277,-98.64191,144.47745,314.10843,444.7144,348.69971718809154
35,60,-21.91093,-104.37726,141.81577,320.5285,455.3585,353.8639343747889
36,1,-0.743746,2.8589709,-2.371346,9.017908,6.3703685,6.3703628373481695
36,2,-1.3617475,5.3440866,-5.033474,19.325653,14.455649,14.455721615613548
36,3,-1.8926678,7.671793,-7.471537,29.103134,22.145569,22.146188533590994
36,4,-2.3535872,9.961285,-9.664881,38.11248,29.08513,29.085879221418754
36,5,-2.7853293,12.20733,-11.90625,46.33162,35.32221,35.321073173590456
36,6,-3.1589427,14.33866,-14.919487,57.16829,44.414948,44.409898850096766
36,7,-3.4355166,16.358591,-17.950634,67.12838,52.803978,52.78936993717111
36,8,-3.6882362,18.322094,-20.495586,77.19872,61.228626,61.21097579216281
36,9,-3.9272625,20.239405,-22.252405,86.734245,68.973724,68.95405892120698
36,10,-4.1412516,22.220963,-23.039526,96.18053,76.335846,76.34278308870803
36,11,-4.353329,24.495708,-22.85127,105.813156,83.39485,83.45621890672392
36,12,-4.5282125,26.851063,-21.774214,115.3764,90.18959,90.339064879033
36,13,-4.6066566,29.174255,-19.900866,124.35259,96.39932,96.67704395047586
36,14,-4.597986,31.788754,-17.447748,133.45424,102.47432,102.91738665855583
36,15,-4.453795,34.854637,-14.1361265,141.96509,107.54718,108.26619446864677
36,16,-4.1613693,38.472794,-9.809572,150.62808,112.297424,113.44091046602135
36,17,-3.6494737,42.603592,-4.137178,159.03929,116.43672,118.43848420918066
36,18,-2.7411623,47.800335,1.8001142,167.46925,119.75505,122.83484652140807
36,19,-1.5587299,53.495033,7.340435,175.92892,122.75688,127.25672092399728
36,20,-0.52204204,59.561028,12.104279,184.57117,125.646164,131.61534925305492
36,21,-0.025897294,66.01877,16.58328,192.15804,127.22806,135.05730996068107
36,22,-0.03411878,73.34745,18.99493,201.4519,129.51007,137.88755842406422
36,23,-0.1448066,80.40491,20.015663,210.8781,132.02159,141.29470142206168
36,24,-1.0085399,87.38373,19.72424,219.9083,134.13654,142.47680937339905
36,25,-2.0394034,94.82965,18.26279,228.92442,135.62296,141.88931658486783
36,26,-3.2923288,102.140854,16.028154,237.46797,136.69934,140.45030610728173
36,27,-5.478977,110.01248,13.23152,245.03189,136.30966,137.76507641571092
36,28,-7.729501,117.998436,9.735716,251.97769,135.11281,134.75343816231978
36,29,-10.334693,125.8677,6.0988064,258.49026,133.63683,132.69221785667466
36,30,-12.854953,133.48486,3.4371202,264.9103,132.43141,131.4496940043081
36,31,-15.187552,141.28207,3.4485404,271.26434,131.31145,130.48942206949482
36,32,-17.66423,149.65045,6.7254477,276.23276,128.91058,144.81022959432784
36,33,-19.981428,158.29391,12.550487,278.64322,124.66868,139.25883724896158
36,34,-22.594795,167.13727,20.070398,278.2607,119.03251,149.58745762643707
36,35,-25.370281,175.59828,28.758797,276.45502,114.464134,141.16429710275847
36,36,-28.812164,183.75731,38.11664,274.6737,112.89489,151.75665302214747
36,37,-33.466656,191.63043,47.428673,274.35266,115.70229,146.00126598329163
36,38,-38.8607,199.34561,56.052193,276.38797,122.245575,141.96105849158187
36,39,-44.80797,206.94275,63.290527,281.02228,131.04604,139.3769539035167
36,40,-49.692764,215.31013,68.02321,287.9506,138.32457,137.4803534002525
36,41,-54.800247,223.43567,69.851265,296.1764,144.32329,135.5237302100498
36,42,-60.092712,231.15164,68.846115,305.22504,148.70134,133.32917680329885
36,43,-65.19518,239.28973,65.87999,314.84378,151.29149,150.74440543897853
36,44,-69.35808,247.806,62.10195,325.23712,152.56906,149.28636003128315
36,45,-74.05151,256.30405,57.584057,336.2834,154.02798,149.84323998365554
36,46,-77.93152,264.74606,51.95796,347.5645,154.046,149.7842916423552
36,47,-82.2861,273.291,45.25474,358.59033,153.43613,149.852729118541
36,48,-86.63354,281.88312,37.77234,369.10043,151.93315,150.27970584487088
36,49,-91.159584,290.5488,30.153849,378.92615,150.09164,150.47225654421572
36,50,-95.072334,299.2843,22.955143,388.28488,147.82283,150.97588569729322
36,51,-98.706665,307.89072,16.157293,396.85867,145.28946,151.85494285445185
36,52,-101.515884,316.43878,9.565497,404.35132,141.66046,152.37372829862636
36,53,-103.68648,324.58282,2.897923,410.19522,136.71034,151.7386973683441
36,54,-105.643105,331.55643,-3.5053535,414.39056,131.50519,149.64137142709208
36,55,-107.28258,338.5786,-8.492212,416.65884,125.920845,158.8400483924897
36,56,-108.65503,345.24802,-11.601958,417.68726,121.10632,153.51526844702104
36,57,-109.83892,350.95328,-14.358418,418.277,116.82898,148.08702265979755
36,58,-111.32949,355.97275,-18.735176,418.90585,111.95661,144.92673903375558
36,59,-113.14715,360.5826,-24.76689,419.13547,106.01654,150.53858200797302
36,60,-115.507675,363.46545,-32.47746,419.1963,99.99971,148.2404282998192
