episode_idx,time_sec,dr_E_m,dr_N_m,gt_E_m,gt_N_m,drift_m
0,1,8.054588,4.8237777,4.1056023,3.5256257,4.1568847
0,2,15.822065,9.548719,7.7141213,8.950839,8.129958
0,3,23.418941,14.179215,10.57798,15.151087,12.877687
0,4,30.908955,18.724154,14.58472,20.303616,16.400467
0,5,38.23041,23.225994,20.032585,22.830622,18.20212
0,6,45.34444,28.339254,25.593431,21.65151,20.852537
0,7,52.14756,34.41478,29.72864,17.178917,28.278667
0,8,59.475815,40.488365,32.617115,10.445286,40.298588
0,9,68.59071,44.195084,35.805298,2.4064488,53.11472
0,10,78.2836,43.388798,39.71887,-6.6786213,63.197983
0,11,86.04512,37.646618,44.359863,-16.217812,68.11047
0,12,89.78589,28.569168,49.299305,-26.092873,68.022804
0,13,88.38113,18.750616,54.071075,-36.735165,65.236885
0,14,81.83995,11.311815,58.92288,-47.460705,63.082497
0,15,72.29717,8.876583,63.83695,-58.119022,67.52767
0,16,63.109867,12.223911,68.85495,-68.671394,81.09906
0,17,56.493633,19.691088,74.17056,-78.8637,100.12752
0,18,54.052746,29.674553,80.55635,-87.93009,120.554115
0,19,57.14493,39.809925,88.4304,-95.79557,139.16765
0,20,65.47726,46.76555,97.203926,-103.00757,153.0966
0,21,76.73891,48.191326,106.29597,-109.99516,160.92416
0,22,86.59724,42.82586,115.37273,-116.79774,162.19655
0,23,92.10925,32.91223,124.2629,-123.487114,159.67033
0,24,91.38312,21.60999,132.9597,-130.1112,157.31476
0,25,84.46486,12.792008,141.55788,-136.9168,160.22589
0,26,73.6452,9.317776,149.61417,-144.02214,171.12689
0,27,62.71611,12.464937,156.86157,-151.21344,188.82262
0,28,54.27993,20.412819,162.94553,-158.65765,209.46228
0,29,49.35862,31.21656,168.36646,-165.6861,230.07285
0,30,48.850845,43.472584,173.34239,-172.53625,249.31499
0,31,53.730618,54.80612,178.1715,-179.08458,264.9347
0,32,62.424118,64.46394,183.39536,-185.03871,277.28256
0,33,71.37351,74.41497,189.49455,-189.87286,289.4834
0,34,78.89099,86.067635,196.02791,-194.11757,303.68536
0,35,83.08442,99.7507,201.84453,-199.41101,321.87216
0,36,84.37256,114.57913,206.25934,-206.44907,343.38824
0,37,84.3534,130.03877,209.60982,-214.67542,366.76562
0,38,84.64887,145.90117,212.72923,-223.05693,390.55685
0,39,85.003716,161.62561,215.76788,-231.3781,414.18738
0,40,85.33448,177.30585,218.952,-240.17117,438.33856
0,41,85.73431,193.1955,222.19916,-249.19128,462.9565
0,42,86.11587,209.25092,225.47932,-258.17307,487.75748
0,43,87.13772,225.48322,228.9015,-266.81714,512.30524
0,44,88.05663,242.12201,232.20247,-274.88522,536.7257
0,45,88.73874,258.4258,235.44324,-284.0139,561.928
0,46,89.46361,274.6773,238.70872,-293.3511,587.30774
0,47,90.124176,291.43616,242.05673,-302.29822,612.8654
0,48,90.706,307.84036,245.32861,-311.61758,638.46405
0,49,90.98424,324.61407,248.39197,-319.8074,663.3674
0,50,91.15031,341.34555,251.69827,-328.17917,688.5049
0,51,91.231926,358.12192,255.39491,-334.8898,712.1901
0,52,91.04455,374.0843,258.8219,-341.98248,735.45966
0,53,90.56436,388.7015,261.5376,-350.19965,758.4239
0,54,89.85498,401.90546,263.88675,-357.02658,778.6301
0,55,88.95682,414.07306,266.5458,-364.40915,798.4813
0,56,87.92939,426.91486,267.93576,-370.45648,817.4371
0,57,86.723076,439.6051,270.163,-377.9376,837.8701
0,58,84.91987,453.09436,272.36398,-386.27615,860.0454
0,59,82.93082,466.95764,275.08908,-394.9177,883.03674
0,60,81.08626,479.81384,278.01227,-403.7607,905.25354
1,1,1.3707584,-4.155913,4.356498,-5.850855,3.433288
1,2,1.2149627,-8.79059,9.580356,-11.804986,8.891928
1,3,1.0158978,-13.257488,15.679551,-16.639149,15.048533
1,4,1.5336914,-17.728134,22.2129,-20.883852,20.91861
1,5,3.365829,-22.179277,28.02953,-26.177288,24.98564
1,6,6.3761334,-26.567715,32.44434,-33.21534,26.90246
1,7,10.131334,-31.125662,35.79481,-41.441692,27.659258
1,8,14.079512,-36.116634,38.914227,-49.823204,28.366056
1,9,18.05382,-41.18151,41.952877,-58.144382,29.307062
1,10,22.206568,-46.457806,45.136993,-66.93746,30.744442
1,11,26.532177,-51.999943,48.384155,-75.95757,32.426483
1,12,31.028385,-57.7441,51.66432,-84.93936,34.13831
1,13,35.427124,-63.84059,55.086502,-93.58343,35.652874
1,14,40.113735,-70.23179,58.387466,-101.65151,36.34733
1,15,44.684452,-76.29346,61.628235,-110.78017,38.424274
1,16,49.21753,-82.33986,64.89372,-120.11738,40.900906
1,17,54.09058,-88.77007,68.24173,-129.06451,42.707108
1,18,58.776863,-94.90342,71.5136,-138.38387,45.307545
1,19,63.810173,-101.23951,74.576965,-146.57368,46.595184
1,20,68.87062,-107.523346,77.88327,-154.94547,48.270958
1,21,74.006256,-113.834915,81.57991,-161.65607,48.417175
1,22,78.73156,-119.44917,85.0069,-168.74875,49.697365
1,23,82.697556,-123.96436,87.722595,-176.96594,53.239258
1,24,85.809456,-127.36175,90.07174,-183.79288,56.591866
1,25,88.27744,-129.9502,92.73081,-191.17543,61.386986
1,26,91.233894,-133.013,94.12075,-197.22275,64.27461
1,27,94.138954,-135.93396,96.348,-204.70386,68.80537
1,28,97.78301,-139.32881,98.548996,-213.04242,73.71759
1,29,101.75022,-142.95412,101.27408,-221.68399,78.731316
1,30,104.96366,-145.89061,104.19727,-230.52698,84.63984
1,31,107.348976,-148.05623,107.23281,-239.82144,91.76529
1,32,109.13979,-149.6239,110.37478,-249.39043,99.77417
1,33,110.73959,-150.95076,113.59395,-259.10825,108.195145
1,34,112.50341,-152.33022,116.760284,-268.6773,116.42494
1,35,114.670746,-153.74718,119.88608,-277.96902,124.331276
1,36,117.06447,-155.1388,123.02208,-287.09183,132.08745
1,37,120.40775,-156.76363,126.1329,-296.2173,139.57112
1,38,124.47709,-158.41911,129.09625,-305.11356,146.76715
1,39,128.70659,-159.90448,131.82524,-313.7377,153.86484
1,40,132.11188,-161.04346,134.4117,-322.11725,161.09021
1,41,135.3734,-162.14844,136.86858,-330.26962,168.12784
1,42,139.04811,-163.45853,139.26079,-338.58978,175.13138
1,43,143.73122,-165.17839,141.67918,-347.4689,182.30206
1,44,148.71034,-166.96016,144.02983,-356.52722,189.62483
1,45,152.07303,-168.20341,146.27512,-365.06384,196.94579
1,46,153.73128,-168.84608,148.83806,-373.44348,204.6559
1,47,154.06667,-168.99756,151.29924,-381.79733,212.81776
1,48,153.63484,-168.77719,153.73816,-390.03275,221.25558
1,49,152.78458,-168.27957,155.83412,-398.10843,229.84909
1,50,151.65999,-167.57509,157.87448,-406.19482,238.70065
1,51,150.77216,-167.01628,160.68085,-413.6478,246.83049
1,52,150.40903,-166.7891,164.61002,-420.08597,253.69466
1,53,150.50949,-166.85023,169.89705,-425.51236,259.38766
1,54,150.82967,-167.05612,176.49191,-429.64496,263.8398
1,55,151.05814,-167.20833,183.19958,-433.16513,267.89194
1,56,150.95587,-167.14064,188.67134,-437.3883,272.86676
1,57,150.11378,-166.61168,192.24037,-442.7954,279.37805
1,58,148.38533,-165.56046,193.49908,-449.5473,287.54788
1,59,146.86745,-164.62642,192.65079,-457.6946,296.62277
1,60,146.17903,-164.1897,191.2085,-466.85892,306.00052
2,1,3.184768,-9.232889,2.743198,-8.382204,0.95846194
2,2,6.6525564,-18.604794,5.8851647,-17.951195,1.0080086
2,3,10.48479,-28.10348,9.104332,-27.668997,1.4472177
2,4,14.698145,-37.72943,12.27067,-37.23808,2.476704
2,5,19.985477,-47.469616,15.396465,-46.529793,4.684261
2,6,25.917147,-57.14975,18.532463,-55.652603,7.534919
2,7,33.1387,-67.18083,21.64328,-64.778046,11.743851
2,8,41.47322,-77.2795,24.606636,-73.67431,17.247583
2,9,50.41401,-87.09854,27.335625,-82.29848,23.57228
2,10,58.95995,-96.20642,29.92208,-90.67802,29.559452
2,11,67.54201,-105.42426,32.378963,-98.83038,35.775955
2,12,76.29723,-115.13137,34.771168,-107.15054,42.286022
2,13,85.69543,-125.75233,37.189575,-116.02968,49.470673
2,14,95.42172,-136.5617,39.54021,-125.088,57.047256
2,15,103.937515,-146.22775,41.7855,-133.62459,63.416977
2,16,111.155045,-154.6825,44.348442,-142.00426,67.99897
2,17,117.0708,-162.43,46.80963,-150.35811,71.29069
2,18,122.15408,-169.78903,49.24854,-158.5935,73.76014
2,19,126.57894,-177.05734,51.34451,-166.66919,75.948235
2,20,130.63603,-184.19743,53.38487,-174.7556,77.82603
2,21,134.81824,-191.5943,56.19123,-182.20856,79.18522
2,22,139.32913,-199.52255,60.120407,-188.64674,79.9519
2,23,144.21718,-207.87225,65.40743,-194.07314,80.0087
2,24,149.03677,-216.59332,72.0023,-198.20573,79.19857
2,25,153.68811,-225.34178,78.70997,-201.72589,78.60937
2,26,158.19325,-233.7538,84.18173,-205.94907,79.06205
2,27,162.47623,-241.31308,87.750755,-211.35617,80.5066
2,28,166.35464,-247.93344,89.00946,-218.10806,82.89651
2,29,170.32571,-254.79382,88.16117,-226.25539,86.97962
2,30,174.67636,-262.55298,86.71888,-235.41968,92.047455
2,31,179.34573,-270.66922,85.92227,-244.96675,96.894585
2,32,183.5258,-277.86957,85.92668,-254.98898,100.245255
2,33,186.94029,-284.59644,86.15781,-265.456,102.58395
2,34,189.77263,-291.83047,86.52428,-276.07553,104.44348
2,35,191.45555,-299.6421,86.941185,-286.7675,105.30436
2,36,191.80975,-307.87766,87.70708,-297.7264,104.596436
2,37,190.90782,-316.20282,89.260315,-308.17706,101.96386
2,38,189.04431,-323.93332,91.18229,-319.0964,97.98148
2,39,187.25394,-330.99097,93.25618,-330.28784,94.00038
2,40,185.63376,-337.317,95.262726,-341.41324,90.46382
2,41,184.08702,-343.55777,97.12418,-352.73776,87.44603
2,42,182.74738,-349.8981,98.604485,-364.23935,85.35629
2,43,181.41608,-356.47446,99.0172,-375.036,84.46364
2,44,180.08253,-363.2217,99.02699,-385.05478,83.94453
2,45,178.61765,-370.7449,99.0136,-394.9556,83.20434
2,46,176.99908,-378.75085,99.23776,-406.1515,82.44767
2,47,175.29958,-387.54327,99.81295,-417.2743,81.13054
2,48,173.80782,-396.3717,101.08305,-427.56918,79.133896
2,49,172.77373,-404.8806,103.16521,-437.9465,77.06296
2,50,172.05188,-412.80832,106.417206,-448.18063,74.55945
2,51,171.38344,-419.8928,110.71431,-457.91882,71.601135
2,52,170.2752,-426.3299,115.67925,-466.1771,67.59081
2,53,167.94063,-432.7304,121.36347,-473.0827,61.6258
2,54,164.25905,-439.87903,127.63282,-478.815,53.4555
2,55,159.54851,-446.86417,134.87975,-483.30426,44.004868
2,56,154.7353,-453.71344,143.21611,-486.9168,35.144783
2,57,150.00768,-460.42386,152.10449,-491.7033,31.349651
2,58,145.38725,-466.9228,160.86212,-498.77246,35.41007
2,59,140.66637,-473.5283,170.28572,-506.7583,44.51449
2,60,135.39603,-480.67987,181.17787,-514.711,57.044674
3,1,-1.0253806,-8.736689,-0.67402244,-8.556116,0.39504305
3,2,-1.9364598,-16.709877,-0.66961026,-18.578337,2.2574432
3,3,-3.2299936,-24.259884,-0.43848678,-29.045338,5.5401335
3,4,-5.30645,-31.871538,-0.07201447,-39.664898,9.388065
3,5,-8.736609,-39.403313,0.34489197,-50.356846,14.228618
3,6,-13.662474,-46.656696,1.1107843,-61.315758,20.811949
3,7,-19.843246,-53.325058,2.664019,-71.766426,29.09744
3,8,-26.89193,-59.198483,4.585996,-82.68577,39.274834
3,9,-33.662006,-64.70468,6.6598897,-93.877205,49.768375
3,10,-39.98067,-69.81977,8.666436,-105.002594,60.036423
3,11,-46.23959,-74.96758,10.527894,-116.327126,70.23645
3,12,-52.363686,-80.371605,12.008194,-127.82871,79.97447
3,13,-58.619305,-85.986855,12.420905,-138.62538,88.41677
3,14,-64.975746,-91.74575,12.430701,-148.64413,96.06864
3,15,-71.89778,-98.05267,12.417308,-158.54495,103.77066
3,16,-79.24022,-104.64689,12.641472,-169.74084,112.60315
3,17,-87.10985,-111.83698,13.21666,-180.86366,121.77886
3,18,-94.82504,-119.2267,14.48676,-191.15854,130.85588
3,19,-101.939186,-126.70439,16.568916,-201.53586,140.15677
3,20,-108.4276,-133.9495,19.820915,-211.76997,150.01236
3,21,-114.38327,-140.55612,24.118015,-221.5082,160.42395
3,22,-120.41167,-146.29445,29.082962,-229.76645,171.2198
3,23,-127.60283,-151.02121,34.767178,-236.67206,183.57584
3,24,-136.43425,-155.34915,41.03653,-242.40437,197.67268
3,25,-146.0803,-158.73888,48.283447,-246.89362,213.421
3,26,-155.75397,-161.93051,56.619812,-250.50616,230.1049
3,27,-165.28882,-165.06372,65.508194,-255.29265,247.80742
3,28,-174.62303,-168.08675,74.26583,-262.36185,266.14557
3,29,-184.10526,-171.13177,83.68944,-270.34766,285.58322
3,30,-194.36241,-174.26144,94.58157,-278.30032,307.10373
3,31,-205.24612,-177.72235,106.53254,-285.9451,330.0274
3,32,-215.21054,-181.35619,118.918915,-293.3121,352.38702
3,33,-223.6981,-185.59576,131.2022,-300.40277,373.00787
3,34,-230.93492,-190.31708,143.5379,-307.44498,392.36316
3,35,-237.40256,-195.54405,155.56897,-314.60324,410.6114
3,36,-243.42197,-201.28926,167.28113,-322.00565,428.07648
3,37,-249.10759,-207.32025,178.93341,-329.30212,445.0828
3,38,-254.54933,-213.5288,190.40869,-336.24234,461.5693
3,39,-259.67688,-219.97314,201.5466,-343.08228,477.37088
3,40,-263.98807,-226.98384,212.55249,-350.137,492.19672
3,41,-266.84283,-234.67577,223.67393,-357.43573,505.64487
3,42,-266.7522,-242.85284,235.16182,-364.72485,516.4983
3,43,-263.8376,-250.5627,247.02402,-371.83057,525.05756
3,44,-259.895,-258.1825,259.15005,-378.30728,532.7642
3,45,-255.43616,-265.9728,271.32248,-385.39395,540.126
3,46,-250.883,-273.69382,283.85498,-392.80664,547.84357
3,47,-246.37329,-281.43457,296.86078,-398.49313,555.7031
3,48,-241.83824,-289.5788,310.19977,-402.6585,563.5007
3,49,-237.5216,-298.239,323.19284,-406.66107,571.10077
3,50,-233.33797,-307.40417,335.91696,-412.3973,578.85645
3,51,-229.10431,-317.12823,348.30896,-418.19995,586.19244
3,52,-224.8637,-327.08383,361.80392,-422.62024,594.39557
3,53,-220.68,-337.5694,375.0142,-428.0223,602.52246
3,54,-216.8588,-348.5666,388.24445,-433.06143,610.9741
3,55,-212.98337,-359.9694,401.48767,-439.18906,619.55664
3,56,-209.01892,-371.79498,414.87192,-445.8374,628.2691
3,57,-205.28326,-383.41666,427.77975,-453.2352,636.90137
3,58,-202.55466,-393.4676,440.37863,-460.77032,646.44635
3,59,-200.29446,-402.33643,452.89102,-468.16257,656.494
3,60,-198.0245,-411.85504,465.7244,-474.501,666.69867
4,1,7.935028,-4.807338,10.7889595,-6.858035,3.5142968
4,2,15.507378,-8.891209,23.175335,-14.225033,9.340624
4,3,22.752266,-11.783559,35.45862,-21.31571,15.884373
4,4,29.92677,-13.726763,47.794323,-28.357908,23.09372
4,5,37.20581,-14.922759,59.82539,-35.516193,30.589783
4,6,44.523323,-15.512833,71.53755,-42.9186,38.481743
4,7,51.822056,-15.715018,83.189835,-50.21508,46.62823
4,8,59.089634,-15.652801,94.66511,-57.155293,54.663254
4,9,66.32835,-15.245956,105.80301,-63.995216,62.7275
4,10,73.46103,-13.970848,116.808914,-71.04993,71.673294
4,11,80.18512,-11.3407,127.93035,-78.34869,82.27805
4,12,85.50016,-6.4942017,139.41823,-85.637794,95.76464
4,13,88.85864,-0.06090164,151.28043,-92.74351,111.7432
4,14,91.56718,7.0256233,163.40646,-99.22021,128.25389
4,15,94.09771,14.592892,175.5789,-106.30691,145.79419
4,16,96.52818,22.18717,188.1114,-113.71958,163.8845
4,17,98.999825,29.771408,201.1172,-119.40607,180.7813
4,18,101.73815,37.650658,214.45619,-123.57146,196.71788
4,19,104.96667,45.73012,227.44926,-127.57403,212.21762
4,20,108.631676,54.06353,240.17339,-133.31024,228.93701
4,21,112.66776,62.81935,252.56538,-139.1129,245.65825
4,22,116.86967,71.74745,266.06033,-143.53317,261.92288
4,23,121.48958,81.00414,279.2706,-148.93526,278.8673
4,24,126.70159,90.36279,292.50085,-153.97437,295.2796
4,25,132.1817,100.047264,305.74408,-160.102,312.7324
4,26,137.92162,110.09338,319.12833,-166.75034,330.87506
4,27,143.66599,119.862656,332.0362,-174.14813,349.1786
4,28,148.8781,127.86209,344.63504,-181.68326,366.25003
4,29,153.51274,134.73897,357.14746,-189.0755,382.52176
4,30,158.61679,142.0658,369.98083,-195.41394,398.20514
4,31,164.08614,149.64471,382.65918,-201.39166,413.52234
4,32,169.43176,157.31018,395.25098,-206.67632,428.34625
4,33,174.29152,164.56569,407.428,-212.2655,443.1189
4,34,178.67815,171.31732,419.38956,-217.5378,457.3295
4,35,183.0519,178.21507,430.88336,-222.2235,470.9262
4,36,186.50577,185.53088,442.03833,-227.0509,485.3047
4,37,188.84123,193.90459,452.8437,-231.94647,501.04535
4,38,190.97614,202.75586,463.8229,-236.73387,517.2974
4,39,194.94345,211.32657,474.91315,-241.65776,532.52026
4,40,202.10216,217.96219,486.19928,-245.32516,543.45776
4,41,211.43738,221.42786,496.91742,-250.06319,551.183
4,42,220.57574,220.61243,506.90546,-254.49623,554.7188
4,43,227.54451,216.32568,515.9743,-258.75995,555.7861
4,44,231.41237,210.04814,523.89844,-262.79556,555.99396
4,45,231.75757,203.36269,531.1014,-266.83194,557.3955
4,46,228.8669,197.75948,538.5981,-271.20078,562.0117
4,47,223.63695,194.40735,546.6132,-276.23898,570.80786
4,48,217.47525,194.09622,555.1674,-282.01978,583.71436
4,49,212.22736,196.85797,564.22375,-288.901,599.88605
4,50,208.87161,201.6774,573.7922,-296.48267,617.5196
4,51,207.81458,207.3868,583.71796,-304.99576,635.48346
4,52,209.58412,212.85968,593.5717,-313.50217,651.5391
4,53,213.54398,216.90736,603.43146,-321.79153,664.9878
4,54,218.95152,218.99716,612.75146,-330.3194,675.88983
4,55,224.81396,218.37196,621.6222,-339.7016,684.76483
4,56,229.76314,215.06796,630.11316,-349.10345,691.7872
4,57,232.67119,209.9378,637.95605,-358.91907,698.46545
4,58,232.72476,204.13675,645.24866,-369.58783,706.637
4,59,229.96318,199.20866,651.85284,-380.3065,716.8184
4,60,225.06346,196.32465,657.507,-392.03427,730.1874
5,1,10.210348,-4.9412756,11.391719,-5.346187,1.2488354
5,2,20.505623,-9.626177,23.983524,-10.630837,3.6201024
5,3,30.87017,-14.080938,36.160564,-16.220018,5.7064815
5,4,41.31848,-18.39189,48.12209,-21.49231,7.476743
5,5,52.005085,-22.662556,59.6159,-26.178019,8.383493
5,6,63.33565,-25.630255,70.770874,-31.005417,9.174688
5,7,75.664635,-26.706465,81.57623,-35.900997,10.9309845
5,8,88.47615,-27.370108,92.55545,-40.68838,13.929002
5,9,101.290184,-30.622974,103.6457,-45.61227,15.173247
5,10,112.199875,-38.71824,114.931816,-49.279682,10.90906
5,11,119.3265,-50.596516,125.64997,-54.017708,7.1896343
5,12,120.58784,-63.70507,135.638,-58.45075,15.940994
5,13,116.19571,-75.1458,144.70686,-62.71447,31.103437
5,14,107.67359,-82.88246,152.631,-66.75009,47.76423
5,15,97.09182,-85.4329,159.83392,-70.78647,64.42895
5,16,86.993324,-82.40443,167.33061,-75.155304,80.66368
5,17,79.82049,-74.780304,175.34575,-80.1935,95.67851
5,18,77.38897,-64.64126,183.89995,-85.9743,108.626366
5,19,80.39477,-54.9075,192.95633,-92.855515,118.78619
5,20,87.501816,-47.689285,202.52472,-100.43719,126.54094
5,21,96.89225,-44.068783,212.45052,-108.95028,132.52669
5,22,106.823044,-45.344887,222.30429,-117.456696,136.1471
5,23,115.07274,-50.862637,232.16399,-125.746056,138.9888
5,24,120.363,-59.420033,241.48402,-134.27393,142.38472
5,25,121.16149,-69.54791,250.35472,-143.65611,148.93932
5,26,117.1488,-78.94131,258.8457,-153.05797,159.91026
5,27,109.38135,-85.491875,266.68857,-162.8736,175.30971
5,28,99.5054,-87.4338,273.9812,-173.54234,194.56743
5,29,90.113815,-84.26039,280.58536,-184.261,215.12679
5,30,83.57599,-76.759735,286.2396,-195.98877,235.13422
5,31,81.55248,-67.028564,291.5152,-208.09212,252.94914
5,32,84.94958,-57.8151,296.1372,-220.26263,266.4384
5,33,92.10787,-51.194885,300.38205,-232.22765,275.95468
5,34,101.61243,-48.302708,304.1347,-243.34077,281.16742
5,35,111.41861,-50.225418,307.95914,-255.05075,283.869
5,36,120.75175,-54.99821,311.8659,-266.86548,285.32852
5,37,130.79665,-59.557575,315.90714,-278.79053,286.93027
5,38,142.07346,-63.002205,319.81747,-290.451,288.66223
5,39,154.18274,-65.503876,323.59335,-301.88495,290.8195
5,40,166.81018,-67.59459,327.10147,-313.13275,293.22736
5,41,179.8152,-69.2109,331.06268,-324.82632,297.0102
5,42,193.42601,-70.51037,335.25723,-336.096,301.0844
5,43,207.19641,-71.72946,339.53424,-346.50635,304.98465
5,44,220.5622,-72.82737,344.32712,-358.33804,311.1818
5,45,234.3653,-73.89479,349.87762,-369.98926,317.82864
5,46,248.65215,-75.09596,356.36893,-381.05005,324.36218
5,47,263.24738,-76.364746,363.88303,-390.1289,329.50793
5,48,278.09537,-77.83096,371.61606,-397.52158,333.08887
5,49,292.8238,-79.16649,378.34296,-403.56226,335.47897
5,50,307.72574,-80.384445,384.42978,-408.16525,336.63596
5,51,322.19714,-81.24645,390.7058,-410.1183,335.9317
5,52,337.2848,-82.41985,397.3508,-409.48392,332.53394
5,53,352.52344,-84.36305,404.2454,-405.6655,325.4388
5,54,367.3133,-86.38889,410.76718,-399.05295,315.66922
5,55,381.51422,-88.38364,417.2128,-390.23965,303.95963
5,56,395.0866,-90.58641,424.05746,-380.0852,290.94476
5,57,408.61423,-92.91078,431.68256,-368.3261,276.37973
5,58,422.52747,-95.08564,440.10513,-355.12018,260.628
5,59,436.89557,-97.13468,449.09042,-340.47113,243.64185
5,60,451.526,-99.213585,458.41223,-324.60382,225.4954
6,1,0.43908903,-4.9305024,4.7170396,-10.927793,7.3667054
6,2,-1.6472688,-8.670458,9.339048,-23.098299,18.134546
6,3,-4.4992676,-10.568911,13.583889,-35.06332,30.446291
6,4,-7.431391,-10.991561,17.336538,-46.176445,43.028202
6,5,-10.233344,-9.981778,21.160984,-57.88643,57.275295
6,6,-12.990809,-7.992322,25.067743,-69.701164,72.501274
6,7,-16.262547,-5.8563695,29.109,-81.6262,88.31559
6,8,-20.4491,-3.8405104,33.019337,-93.28665,104.20886
6,9,-25.340542,-2.0216174,36.795197,-104.72063,120.033066
6,10,-30.72258,-0.259763,40.30332,-115.968414,135.76881
6,11,-36.471024,1.3679343,44.264538,-127.662,152.20695
6,12,-42.818317,2.9715464,48.459084,-138.93167,168.72488
6,13,-49.33676,4.570737,52.736076,-149.34201,184.68352
6,14,-55.459904,6.0318556,57.528957,-161.1737,201.80234
6,15,-62.011284,7.5621014,63.079487,-172.82494,219.51581
6,16,-69.02816,9.25073,69.57077,-183.88571,237.72116
6,17,-76.33191,11.030335,77.08489,-192.96457,255.24623
6,18,-83.87129,12.961197,84.817894,-200.35724,271.95734
6,19,-91.28,14.795575,91.544815,-206.39793,286.96948
6,20,-98.85575,16.600077,97.63164,-211.00092,300.68176
6,21,-106.02088,18.140648,103.90768,-212.95396,312.2094
6,22,-113.775475,19.95557,110.552635,-212.3196,322.91617
6,23,-121.65084,22.212698,117.44723,-208.50116,332.2601
6,24,-129.08711,24.418972,123.96903,-201.88863,339.48865
6,25,-135.95128,26.481121,130.41464,-193.07532,345.18954
6,26,-142.20673,28.506907,137.25931,-182.92088,350.43256
6,27,-148.4187,30.582415,144.88441,-171.16179,355.98798
6,28,-155.00049,32.671528,153.30698,-157.95584,362.48074
6,29,-162.02202,34.79705,162.29228,-143.30681,370.001
6,30,-169.29654,36.995148,171.61409,-127.43951,378.49548
6,31,-176.50381,39.27714,181.66672,-110.58047,388.25693
6,32,-183.33952,41.57879,191.88123,-92.95941,398.61154
6,33,-190.25735,43.900894,202.33417,-74.40953,410.03107
6,34,-197.13057,46.083965,213.06114,-55.606,422.60867
6,35,-204.43753,47.922512,224.2081,-36.7464,436.9278
6,36,-212.16046,48.179226,235.53497,-17.815874,452.5335
6,37,-219.90742,46.26506,247.05815,1.3748537,469.1183
6,38,-226.65953,41.53652,258.4929,20.734035,485.5982
6,39,-231.15471,34.581177,269.98962,39.607304,501.16956
6,40,-234.31454,26.928585,281.38406,58.663185,516.67413
6,41,-237.32898,19.173122,292.9627,77.77974,533.5204
6,42,-240.42992,11.316711,304.3658,97.02113,551.4958
6,43,-243.85973,2.8398838,315.49588,114.992676,570.48834
6,44,-247.52925,-5.9017134,326.61258,134.25809,591.0022
6,45,-251.38864,-15.183768,337.62784,153.10947,612.58716
6,46,-255.16898,-24.575764,348.72827,171.77855,635.0172
6,47,-258.66376,-33.972687,359.50336,190.54541,657.67694
6,48,-262.14014,-43.84857,370.1033,209.28664,681.03534
6,49,-266.16013,-54.020393,381.03854,227.92102,705.9441
6,50,-270.8243,-64.83305,392.09726,246.69217,732.47046
6,51,-275.86853,-76.261,403.17673,265.8542,760.3587
6,52,-281.01956,-87.99469,414.2014,284.6272,788.7834
6,53,-286.02563,-99.09685,425.15967,303.30597,817.1368
6,54,-290.82745,-109.37074,436.06595,321.7515,845.12744
6,55,-295.43076,-119.023575,446.95346,339.7939,872.72437
6,56,-299.72308,-128.60286,457.56738,357.94125,900.1189
6,57,-302.74698,-139.0683,468.2683,376.26495,927.3796
6,58,-302.15613,-150.03978,478.95004,394.15878,951.9868
6,59,-297.81403,-160.09706,489.73364,412.12637,973.48395
6,60,-292.48392,-169.72351,500.60104,430.59003,994.66583
7,1,6.5622134,10.940367,9.072656,15.208797,4.9519515
7,2,13.092436,21.524189,19.287165,32.829853,12.891575
7,3,19.699408,32.29036,29.74011,51.37973,21.568954
7,4,26.214392,43.31123,40.467083,70.18326,30.417843
7,5,32.190838,54.9946,51.614044,89.04286,39.19879
7,6,35.612797,67.880745,62.940918,107.97339,48.520576
7,7,35.396584,81.47797,74.464096,127.164116,60.11235
7,8,30.187538,94.34767,85.89883,146.5233,76.32853
7,9,20.462646,104.36277,97.39556,165.39656,98.202835
7,10,9.070085,112.46032,108.790016,184.45245,122.99159
7,11,-2.526907,120.34412,120.36865,203.569,148.42406
7,12,-14.196738,128.36673,131.77177,222.8104,173.85744
7,13,-26.374357,136.89255,142.90181,240.78194,198.61375
7,14,-38.71596,145.7738,154.01851,260.04736,224.06477
7,15,-51.553932,154.94629,165.03378,278.89874,249.54848
7,16,-64.554,164.01292,176.13423,297.5678,275.2594
7,17,-77.70792,172.67596,186.90932,316.33466,301.09818
7,18,-91.38635,181.34329,197.50925,335.0759,327.25278
7,19,-105.11069,190.78717,208.44447,353.7103,353.35648
7,20,-119.21224,201.14638,219.50322,372.48145,379.5838
7,21,-133.79901,212.05246,230.58266,391.64346,406.23505
7,22,-148.66945,223.12416,241.60733,410.41647,432.89072
7,23,-162.925,233.96005,252.56561,429.0952,459.03177
7,24,-176.37395,244.47449,263.4719,447.54077,484.4587
7,25,-189.23685,254.69283,274.3594,465.58316,509.30954
7,26,-202.18361,264.48596,284.97333,483.7305,534.21906
7,27,-216.71669,272.5697,295.67426,502.0542,561.43353
7,28,-233.19295,275.44098,306.356,519.94806,592.3654
7,29,-249.61371,272.43207,317.1396,537.91565,625.8521
7,30,-265.70938,267.8152,328.00696,556.3793,660.1275
7,31,-281.92706,263.2864,338.8461,574.9332,694.61005
7,32,-298.19275,258.68518,349.465,593.24786,728.96686
7,33,-314.4158,253.90492,359.89337,610.8401,762.9519
7,34,-330.7919,248.99536,370.2603,628.2306,797.0531
7,35,-347.3287,243.98651,380.45105,645.1933,831.0417
7,36,-364.53488,239.16777,390.62326,662.67004,865.8048
7,37,-382.05374,234.54366,400.7648,679.9713,900.67236
7,38,-399.91415,229.92802,410.96426,697.42725,935.9911
7,39,-418.13828,225.12288,421.1756,714.84216,971.737
7,40,-436.7411,220.08961,431.35764,731.89056,1007.7379
7,41,-455.84567,214.83173,441.35934,748.54803,1043.9492
7,42,-476.10773,209.2959,451.37534,765.2376,1081.34
7,43,-496.73572,203.27231,461.3733,782.4152,1119.5443
7,44,-517.1621,196.96883,471.41177,799.7911,1157.8744
7,45,-538.03107,190.58072,481.60852,817.2114,1196.8003
7,46,-558.4276,184.37996,491.90805,834.50934,1235.2625
7,47,-577.7425,178.41042,502.22238,852.29816,1272.9685
7,48,-596.55493,172.56116,512.5162,869.26013,1309.7435
7,49,-614.87805,166.84822,522.8908,886.82404,1346.4335
7,50,-633.15045,160.67154,533.4446,904.7743,1383.7025
7,51,-650.43744,151.16615,543.97296,923.141,1422.1678
7,52,-665.8344,138.26807,554.3881,941.3252,1460.7682
7,53,-679.8228,123.381325,564.68243,958.9294,1498.9777
7,54,-693.4107,108.26292,574.68585,976.0847,1536.6143
7,55,-706.9176,93.17828,584.6327,992.8549,1574.014
7,56,-720.65106,77.70585,594.3215,1009.4374,1611.6068
7,57,-734.77155,61.470894,603.65717,1025.4972,1649.466
7,58,-748.903,44.647537,612.7555,1041.3247,1687.4475
7,59,-762.22314,28.22591,621.549,1056.8108,1724.1846
7,60,-778.0713,15.16972,630.3695,1071.8584,1760.7659
8,1,3.2027037,5.323682,9.754434,16.728275,13.152564
8,2,6.3198366,10.497023,20.373314,35.042908,28.284285
8,3,9.350608,15.624483,30.801699,52.63512,42.777756
8,4,12.366143,20.782331,41.16865,70.025635,57.048115
8,5,15.382455,25.975327,51.35939,86.98829,70.83023
8,6,18.77827,31.548294,61.531593,104.46507,84.526344
8,7,22.389624,37.27974,71.673134,121.76634,97.81027
8,8,26.218124,43.28674,81.87259,139.22223,110.91004
8,9,30.250381,49.682457,92.08393,156.63718,123.542305
8,10,34.492542,56.508102,102.26595,173.6856,135.36543
8,11,39.018295,63.860844,112.26766,190.34303,146.1616
8,12,44.20707,72.25568,122.28366,207.03261,155.75871
8,13,49.525013,81.2041,132.28163,224.21022,165.22533
8,14,54.741802,90.29442,142.3201,241.5861,174.8117
8,15,60.230736,99.80875,152.51686,259.00644,184.01259
8,16,65.51532,108.92842,162.81639,276.30438,193.60323
8,17,70.21171,117.12007,173.13072,294.09317,204.72372
8,18,74.63625,124.86802,183.42451,311.0551,215.6398
8,19,78.790344,132.15567,193.79915,328.61905,227.65079
8,20,82.81537,139.6235,204.35292,346.56934,239.99574
8,21,85.60183,148.10042,214.8813,364.936,252.4497
8,22,86.7403,157.309,225.29645,383.1202,264.93115
8,23,86.777054,166.92773,235.59076,400.72437,277.13965
8,24,86.60254,176.43901,245.5942,417.87976,289.0882
8,25,86.41199,185.8678,255.54103,434.64996,300.82755
8,26,86.16969,195.73505,265.22977,451.23242,311.99588
8,27,85.79935,206.42699,274.5655,467.29224,321.99896
8,28,85.22162,217.56529,283.6638,483.11972,331.50937
8,29,84.50969,227.86916,292.45734,498.60577,341.38034
8,30,85.781334,237.50473,301.27786,513.6534,350.28107
8,31,90.97969,244.68419,310.01263,528.29553,358.34454
8,32,98.735664,247.8198,318.53653,542.72034,367.80258
8,33,106.85101,249.20929,326.80063,557.07635,378.36487
8,34,115.128265,250.45485,334.75934,570.9051,388.4922
8,35,123.42667,251.60307,342.59348,584.18475,398.30222
8,36,131.9611,252.77263,350.2791,596.9855,407.60916
8,37,140.55086,253.94594,357.7597,609.23083,416.42172
8,38,149.7707,255.28159,365.1827,621.38,424.77097
8,39,158.75992,256.65863,372.75232,634.23615,434.00177
8,40,167.70796,258.03024,380.54077,647.4049,443.7459
8,41,177.04768,259.48672,388.4339,659.9341,452.8159
8,42,186.57504,260.83423,396.36734,673.7869,463.1876
8,43,195.98141,261.3262,404.37903,688.54834,475.3402
8,44,205.13763,261.44193,412.55716,702.8029,487.67038
8,45,214.19511,261.1544,420.89737,717.2006,500.7035
8,46,222.86748,258.4945,429.37442,731.56476,516.17883
8,47,229.43369,252.08318,437.78763,746.381,536.4156
8,48,231.92699,242.8005,446.30045,760.88354,560.6835
8,49,233.1023,232.77594,454.78976,775.6358,586.38055
8,50,235.09743,222.59398,463.3467,790.08093,611.6692
8,51,237.80927,212.3728,471.7333,804.3294,636.5007
8,52,240.94975,202.11215,479.84756,817.8153,660.426
8,53,244.22934,191.85443,487.4068,830.9299,683.77826
8,54,247.5873,181.31215,494.47916,843.8593,707.0533
8,55,250.95416,170.43669,501.4194,855.86475,729.7564
8,56,254.46417,159.08627,508.01367,867.4741,752.3966
8,57,257.44775,147.16458,514.4714,878.88336,775.5472
8,58,256.90494,134.42375,520.8987,890.2034,800.5595
8,59,253.13159,121.88095,527.299,901.67236,826.5848
8,60,249.29695,109.98589,533.51965,913.5188,852.31903
9,1,5.305232,4.2089877,7.8571415,13.167407,9.314802
9,2,11.645048,4.637999,16.38106,27.592178,23.437666
9,3,17.981396,3.6104817,24.645159,41.94821,38.91256
9,4,24.473349,2.4671524,32.603863,55.77697,53.926266
9,5,30.901031,1.2553439,40.43798,69.05663,68.46874
9,6,37.521065,-0.0017077923,48.123646,81.85732,82.54281
9,7,44.161312,-1.265601,55.604237,94.10269,96.05234
9,8,51.441418,-2.5901818,63.027233,106.25189,109.45697
9,9,58.647167,-3.8407197,70.59684,119.108,123.52807
9,10,65.90348,-5.099331,78.38529,132.2768,137.942
9,11,73.580734,-6.410413,86.27843,144.80592,151.74852
9,12,81.45742,-7.870926,94.21187,158.65877,167.01741
9,13,89.01808,-9.976331,102.22356,173.42017,183.8713
9,14,96.26612,-12.307701,110.40167,187.6748,200.48146
9,15,103.32073,-14.927514,118.74188,202.07246,217.54724
9,16,109.447296,-19.314672,127.218925,216.43663,236.4202
9,17,112.934845,-26.12147,135.63216,231.25282,258.3732
9,18,112.438385,-34.19184,144.14497,245.75539,281.73703
9,19,110.676125,-42.577682,152.6343,260.50766,305.97583
9,20,109.525375,-51.356068,161.19124,274.95282,330.3738
9,21,108.94179,-60.391075,169.57784,289.20126,354.81198
9,22,108.69475,-69.59796,177.6921,302.6872,378.62497
9,23,108.561615,-78.84596,185.25131,315.80176,402.03
9,24,108.41388,-88.388306,192.32367,328.73117,425.47565
9,25,108.180954,-98.24936,199.26392,340.73663,448.3356
9,26,107.933075,-108.60614,205.8582,352.34598,471.23898
9,27,107.0874,-119.34122,212.3159,363.75522,494.4241
9,28,103.06351,-129.82687,218.74321,375.07532,517.98456
9,29,96.37403,-139.27544,225.14352,386.54425,541.3575
9,30,89.85593,-148.10902,231.36417,398.39066,564.52325
9,31,84.330605,-157.1036,237.48552,410.32297,587.73236
9,32,79.58736,-166.19073,243.68472,421.97205,610.6254
9,33,75.22972,-174.78908,250.22414,433.15833,632.63184
9,34,71.01684,-182.83444,256.67065,444.1677,653.9106
9,35,66.77067,-191.11682,262.62872,454.7269,674.88855
9,36,62.466393,-199.78386,268.33716,464.48526,695.4396
9,37,58.07972,-208.34937,273.5064,473.48526,715.0574
9,38,53.530056,-217.3222,278.2575,481.84958,734.40015
9,39,49.061096,-226.52852,282.5857,488.93524,752.6102
9,40,44.52786,-236.39165,286.4433,495.54922,770.88293
9,41,39.72207,-247.13962,289.7452,500.98233,788.7953
9,42,35.214195,-257.4817,292.61407,506.24976,805.94073
9,43,30.862448,-267.64447,295.2879,510.99988,822.31854
9,44,26.970514,-276.94247,297.49374,514.95764,836.8325
9,45,23.255322,-285.94962,299.1038,517.92664,849.8879
9,46,19.488207,-295.08572,300.25272,520.0954,862.1769
9,47,15.419341,-304.1129,301.0245,521.4313,873.55225
9,48,10.979248,-313.34708,301.39355,521.89014,884.28595
9,49,6.626759,-322.8876,301.6321,522.2071,895.10516
9,50,2.2464576,-333.05066,301.70642,522.37994,906.33203
9,51,-2.219606,-343.684,301.79108,522.50867,917.9936
9,52,-6.808304,-354.58737,301.88998,522.6525,929.97015
9,53,-11.300847,-364.4449,301.98788,522.8089,940.9405
9,54,-15.712188,-373.69162,302.08325,523.03656,951.3755
9,55,-19.94557,-382.582,302.10718,523.29175,961.41833
9,56,-23.854929,-390.8188,302.1343,523.58594,970.77545
9,57,-27.644186,-398.72415,302.17477,523.8372,979.74493
9,58,-31.674984,-406.9036,302.2325,523.998,988.9752
9,59,-35.68059,-415.11755,302.29718,524.23175,998.30164
9,60,-39.729233,-423.47293,302.35468,524.4539,1007.76324
10,1,3.3934138,7.614887,5.5108895,10.736303,3.7718618
10,2,6.253175,15.162401,11.710097,22.385376,9.052589
10,3,8.872192,22.343292,18.249506,33.57164,14.629074
10,4,11.417911,29.047693,24.696037,44.581005,20.435078
10,5,13.952686,35.89489,30.654106,55.14023,25.481768
10,6,16.509401,43.082268,36.36255,64.89858,29.497442
10,7,19.154339,50.23636,41.531796,73.89857,32.56763
10,8,21.921585,57.81517,46.28287,82.26289,34.513237
10,9,24.62349,65.63349,50.611076,89.34857,35.18181
10,10,27.353489,74.10818,54.46869,95.962555,34.825966
10,11,30.273981,83.50649,57.770573,101.395645,32.803726
10,12,32.982063,92.52003,60.63946,106.66306,31.063759
10,13,35.608395,101.47106,63.31328,111.4132,29.434788
10,14,37.90933,109.55686,65.51913,115.370964,28.215328
10,15,40.097355,117.40079,67.12916,118.33999,27.048115
10,16,42.331047,125.41214,68.27808,120.50872,26.406292
10,17,44.83463,133.38445,69.04987,121.84462,26.824348
10,18,47.647243,141.62231,69.418945,122.30348,29.107117
10,19,50.367393,150.14857,69.657486,122.62043,33.614082
10,20,53.072853,159.28934,69.7318,122.793274,40.118362
10,21,55.821835,168.90529,69.81645,122.92199,48.06572
10,22,58.660347,178.8075,69.915375,123.06587,56.866547
10,23,61.48616,187.6767,70.01327,123.22221,65.01609
10,24,64.28038,195.94339,70.10862,123.44988,72.72742
10,25,66.94311,203.84003,70.132545,123.70507,80.1984
10,26,69.36493,211.05238,70.15969,123.999245,87.05677
10,27,71.70252,217.92651,70.20014,124.25054,93.68802
10,28,74.23222,225.10791,70.2579,124.41133,100.77498
10,29,76.73889,232.3191,70.32257,124.645065,107.86504
10,30,79.27523,239.67514,70.38006,124.86723,115.151985
10,31,81.97994,247.40704,70.44473,125.05649,122.89312
10,32,84.847855,255.4373,70.4955,125.32336,130.90314
10,33,87.76767,263.90967,70.51939,125.534515,139.446
10,34,90.864586,272.7657,70.53974,125.77314,148.39107
10,35,93.87271,281.10684,70.53974,126.106895,156.74632
10,36,96.67699,288.82425,70.52298,126.40695,164.5096
10,37,99.19967,296.42706,70.495834,126.713066,172.12422
10,38,100.183525,304.4467,70.47188,126.99116,179.92567
10,39,98.29999,312.18082,70.448296,127.191315,187.0744
10,40,94.17401,318.91385,70.4108,127.3973,192.98517
10,41,88.51633,324.4755,70.37361,127.54725,197.76222
10,42,81.41111,327.90372,70.34615,127.68641,200.52283
10,43,73.74637,328.0692,70.33937,127.8532,200.245
10,44,66.69878,325.01007,70.71058,128.3127,196.73828
10,45,60.508648,320.2486,71.70859,130.07744,190.50067
10,46,54.469917,314.93646,73.42514,133.33028,182.59274
10,47,48.16057,309.29727,75.533745,137.64064,173.82545
10,48,41.20398,303.41315,78.28463,142.44382,165.18504
10,49,33.580147,297.09604,81.254036,147.74559,156.77486
10,50,25.398943,290.6758,84.25047,153.26888,149.47966
10,51,17.616022,284.54956,87.80466,159.53548,143.37004
10,52,10.65337,279.03333,91.68454,166.43935,138.72078
10,53,3.5746775,273.3645,95.8918,173.53091,135.97498
10,54,-3.6726656,267.40106,100.63038,181.41719,135.17526
10,55,-10.972014,261.16888,105.988106,190.70619,136.54546
10,56,-18.117483,254.41322,111.936325,199.79025,141.05907
10,57,-25.169666,247.1517,118.314445,208.96819,148.47784
10,58,-32.041786,239.10205,124.76597,218.48102,158.15782
10,59,-38.9917,230.5994,131.16924,228.1164,170.17905
10,60,-45.79824,221.89575,137.50714,237.90085,184.0028
11,1,-8.505474,-0.337585,0.057889935,0.17224094,8.578527
11,2,-17.03056,-0.6368691,0.10865391,0.43910876,17.172955
11,3,-25.996742,-1.0647514,0.13254283,0.65027344,26.185509
11,4,-35.3079,-1.4687119,0.15290272,0.88889223,35.53909
11,5,-44.290848,-1.7708268,0.15290272,1.2226521,44.54445
11,6,-52.86979,-2.0386088,0.13613975,1.5227033,53.12543
11,7,-61.42969,-2.5473387,0.10899325,1.828823,61.694088
11,8,-69.79631,-4.7521653,0.085036464,2.106916,70.21716
11,9,-76.74667,-9.699675,0.061454654,2.3070667,77.74092
11,10,-81.812584,-16.48554,0.023956839,2.5130582,84.01289
11,11,-85.10664,-24.34019,-0.013233862,2.6630073,89.27519
11,12,-85.69787,-32.79628,-0.04068747,2.802165,92.75992
11,13,-82.80345,-40.52929,-0.047474094,2.9689574,93.49143
11,14,-76.92849,-46.35896,0.32373363,3.4284508,91.90589
11,15,-69.69901,-50.64722,1.3217472,5.1931915,90.34434
11,16,-61.99404,-54.557064,3.0383022,8.4460335,90.5461
11,17,-53.88252,-58.592976,5.146903,12.756393,92.6024
11,18,-45.31155,-63.15348,7.897786,17.559568,96.673836
11,19,-36.0944,-68.1783,10.867195,22.861343,102.43832
11,20,-26.582285,-73.69658,13.863629,28.384636,109.80185
11,21,-17.488142,-78.95445,17.417812,34.65123,118.84728
11,22,-9.261812,-83.67605,21.297699,41.5551,128.90587
11,23,-0.84772587,-88.446945,25.504961,48.646667,139.60345
11,24,7.906764,-93.25846,30.243538,56.532948,151.44768
11,25,16.93597,-98.00934,35.601265,65.821945,164.89113
11,26,26.408463,-102.396034,41.549484,74.90601,177.94737
11,27,36.326706,-106.48498,47.927605,84.08394,190.92169
11,28,46.92396,-110.07823,54.37913,93.59677,203.8114
11,29,57.97496,-113.56355,60.782387,103.23215,216.81387
11,30,69.16447,-116.82905,67.1203,113.0166,229.85474
11,31,81.61173,-120.3428,73.489235,123.23486,243.71306
11,32,94.076416,-124.19226,79.94961,134.09114,258.66943
11,33,106.47864,-127.94774,86.46431,145.32132,274.00098
11,34,119.192245,-131.51587,93.304276,156.83885,289.5145
11,35,132.20407,-135.16512,100.26692,168.34344,305.18423
11,36,144.53607,-138.62573,107.36521,180.32147,321.1059
11,37,155.79549,-141.82721,114.39245,192.99132,337.36874
11,38,166.0832,-144.64957,121.80144,205.2514,352.6919
11,39,176.57106,-147.37546,129.40398,217.59987,368.0105
11,40,187.56519,-150.13928,136.97537,229.30623,382.8031
11,41,197.99908,-152.28433,144.43332,241.72331,397.63214
11,42,208.24951,-153.90245,151.65,254.08174,411.89148
11,43,218.69672,-154.98718,158.55913,267.0022,426.25293
11,44,228.42453,-155.42589,165.05809,279.68784,439.70358
11,45,237.62492,-155.52187,171.45012,291.83777,452.22754
11,46,246.56773,-155.27356,177.85928,304.33917,464.72003
11,47,255.82875,-154.68788,184.71509,316.40353,476.42868
11,48,265.54416,-154.01755,191.976,328.5889,488.18158
11,49,274.8169,-153.20474,199.7412,341.13046,500.00366
11,50,283.3547,-151.71646,207.95683,354.45618,511.75735
11,51,290.4246,-147.93263,216.82169,367.96213,521.1188
11,52,294.21924,-141.73537,225.77121,381.99826,528.1875
11,53,293.19458,-135.15538,234.63412,396.73364,535.103
11,54,288.72455,-130.64502,243.36311,412.0497,544.58716
11,55,283.02066,-127.59142,252.26816,427.6489,556.09125
11,56,277.29465,-125.048325,261.32553,443.0755,568.3482
11,57,271.61926,-122.689476,270.4695,458.2578,580.94836
11,58,265.9604,-120.39875,279.53223,473.50714,594.0609
11,59,260.16742,-118.03912,288.49222,488.98404,607.68365
11,60,254.03069,-115.8001,297.5207,504.4231,621.7461
12,1,5.3963084,8.819637,5.724876,9.234403,0.5291379
12,2,10.87841,17.371971,12.185254,20.090677,3.0164888
12,3,16.040699,25.569962,18.699953,31.320856,6.3359623
12,4,21.075214,33.93626,25.53992,42.83839,9.958992
12,5,26.238043,42.519096,32.502563,54.342987,13.380905
12,6,31.130703,50.65002,39.600853,66.321014,17.813576
12,7,35.614952,58.044487,46.628098,78.99085,23.665155
12,8,39.663155,64.86168,54.03708,91.25094,30.050003
12,9,43.66577,71.81374,61.639626,103.59941,36.515587
12,10,47.87213,79.2567,69.21102,115.30578,41.891342
12,11,51.54333,86.468414,76.66897,127.722855,48.303482
12,12,54.92028,93.93635,83.88564,140.08128,54.48254
12,13,57.992294,101.819984,90.79477,153.00174,60.791233
12,14,60.39755,109.24738,97.29373,165.68736,67.42996
12,15,62.419403,116.31741,103.68576,177.83731,74.07841
12,16,64.120766,123.25923,110.094925,190.33871,81.322075
12,17,65.64239,130.57925,116.95074,202.40308,88.26782
12,18,67.213844,138.36261,124.21164,214.58842,95.17943
12,19,68.5656,145.7626,131.97684,227.13002,103.15833
12,20,69.22335,152.62718,140.19247,240.45572,112.91798
12,21,67.836296,158.7351,149.05733,253.96167,125.15972
12,22,64.05623,162.76627,158.00685,267.9978,141.06877
12,23,59.156933,163.32538,166.86977,282.7332,160.81131
12,24,55.12154,161.0533,175.59875,298.04922,182.4353
12,25,51.85001,157.60875,184.5038,313.64844,204.8058
12,26,48.96759,154.08826,193.56117,329.07504,226.99709
12,27,46.243343,150.5927,202.70514,344.25735,248.97046
12,28,43.57647,147.10455,211.76788,359.50668,270.9299
12,29,40.810368,143.50284,220.72784,374.98355,293.17847
12,30,38.01844,139.57516,229.75635,390.42264,315.7339
12,31,35.041237,135.35075,238.9161,405.8057,338.68988
12,32,31.947647,130.97943,247.86115,421.27924,361.79083
12,33,28.905079,126.66607,256.74243,436.68762,384.73785
12,34,25.259676,121.55389,265.57986,451.58588,408.2584
12,35,21.331736,115.97181,274.2784,466.45282,432.2256
12,36,17.27386,110.15533,282.90088,481.4704,456.5442
12,37,13.077665,104.02161,291.63156,496.25116,481.07825
12,38,8.466513,97.42572,300.47525,510.96384,506.2439
12,39,3.4705248,90.21377,308.24655,525.6903,531.5339
12,40,-1.56354,82.97079,315.97986,540.63007,557.033
12,41,-6.37032,76.160194,323.6144,555.2308,581.72034
12,42,-10.584353,70.23732,332.43497,569.69727,605.9064
12,43,-14.513809,64.673615,340.66104,583.8797,629.0661
12,44,-18.280891,59.243965,348.80865,598.0498,651.97125
12,45,-22.009787,53.846573,356.92532,611.7463,674.4212
12,46,-25.733633,48.481693,365.14124,625.4071,696.8688
12,47,-29.441635,43.178165,373.3614,638.5471,718.82855
12,48,-33.12166,37.9388,381.71844,651.87537,740.9524
12,49,-36.83356,32.65673,390.4912,664.9934,763.1881
12,50,-40.47103,27.345829,399.62656,677.6825,785.2539
12,51,-44.05195,22.052065,409.74377,689.48883,807.09503
12,52,-47.58945,16.843931,420.61453,700.3775,828.5126
12,53,-51.07095,11.742977,432.53024,710.10406,849.45764
12,54,-54.68227,6.793547,445.33496,718.4317,869.73914
12,55,-58.524082,1.8387828,458.6678,725.6837,889.62854
12,56,-62.482338,-3.2450829,472.32263,732.28204,909.4045
12,57,-66.575294,-8.427198,486.33035,738.27826,929.1252
12,58,-70.938156,-13.944316,500.4312,743.7738,948.9993
12,59,-75.46122,-19.837837,514.3488,749.12115,969.10986
12,60,-80.18181,-26.158497,527.77496,754.07513,989.1289
13,1,1.6421592,2.7681253,8.250456,13.83743,12.891822
13,2,3.0472636,5.125721,17.195492,29.310982,28.01962
13,3,4.217877,7.0978484,26.076765,44.71938,43.51081
13,4,5.867352,9.843651,34.914204,59.617603,57.62956
13,5,7.728235,12.98559,43.612762,74.48457,71.2027
13,6,9.733767,16.403158,52.235226,89.50213,84.55669
13,7,11.912989,20.19587,60.965916,104.282906,97.34895
13,8,14.465997,24.536715,69.80959,118.99558,109.47782
13,9,17.37775,29.536417,77.580894,133.72205,120.32899
13,10,20.367823,34.652405,85.3142,148.66183,131.21045
13,11,23.161291,39.35382,92.94874,163.26251,142.20988
13,12,25.427391,43.1349,101.7693,177.72897,154.73737
13,13,27.443462,46.525448,109.99539,191.91144,167.18823
13,14,29.323456,49.74823,118.143,206.08156,179.80272
13,15,31.172613,52.93262,126.25967,219.77805,192.03891
13,16,33.013435,56.086704,134.47559,233.43884,204.32413
13,17,34.834778,59.183212,142.69572,246.57886,216.22006
13,18,36.62791,62.216743,151.05278,259.90714,228.41748
13,19,38.44872,65.29541,159.82556,273.02515,240.59091
13,20,40.223003,68.37955,168.9609,285.71423,252.60208
13,21,41.95672,71.43391,179.07811,297.5206,264.41913
13,22,43.649094,74.40223,189.94887,308.40924,275.9763
13,23,45.288433,77.26256,201.86458,318.1358,287.2908
13,24,46.990974,80.02782,214.66931,326.4634,298.07135
13,25,48.851612,82.86109,228.00214,333.71542,308.2577
13,26,50.813137,85.834984,241.65698,340.31378,318.08932
13,27,52.884365,88.92818,255.6647,346.31,327.66638
13,28,55.196877,92.37728,269.76556,351.8055,336.66412
13,29,57.674377,96.190994,283.68317,357.1529,345.22614
13,30,60.34708,100.42561,297.1093,362.1069,352.89294
13,31,63.287285,105.10109,309.9791,366.8119,359.65176
13,32,66.30766,109.77425,322.02594,371.1513,365.6635
13,33,69.3895,114.50939,332.88837,374.3314,370.05286
13,34,72.50856,119.31935,342.60626,377.4234,373.59134
13,35,75.89472,124.599915,350.82925,381.0729,375.9886
13,36,79.35977,129.9496,358.26132,384.4994,377.59988
13,37,83.02674,135.63654,365.06943,387.8728,378.37973
13,38,86.92025,141.75168,371.35947,391.16617,378.30313
13,39,90.78174,147.99869,377.39764,394.6616,378.14185
13,40,94.40461,153.91344,384.00302,397.57556,378.4686
13,41,97.940605,159.59694,391.08374,400.77194,379.60278
13,42,101.031944,165.53423,399.15305,404.1253,381.84015
13,43,102.512955,171.79356,408.31528,407.52573,386.11487
13,44,101.535934,178.11034,417.9676,410.72992,392.7351
13,45,99.39844,184.36958,428.01642,414.13342,400.9753
13,46,96.97042,190.94586,439.00327,417.62857,410.331
13,47,94.70491,197.55179,450.95288,421.39276,420.73438
13,48,93.60661,204.41301,463.41077,425.56143,430.8848
13,49,95.23531,211.22789,475.78735,429.88937,438.8994
13,50,99.78882,216.99953,488.20078,435.50027,445.6528
13,51,106.151405,221.55048,501.28418,440.64783,451.81143
13,52,113.50104,224.80727,514.90045,445.54016,458.08786
13,53,121.147125,227.97823,528.9427,450.41394,464.51575
13,54,129.0791,231.39236,543.1099,454.4612,470.29907
13,55,137.19325,234.82576,557.52515,460.23587,476.95767
13,56,145.33022,237.93597,572.5078,465.92105,484.20853
13,57,154.01445,241.12057,588.81476,471.108,491.87958
13,58,163.1368,244.48141,605.51996,476.64896,499.6045
13,59,172.65456,247.67966,622.02026,482.63757,507.08456
13,60,181.91666,250.275,638.3122,488.44183,514.8013
14,1,6.7395573,2.640426,11.55638,4.1967764,5.0620165
14,2,13.186907,5.09204,23.60324,8.536186,10.970967
14,3,19.580276,7.510909,34.465652,11.716276,15.468016
14,4,25.94412,9.93245,44.18356,14.808291,18.87991
14,5,32.71408,12.548034,52.406548,18.457806,20.560123
14,6,39.60064,15.172599,59.838615,21.884295,21.32188
14,7,46.931705,17.983797,66.64671,25.257706,21.014072
14,8,54.742096,21.0304,72.93677,28.551077,19.687729
14,9,62.78998,24.293814,78.974945,32.04649,17.945948
14,10,70.6698,27.526539,85.58031,34.960464,16.660927
14,11,78.50021,30.675346,92.66103,38.15683,16.015661
14,12,86.12994,34.444485,100.73035,41.5102,16.220243
14,13,92.44122,39.83146,109.89257,44.91063,18.175465
14,14,96.24779,47.170803,119.54488,48.114822,23.316216
14,15,98.782616,55.2837,129.5937,51.518303,31.04032
14,16,101.22728,63.842358,140.58057,55.013466,40.33151
14,17,103.8637,72.319244,152.53017,58.77765,50.51534
14,18,107.89461,80.19243,164.98807,62.946335,59.64135
14,19,114.6805,85.958084,177.36465,67.27426,65.40939
14,20,123.59255,88.43341,189.77806,72.885185,67.98727
14,21,133.31175,88.32637,202.86147,78.03271,70.30734
14,22,143.01863,86.20875,216.47777,82.925064,73.53249
14,23,152.90262,83.80272,230.51996,87.79884,77.720146
14,24,163.16579,81.448845,244.68723,91.846115,82.1818
14,25,173.58405,78.99167,259.10242,97.620766,87.52391
14,26,183.8131,76.19575,274.0851,103.30594,94.254974
14,27,194.52025,73.1119,290.39203,108.49289,102.19204
14,28,205.68604,69.91415,307.09723,114.033844,110.59285
14,29,217.05899,66.29943,323.59756,120.02247,119.31736
14,30,227.8387,62.25781,339.88947,125.82673,128.82693
14,31,238.54431,57.770195,356.10623,131.83295,138.94638
14,32,249.324,53.038948,372.3428,137.7574,149.36815
14,33,260.3242,48.3605,388.31458,143.8923,159.7118
14,34,271.59726,44.67605,404.22772,150.24002,169.5128
14,35,283.4527,42.942574,420.93292,156.05486,178.03146
14,36,295.40192,42.936035,437.85373,161.83948,185.5547
14,37,307.1864,44.56464,454.69257,167.57553,192.06705
14,38,318.23602,48.873222,471.31253,173.19357,197.20033
14,39,327.42078,56.273823,487.76337,178.74165,201.76253
14,40,334.5904,65.65455,504.01645,184.39322,206.89142
14,41,340.7606,75.77396,519.9835,189.99484,212.52592
14,42,346.57275,86.240074,535.55994,195.17456,218.135
14,43,352.33817,97.152176,550.7459,200.4223,223.67465
14,44,358.44412,108.1503,565.4745,205.53793,228.79231
14,45,365.05942,119.42735,579.6341,210.90198,233.2593
14,46,372.2765,130.19167,592.79376,216.51402,236.81093
14,47,379.4087,140.50183,604.1451,223.22855,239.47893
14,48,386.1207,150.91617,614.1913,230.95288,241.70657
14,49,392.35156,161.56645,622.62,239.21799,243.00888
14,50,398.7539,172.10112,629.4895,247.63197,242.7835
14,51,408.27682,179.73544,634.83203,255.53206,238.89828
14,52,420.2436,182.27531,639.3159,261.68225,233.01962
14,53,432.62015,181.66457,644.52356,265.01044,227.70505
14,54,444.79993,179.0902,650.3471,265.3298,222.90562
14,55,456.92523,176.61546,656.2114,262.63965,217.06024
14,56,469.04044,174.38812,660.7515,255.81061,208.2853
14,57,480.97305,171.69121,664.6033,247.41039,198.62894
14,58,492.4911,167.10724,668.9716,237.42296,189.97282
14,59,502.58295,159.76257,674.1335,225.48344,183.70853
14,60,510.9068,150.53203,679.9628,213.05904,180.24863
15,1,7.708029,2.9036772,14.586552,5.372395,7.3081217
15,2,15.3418255,5.7043486,30.823126,11.296848,16.460459
15,3,22.839405,8.562809,46.794903,17.431767,25.544554
15,4,29.850391,11.955545,62.708065,23.77948,34.92037
15,5,36.236797,16.528442,79.41327,29.594307,45.110138
15,6,41.86423,21.942312,96.33405,35.37893,56.102623
15,7,46.657497,28.031635,113.172905,41.11499,67.789925
15,8,49.88785,35.03096,129.79286,46.73303,80.75735
15,9,50.848095,42.614296,146.24371,52.281105,95.884155
15,10,49.977375,50.217686,162.49678,57.932667,112.783585
15,11,48.30586,57.72581,178.46382,63.534306,130.28749
15,12,46.302658,65.26582,194.04027,68.71402,147.77785
15,13,44.042088,73.11134,209.22626,73.961754,165.18636
15,14,41.884167,81.22994,223.95483,79.077385,182.08339
15,15,39.80349,89.8788,238.11441,84.44143,198.38545
15,16,38.26116,98.55247,251.27408,90.053474,213.1824
15,17,36.90734,106.86609,262.6254,96.768,225.94382
15,18,35.30819,115.00081,272.6716,104.49234,237.59592
15,19,33.36978,123.017044,281.1003,112.75744,247.94289
15,20,31.567205,131.05858,287.96982,121.171425,256.59317
15,21,32.6072,139.11191,293.31238,129.07152,260.89844
15,22,37.17654,145.86234,297.79623,135.22171,260.83682
15,23,43.440353,151.32625,303.0039,138.54988,259.87778
15,24,50.539215,155.76015,308.82745,138.86926,258.83994
15,25,57.545074,160.20412,314.69177,136.1791,258.26657
15,26,64.415436,164.75253,319.23187,129.35005,257.26398
15,27,71.3919,168.97559,323.08362,120.94984,256.2327
15,28,79.09192,172.12129,327.45193,110.96241,255.77942
15,29,87.41503,173.27278,332.6138,99.022896,256.1942
15,30,95.74465,172.68542,338.44315,86.598495,257.5141
15,31,103.656,170.54265,344.7193,73.93878,259.6995
15,32,111.10563,167.25986,351.40845,61.549038,262.5266
15,33,118.35267,163.5855,358.43826,47.468224,266.69144
15,34,125.46602,159.90579,364.8175,33.818268,270.5313
15,35,132.21068,155.40135,370.06155,20.094688,273.64383
15,36,137.31337,148.90958,373.56384,6.947459,275.62207
15,37,140.32239,141.04817,375.4657,-5.015008,276.81552
15,38,142.15335,132.66533,376.49588,-14.961055,276.96564
15,39,143.96748,124.106674,377.03207,-22.070747,275.11258
15,40,146.32733,115.20654,377.38858,-27.044386,271.3386
15,41,148.92493,105.7974,377.68442,-30.91041,266.49564
15,42,151.74547,95.76109,377.9386,-34.61139,261.0753
15,43,154.74791,85.657646,377.7417,-38.75728,255.35329
15,44,157.77841,75.66317,376.64377,-42.827217,248.88153
15,45,161.06798,65.30398,375.7412,-48.3005,242.87975
15,46,164.63269,54.568047,375.73648,-56.264965,238.4298
15,47,168.19817,43.642242,376.41702,-65.34738,235.01878
15,48,171.74126,32.45462,377.329,-75.375374,232.15002
15,49,175.39688,20.855352,378.10077,-86.49231,229.3739
15,50,178.95529,8.967636,378.5416,-98.32589,226.59787
15,51,182.41115,-3.1005363,378.93542,-110.729996,224.06671
15,52,185.87737,-15.682512,379.3355,-123.564476,221.50525
15,53,189.65817,-28.955624,379.72586,-136.81824,218.54077
15,54,193.45775,-41.907753,380.60553,-149.95493,216.09833
15,55,197.287,-54.085396,381.82162,-163.8733,214.72404
15,56,201.36328,-65.68311,383.1908,-178.52791,213.99812
15,57,205.57732,-77.01194,384.76468,-192.39629,213.12357
15,58,210.27864,-87.91489,386.20438,-206.8101,212.33449
15,59,216.51219,-97.60449,387.88278,-221.48328,211.45645
15,60,224.44037,-106.10365,389.27744,-235.5698,209.6014
16,1,0.26428297,-0.7494614,5.659458,-11.380975,11.922122
16,2,0.34122637,-1.1715183,12.348607,-23.770718,25.591034
16,3,0.37327963,-1.428104,19.378418,-37.851532,41.08359
16,4,0.39195865,-1.5875216,25.757656,-51.501488,55.989487
16,5,0.39273775,-1.7463448,31.001709,-65.22507,70.47309
16,6,0.31289428,-1.9948239,34.50401,-78.3723,83.681244
16,7,0.097682,-2.3017552,36.405846,-90.33476,95.22653
16,8,-0.24135187,-2.6570184,37.436054,-100.28081,104.642204
16,9,-0.67864716,-3.1096241,37.97223,-107.3905,111.213264
16,10,-1.3856072,-3.919121,38.328728,-112.36414,115.48832
16,11,-2.4405928,-5.1522326,38.624565,-116.23016,118.425735
16,12,-3.9238853,-6.902216,38.878773,-119.931145,120.86193
16,13,-5.4847093,-8.800264,38.68186,-124.077034,123.44805
16,14,-7.0018897,-10.666243,37.58393,-128.14697,125.656746
16,15,-8.769159,-12.898809,36.68136,-133.62025,128.99387
16,16,-10.785215,-15.5154,36.676636,-141.58472,134.70747
16,17,-12.932356,-18.272676,37.357193,-150.66714,141.62392
16,18,-15.258478,-21.206562,38.269157,-160.69513,149.40639
16,19,-17.85513,-24.472277,39.040924,-171.81206,157.94357
16,20,-20.652525,-27.887882,39.48177,-183.64565,166.96292
16,21,-23.582607,-31.379543,39.875572,-196.04976,176.47441
16,22,-26.870565,-35.21845,40.275665,-208.88423,186.19458
16,23,-30.607546,-39.65902,40.66603,-222.138,195.9043
16,24,-34.11432,-43.893078,41.545696,-235.27467,205.79443
16,25,-37.08109,-47.619328,42.761787,-249.19305,216.81064
16,26,-39.639286,-51.061848,44.130962,-263.84766,228.68155
16,27,-42.015,-54.382904,45.704834,-277.71603,239.94261
16,28,-44.103813,-57.642033,47.144547,-292.12985,251.61638
16,29,-45.49257,-60.877914,48.822952,-306.80304,263.39056
16,30,-46.305904,-64.40857,50.21759,-320.88956,274.04248
16,31,-46.644375,-68.082405,51.394688,-334.43307,283.82095
16,32,-46.364285,-71.91476,52.715332,-347.7116,293.05405
16,33,-44.852005,-75.94552,54.038296,-360.3722,301.1276
16,34,-41.717617,-79.64616,55.308754,-374.09164,310.01978
16,35,-37.908394,-83.06183,56.569515,-387.92374,319.1659
16,36,-33.88146,-86.58843,57.71313,-401.35785,327.8252
16,37,-29.518738,-90.35911,58.88249,-414.16498,335.65613
16,38,-24.73132,-94.53234,60.158806,-426.59485,342.74164
16,39,-19.625082,-99.10192,61.390987,-438.16943,348.61206
16,40,-14.376024,-103.82715,62.634956,-448.80185,353.46603
16,41,-9.174885,-108.375175,63.98668,-458.4935,357.68066
16,42,-4.270633,-112.29786,65.466995,-466.65732,361.15643
16,43,0.23267317,-115.272736,67.26082,-472.9066,363.86087
16,44,4.8144274,-117.49143,69.28502,-477.59055,365.82486
16,45,9.627197,-119.094955,71.20536,-480.94467,367.0519
16,46,14.651018,-120.11317,72.70914,-483.09293,367.5936
16,47,19.777029,-120.2209,74.464554,-485.17548,369.02924
16,48,24.681166,-119.08613,76.52406,-487.09546,371.64307
16,49,29.430534,-117.022804,78.51609,-488.58795,374.79337
16,50,34.04693,-114.63916,79.96866,-489.39377,377.5577
16,51,38.366253,-111.7341,81.912315,-490.20096,380.9638
16,52,42.572536,-108.38817,85.206764,-490.9564,384.93652
16,53,46.887306,-104.892944,90.11748,-491.08185,388.60098
16,54,51.324776,-101.27251,96.14896,-489.3822,390.68954
16,55,56.029682,-97.34102,102.28053,-485.36182,390.76758
16,56,60.98131,-93.18753,107.951096,-479.10413,388.76443
16,57,66.234634,-88.784225,113.92393,-471.48615,385.6618
16,58,71.84702,-84.23107,120.54192,-463.125,382.0102
16,59,77.76453,-79.540985,127.62538,-454.38562,378.14627
16,60,83.8001,-74.68972,134.85208,-445.29044,374.1005
17,1,1.2721974,-8.399624,1.0608184,-12.180524,3.7868042
17,2,3.80485,-15.950798,2.3814633,-25.459032,9.614184
17,3,8.4135,-22.453257,3.704426,-38.119633,16.358812
17,4,15.207889,-27.196072,4.9748845,-51.839073,26.683176
17,5,22.748314,-31.047997,6.2356467,-65.671165,38.35925
17,6,30.51717,-34.902557,7.379263,-79.1053,49.892338
17,7,38.65871,-38.876072,8.54862,-91.91242,60.987476
17,8,47.306656,-43.142105,9.824939,-104.342285,71.76588
17,9,56.36276,-47.757137,11.05712,-115.91688,81.84346
17,10,65.650215,-52.524487,12.301089,-126.549286,91.24582
17,11,74.998474,-57.15394,13.652813,-136.24092,100.090164
17,12,84.01256,-61.135803,15.133129,-144.40474,108.065216
17,13,92.536285,-64.008804,16.926952,-150.654,114.99635
17,14,101.0706,-65.67027,18.951153,-155.33798,121.58907
17,15,109.73006,-66.21588,20.871492,-158.69212,128.24858
17,16,118.44391,-65.703606,22.375267,-160.84036,135.20424
17,17,126.928406,-63.64821,24.130686,-162.92293,142.90851
17,18,134.56442,-59.61364,26.190191,-164.84288,151.05684
17,19,141.4541,-54.17173,28.18222,-166.33539,159.40894
17,20,147.97784,-48.270638,29.634792,-167.14122,167.73578
17,21,153.78494,-41.64996,31.578451,-167.94838,175.74332
17,22,159.14624,-34.451286,34.872894,-168.70384,182.94156
17,23,164.54823,-27.061932,39.78361,-168.82928,188.84966
17,24,170.02646,-19.51293,45.815086,-167.12965,192.92268
17,25,175.64915,-11.570391,51.946663,-163.10925,195.61783
17,26,181.448,-3.3462934,57.61723,-156.85158,197.22559
17,27,187.47568,5.1957855,63.59006,-149.23358,197.98
17,28,193.85915,13.941098,70.20805,-140.87244,198.13335
17,29,200.53568,22.872746,77.29151,-132.13306,198.0301
17,30,207.26567,32.00556,84.51822,-123.037865,197.75085
17,31,214.07259,41.465237,91.836815,-114.23596,197.95062
17,32,221.16634,51.431633,99.023224,-105.89621,199.17578
17,33,227.68738,60.65484,106.00319,-97.93072,199.89102
17,34,233.64091,68.69675,112.75219,-90.705605,200.05797
17,35,239.59355,76.36604,118.9556,-84.1695,200.81131
17,36,245.59807,84.28004,124.647285,-78.174416,202.53528
17,37,251.68224,92.31317,129.92714,-72.68528,205.05801
17,38,257.82675,100.09081,134.80772,-67.97425,208.27757
17,39,264.0683,107.983894,139.08438,-64.66353,213.13872
17,40,270.5669,116.575165,143.5581,-62.71684,219.71996
17,41,276.6363,125.04758,148.23425,-63.154278,227.83113
17,42,282.3722,133.77748,152.08333,-65.99138,238.50113
17,43,288.17078,143.36818,155.00485,-70.12409,251.61899
17,44,294.10458,153.82294,157.41606,-74.318756,265.9556
17,45,299.89612,164.27321,159.59679,-78.109886,280.05975
17,46,305.30664,174.6971,161.85011,-81.67588,293.78033
17,47,310.60828,185.22925,164.54349,-85.58474,307.69327
17,48,315.91415,196.16956,168.33786,-90.85794,322.74377
17,49,321.14355,207.19995,172.45956,-96.413795,338.06543
17,50,325.90402,217.25035,176.40091,-100.74984,351.39053
17,51,330.50906,226.85114,179.46494,-103.677605,363.40552
17,52,335.2173,236.38152,181.23882,-105.665504,375.1074
17,53,339.79205,245.10077,182.63098,-107.75968,386.27722
17,54,344.41168,254.361,183.75056,-110.69174,398.8427
17,55,349.12897,263.9319,185.54248,-115.00914,412.74307
17,56,354.12033,273.8732,189.1172,-120.133804,427.16223
17,57,358.9509,284.8094,194.06526,-126.16489,442.81726
17,58,363.33377,295.4099,199.85081,-133.11606,458.65146
17,59,367.37234,305.17584,206.00517,-140.50995,473.99915
17,60,371.11298,314.3974,211.9753,-148.01859,489.03308
18,1,3.9120703,4.899988,6.5860167,7.9117866,4.02752
18,2,7.974314,10.056087,13.772426,16.25154,8.485383
18,3,11.451555,14.508836,20.752396,24.217031,13.444505
18,4,14.254854,17.941805,27.501396,31.442144,18.913754
18,5,16.93191,21.071606,33.7048,37.97824,23.815208
18,6,19.711573,24.394512,39.39649,43.97333,27.763754
18,7,22.58811,27.839167,44.676346,49.462467,30.910473
18,8,25.58931,31.28749,49.556927,54.1735,33.139343
18,9,28.708162,34.86772,53.83359,57.48422,33.80522
18,10,32.215244,39.072693,58.307312,59.43091,33.094604
18,11,35.45044,43.1631,62.98345,58.99347,31.759523
18,12,38.569542,47.451267,66.83254,56.156364,29.57323
18,13,41.952183,52.488598,69.75406,52.02366,27.805763
18,14,45.630035,58.305798,72.16526,47.82899,28.52861
18,15,49.2119,64.100845,74.346,44.03786,32.159702
18,16,52.5365,69.82314,76.59931,40.471863,37.95414
18,17,55.81334,75.628136,79.2927,36.563004,45.57812
18,18,59.181477,81.80644,83.08706,31.289808,55.887447
18,19,62.518368,88.05858,87.20877,25.733953,67.03712
18,20,65.34529,93.359695,91.150116,21.397907,76.4486
18,21,67.97963,98.24208,94.21414,18.470144,83.97506
18,22,70.66653,103.08638,95.98802,16.48224,90.23001
18,23,73.07708,107.19352,97.38019,14.388065,95.93483
18,24,75.64964,111.78947,98.49977,11.456006,102.90253
18,25,78.35612,116.67968,100.29169,7.13861,111.715775
18,26,81.322136,121.94673,103.86641,2.0139415,122.03327
18,27,84.39731,128.09953,108.814476,-4.017139,134.35405
18,28,87.12149,133.89194,114.60003,-10.968305,147.44342
18,29,89.46345,138.87074,120.75437,-18.362206,160.31631
18,30,91.51452,143.30884,126.724495,-25.870834,172.80481
18,31,93.75219,148.24333,132.1133,-32.863148,185.12463
18,32,95.75395,152.90958,137.36266,-39.991924,197.33798
18,33,97.722176,157.8409,143.08354,-47.56143,210.35153
18,34,100.20502,162.39236,149.41019,-55.828636,223.6997
18,35,104.579575,165.25294,156.33011,-64.88836,235.88797
18,36,110.36466,165.809,163.91783,-74.56621,246.26852
18,37,115.86189,164.4838,172.03569,-84.72809,255.4644
18,38,120.38156,162.99727,180.36671,-95.097435,264.97375
18,39,124.57258,161.65746,188.7098,-105.43746,274.6876
18,40,128.39223,160.35703,196.8932,-115.63572,284.3666
18,41,131.85175,159.08473,204.86177,-125.49271,293.7938
18,42,134.38031,158.10854,212.69626,-135.06125,303.45004
18,43,137.19498,157.0232,220.438,-144.32684,312.63596
18,44,140.87637,155.58298,228.26274,-153.41664,321.1186
18,45,144.04079,154.35184,236.23552,-162.07884,329.58798
18,46,146.8534,153.17426,244.72307,-170.84572,338.4781
18,47,149.05548,152.25333,253.61497,-179.92607,348.2468
18,48,151.2918,151.28792,262.54242,-188.92073,357.9366
18,49,153.98566,150.1369,271.3481,-197.73378,367.1348
18,50,157.00938,148.85704,279.80743,-206.18709,375.68033
18,51,160.10548,147.54477,287.70563,-214.0639,383.46136
18,52,162.76056,146.41199,294.73523,-220.94865,390.3475
18,53,165.02522,145.43939,300.4359,-226.49889,395.82086
18,54,167.74103,144.25896,304.8398,-231.01646,399.53436
18,55,171.15762,142.7673,309.16693,-235.73248,402.8755
18,56,174.79611,141.20084,314.21313,-241.19022,407.01355
18,57,178.86151,139.4197,320.30142,-247.50946,411.97015
18,58,182.81622,137.6178,327.3223,-254.66255,418.05008
18,59,186.32147,135.97997,335.1289,-262.6562,425.50494
18,60,189.53412,134.48099,343.23508,-271.2657,433.88287
19,1,8.402849,-10.423215,4.8215804,-6.269546,5.4843826
19,2,17.263187,-20.86027,10.070933,-13.398321,10.363841
19,3,26.716667,-31.395496,15.791827,-20.96783,15.102594
19,4,34.95217,-43.12452,22.11847,-29.235037,18.910887
19,5,36.691803,-57.565037,29.03839,-38.294754,20.734478
19,6,31.275148,-71.80832,36.626118,-47.972607,24.428959
19,7,21.41838,-83.61126,44.743973,-58.134487,34.541992
19,8,11.123802,-94.08051,53.07499,-68.50383,49.133175
19,9,0.9771023,-104.57292,61.41807,-78.84386,65.689384
19,10,-9.2989,-114.80828,69.601494,-89.042114,83.00101
19,11,-19.647734,-124.62765,77.57005,-98.8991,100.56469
19,12,-29.479221,-133.66122,85.40455,-108.46765,117.61376
19,13,-39.536644,-142.90987,93.146286,-117.73324,135.05045
19,14,-50.33715,-152.74507,100.97103,-126.82304,153.5126
19,15,-60.738884,-162.25282,108.9438,-135.48524,171.781
19,16,-71.16278,-171.30457,117.43135,-144.25212,190.52449
19,17,-81.118744,-179.95703,126.32325,-153.33247,209.1436
19,18,-91.225914,-188.54015,135.25069,-162.32713,227.98853
19,19,-101.68899,-197.49295,144.05641,-171.14017,247.15434
19,20,-112.40313,-206.7237,152.51572,-179.59349,266.3044
19,21,-123.213,-216.02773,160.41391,-187.4703,285.06094
19,22,-133.70465,-225.01463,167.44351,-194.35506,302.70486
19,23,-143.915,-233.71852,173.1442,-199.90529,318.85715
19,24,-154.54486,-242.70009,177.5481,-204.42287,334.29163
19,25,-165.77945,-252.16132,181.87521,-209.13889,350.30658
19,26,-177.14966,-261.8364,186.92143,-214.5966,367.12308
19,27,-188.95164,-271.74957,193.00969,-220.91585,385.3291
19,28,-200.84622,-281.44797,200.03058,-228.06894,404.41504
19,29,-212.47305,-290.74408,207.83719,-236.06259,423.8523
19,30,-223.85193,-299.8521,215.94336,-244.67209,443.2434
19,31,-234.67874,-308.79852,224.39,-253.72296,462.3607
19,32,-245.93895,-318.21243,233.22385,-263.09753,482.3221
19,33,-257.5253,-328.0879,242.24379,-272.5037,502.85065
19,34,-269.46375,-338.2929,251.21866,-281.77844,523.7404
19,35,-282.25372,-348.51993,260.08072,-290.91327,545.3854
19,36,-295.73782,-359.20737,268.80548,-299.98062,567.6416
19,37,-309.46658,-369.70566,277.3995,-308.89417,590.00836
19,38,-322.50714,-379.48114,285.88028,-317.77765,611.5085
19,39,-334.64017,-388.6501,294.27847,-326.74567,631.95795
19,40,-345.9792,-397.15393,302.65997,-335.73495,651.5405
19,41,-356.4839,-404.97134,310.983,-344.5099,670.1997
19,42,-366.7022,-412.49396,319.0457,-352.87302,688.33484
19,43,-376.828,-420.15817,326.60123,-360.6751,705.9397
19,44,-387.26245,-428.22055,333.4437,-367.71774,723.24133
19,45,-398.1637,-436.76364,339.50534,-373.93396,740.3399
19,46,-409.25537,-445.63577,344.67886,-379.27878,756.84875
19,47,-420.32562,-454.73685,348.63574,-383.3079,772.2718
19,48,-431.28452,-463.96036,351.25507,-385.9693,786.4164
19,49,-442.09592,-472.86224,352.7734,-387.4656,799.4434
19,50,-452.81555,-481.29166,353.38336,-388.0802,811.5695
19,51,-463.53757,-489.5094,353.85046,-388.56818,823.5972
19,52,-473.87454,-497.40976,355.15424,-389.81656,835.9815
19,53,-483.61957,-505.01315,357.55527,-392.1527,848.7123
19,54,-493.36505,-512.62665,361.20013,-395.75043,862.52057
19,55,-503.06177,-520.04156,366.27094,-400.73193,877.48175
19,56,-512.8465,-527.0233,372.37683,-406.82565,893.34644
19,57,-523.7432,-532.4818,379.0902,-413.60498,910.6261
19,58,-535.8724,-533.7141,386.40375,-421.0546,929.13153
19,59,-547.55096,-529.6173,394.1848,-428.89008,947.1073
19,60,-557.731,-522.3079,402.39,-436.9784,963.90533
20,1,4.4013715,-4.539067,7.6265078,-8.166531,4.853864
20,2,9.080088,-9.292369,16.46035,-17.541107,11.068422
20,3,14.108203,-14.282347,25.48029,-26.947266,17.021297
20,4,19.505077,-19.621386,34.455166,-36.222023,22.34024
20,5,25.201832,-25.639713,43.317223,-45.356853,26.775604
20,6,31.492577,-32.3431,52.04198,-54.424183,30.163755
20,7,37.74481,-39.241783,60.636013,-63.337738,33.23586
20,8,43.34957,-45.54639,69.116776,-72.221214,37.087666
20,9,48.3259,-51.100525,77.514984,-81.18925,41.920563
20,10,52.65589,-55.969032,85.89647,-90.17853,47.699326
20,11,56.310543,-60.109028,94.219505,-98.95347,54.276882
20,12,59.7249,-64.01733,102.2822,-107.316574,60.712017
20,13,63.23027,-67.92371,109.837746,-115.118675,66.32964
20,14,67.10177,-72.1527,116.680214,-122.1613,70.41933
20,15,71.45574,-76.843704,122.741844,-128.37752,72.70487
20,16,76.11028,-81.75939,127.91537,-133.72235,73.375175
20,17,80.96372,-86.749374,131.87225,-137.75146,72.06172
20,18,85.944084,-91.75301,134.49158,-140.41287,68.73602
20,19,90.68332,-96.61826,136.00993,-141.90918,64.07628
20,20,95.11902,-101.38151,136.61989,-142.52376,58.43806
20,21,99.44478,-106.144005,137.08698,-143.01176,52.68934
20,22,103.43494,-110.54902,138.39073,-144.26013,48.562813
20,23,107.02761,-114.43643,140.79178,-146.59627,46.62911
20,24,110.62561,-118.32477,144.43665,-150.19398,46.463245
20,25,114.07399,-122.12976,149.50743,-155.17549,48.45151
20,26,117.27415,-125.90457,155.61334,-161.26923,52.158916
20,27,119.939026,-130.27231,162.3267,-168.04857,56.778175
20,28,120.87944,-135.30598,169.64027,-175.49817,63.190434
20,29,119.546646,-140.4412,177.42133,-183.33363,72.036385
20,30,116.74221,-145.12744,185.62653,-191.42195,82.99536
20,31,113.48629,-149.93637,194.35797,-199.51738,94.86046
20,32,110.077644,-154.9233,203.57532,-207.8907,107.45864
20,33,106.58258,-159.96562,213.02441,-216.25366,120.40851
20,34,102.851326,-165.19409,222.66312,-224.59006,133.72638
20,35,98.827896,-170.77908,232.48906,-232.96037,147.41716
20,36,94.37189,-176.79669,242.45476,-241.171,161.4701
20,37,89.60239,-183.31071,252.5324,-249.36118,175.80913
20,38,84.487274,-189.78995,262.6798,-257.41846,190.59431
20,39,79.092445,-195.97676,272.68054,-265.52457,205.70186
20,40,73.205,-201.9441,282.56476,-273.36453,221.20665
20,41,67.27508,-207.96545,292.4544,-280.98947,236.72397
20,42,61.14986,-214.29013,302.4745,-288.30154,252.41882
20,43,54.731865,-221.04088,312.56247,-295.3245,268.31824
20,44,48.106167,-228.13715,322.6708,-302.15186,284.3658
20,45,41.26119,-235.62523,332.81204,-308.9167,300.62192
20,46,34.530884,-243.10327,343.14545,-315.55286,317.00455
20,47,27.666977,-250.67648,353.55603,-321.79224,333.55826
20,48,20.73715,-258.38867,363.80096,-327.75616,350.00662
20,49,13.627861,-266.23593,374.03247,-333.59915,366.646
20,50,6.232577,-274.47623,384.80484,-338.98236,384.02866
20,51,-1.1015348,-282.93683,396.18497,-343.8257,401.92538
20,52,-8.377324,-291.74823,407.8938,-348.2416,420.08707
20,53,-15.820406,-301.15488,419.85574,-352.24863,438.66193
20,54,-22.805481,-311.65582,432.01337,-355.89716,456.9655
20,55,-27.999554,-323.87283,444.35422,-359.21664,473.67422
20,56,-30.73177,-337.3022,456.84378,-362.19556,488.21063
20,57,-31.99248,-351.40744,469.36496,-364.6696,501.53284
20,58,-34.175327,-365.30048,482.14413,-366.79892,516.32166
20,59,-40.186317,-377.2768,495.21478,-368.64542,535.4707
20,60,-50.080437,-385.38174,508.34692,-370.26364,558.63196
21,1,4.022659,-3.7701423,7.875896,-7.3146043,5.235518
21,2,7.7496786,-7.4161305,17.093231,-15.68792,12.478961
21,3,11.334985,-11.02318,26.54233,-24.050886,20.024597
21,4,14.886153,-14.695013,36.18103,-32.38728,27.68552
21,5,18.646088,-18.615503,46.00698,-40.75759,35.197876
21,6,22.726974,-22.983768,55.972683,-48.968224,42.195602
21,7,27.266167,-27.790466,66.05031,-57.158398,48.648586
21,8,31.876669,-33.041824,76.19774,-65.215675,54.767815
21,9,36.393837,-38.724007,86.19846,-73.321785,60.642452
21,10,40.7063,-44.892487,96.08267,-81.161736,66.196686
21,11,45.109665,-51.178795,105.97232,-88.78668,71.5445
21,12,49.786217,-57.737595,115.99242,-96.09875,76.51692
21,13,54.83138,-64.67678,126.08038,-103.12171,80.95946
21,14,60.173996,-71.88748,136.18874,-109.94908,85.01133
21,15,65.85494,-79.38793,146.32996,-116.7139,88.70995
21,16,71.52906,-86.76012,156.66335,-123.35007,92.66429
21,17,77.2641,-94.26545,167.07394,-129.58943,96.50695
21,18,83.11763,-101.8581,177.3189,-135.55338,100.046234
21,19,89.072136,-109.64728,187.55038,-141.39636,103.46966
21,20,95.35793,-117.79034,198.32277,-146.77957,106.96791
21,21,101.86166,-125.9225,209.70288,-151.62294,110.86137
21,22,108.70709,-134.07353,221.41173,-156.03883,114.82513
21,23,116.09583,-142.50807,233.37367,-160.04584,118.581894
21,24,124.59751,-150.73514,245.53128,-163.69437,121.62614
21,25,135.02138,-157.62436,257.87213,-167.01387,123.20905
21,26,147.01129,-162.45113,270.3617,-169.99278,123.58074
21,27,159.90508,-166.03555,282.88287,-172.46681,123.14585
21,28,172.44115,-170.43974,295.66205,-174.59615,123.29098
21,29,182.51297,-178.05165,308.7327,-176.44264,126.22998
21,30,188.31865,-188.57079,321.86484,-178.06087,133.9591
21,31,188.79231,-200.26884,334.84778,-179.40234,147.5385
21,32,185.30757,-211.55176,347.5367,-180.63536,165.14877
21,33,181.8075,-223.03754,360.00073,-181.52843,182.96404
21,34,181.41515,-235.86153,371.9687,-181.65257,198.11426
21,35,183.52768,-248.90797,382.58255,-180.85933,210.36505
21,36,186.84117,-262.1123,391.2877,-179.52097,220.49876
21,37,190.59398,-275.22543,398.14743,-178.2245,229.10175
21,38,194.57011,-288.23636,403.978,-176.86864,237.18016
21,39,198.39714,-300.70798,410.0122,-175.88701,245.68518
21,40,202.3799,-313.6037,417.04376,-175.29422,255.36266
21,41,206.54272,-327.09457,425.18488,-173.7088,267.07974
21,42,210.7907,-341.09225,434.06863,-170.46158,281.0122
21,43,215.19695,-355.023,443.8274,-166.40579,296.3922
21,44,219.74203,-368.65036,454.5717,-162.07109,312.76184
21,45,224.58943,-382.40295,466.07806,-157.34302,330.10413
21,46,229.45343,-396.50803,477.9556,-152.33626,348.38654
21,47,234.02193,-410.09674,490.39825,-147.46095,367.02368
21,48,238.48973,-423.36136,503.1632,-142.2684,386.08972
21,49,242.84686,-436.2867,515.83453,-137.03294,405.06183
21,50,247.2027,-449.4293,528.4849,-131.81583,424.26172
21,51,251.73059,-462.9708,541.0291,-126.561844,443.69424
21,52,256.47543,-477.02765,553.47003,-121.42184,463.31552
21,53,261.52084,-491.37228,565.9569,-116.223145,483.13373
21,54,266.84512,-506.1853,578.4211,-111.144135,503.12732
21,55,272.3181,-521.3336,590.40045,-106.19621,522.98706
21,56,277.63623,-536.50604,601.7504,-101.36094,542.5876
21,57,283.06555,-551.7788,612.54816,-96.66017,561.86456
21,58,288.48798,-567.0652,622.81903,-92.14155,580.8009
21,59,294.21436,-582.24884,632.28345,-87.81268,598.9639
21,60,301.03827,-597.34534,640.9,-84.12762,615.54724
22,1,7.447595,-3.4054031,11.666755,-1.1910336,4.7649493
22,2,13.203003,-9.260774,24.355686,-2.4240494,13.081405
22,3,19.141016,-15.380612,36.819695,-3.3171196,21.402418
22,4,27.282154,-20.199406,48.787663,-3.4412606,27.263937
22,5,36.60447,-23.537382,59.40152,-2.648024,30.920395
22,6,46.642902,-26.191217,68.10665,-1.3096539,32.860077
22,7,57.06757,-28.583542,74.96639,-0.013199168,33.713978
22,8,67.82225,-30.850325,80.79698,1.3426788,34.709267
22,9,78.19728,-33.024628,86.831184,2.3243074,36.388065
22,10,89.092445,-35.287323,93.86275,2.9170878,38.501076
22,11,100.61899,-37.684174,102.00385,4.502505,42.209404
22,12,112.64247,-40.242794,110.88762,7.7497306,48.024597
22,13,124.6803,-42.657658,120.646355,11.805519,54.612362
22,14,136.51318,-44.840153,131.39067,16.140211,61.195137
22,15,148.59903,-46.858105,142.89703,20.868286,67.966
22,16,161.01044,-49.017323,154.77458,25.875048,75.151535
22,17,172.83498,-51.168926,167.21724,30.750364,82.11169
22,18,184.33604,-53.25502,179.98218,35.942905,89.304115
22,19,195.49202,-55.275635,192.6535,41.17837,96.49577
22,20,206.84314,-57.39145,205.30388,46.39549,103.798355
22,21,218.62709,-59.55566,217.84805,51.64947,111.207855
22,22,230.9671,-61.78563,230.28903,56.789474,118.57704
22,23,243.7005,-63.92037,242.77588,61.98817,125.911934
22,24,256.97754,-66.05298,255.24005,67.06718,133.13148
22,25,270.62094,-68.22141,267.2194,72.0151,140.27776
22,26,284.21786,-70.51607,278.5694,76.85037,147.47464
22,27,297.9575,-72.772285,289.36713,81.55114,154.56233
22,28,311.70676,-75.0397,299.63803,86.06976,161.56087
22,29,325.5068,-77.03613,309.10245,90.39863,168.23643
22,30,339.7449,-78.17456,317.719,94.083694,173.66072
22,31,354.32254,-79.62214,325.32355,97.40909,179.39062
22,32,369.36298,-81.588806,331.95,100.43493,185.82889
22,33,384.68216,-83.47864,337.63153,103.062904,192.38374
22,34,400.2102,-85.1179,341.95148,105.4904,199.31284
22,35,416.02042,-85.86639,344.8198,108.30266,206.81184
22,36,431.40936,-85.38298,346.6205,112.20151,215.00879
22,37,446.07303,-84.24948,346.90866,117.599976,224.8928
22,38,460.57864,-82.755974,344.98154,124.02265,236.89679
22,39,475.25647,-81.02342,341.6794,131.21967,250.7787
22,40,489.89633,-79.34731,337.46436,139.3169,266.5512
22,41,504.82684,-77.84834,332.3425,148.04437,284.21536
22,42,520.1372,-76.77403,326.51788,157.2295,303.72043
22,43,535.90076,-75.660416,319.86893,166.70802,324.67245
22,44,551.89417,-74.47335,312.50107,176.35515,346.7333
22,45,568.19604,-72.95158,304.63904,185.99026,369.4769
22,46,584.8692,-71.16279,296.5426,195.44632,392.6992
22,47,601.8261,-68.457214,288.50165,204.84985,415.77515
22,48,618.6885,-63.006947,280.22714,213.98552,437.35672
22,49,635.17236,-55.26941,271.6359,222.77475,457.676
22,50,652.35504,-50.19111,262.706,231.28854,480.68405
22,51,669.3717,-52.28306,253.06277,239.33018,508.2828
22,52,682.5725,-62.254623,242.77441,247.09628,537.6991
22,53,687.6825,-77.42992,232.05167,254.8641,563.9315
22,54,683.8821,-92.92552,221.23186,262.79645,583.5952
22,55,672.1904,-104.11819,210.49445,270.74274,594.7133
22,56,656.2962,-107.082184,199.84946,278.56232,597.54944
22,57,641.27875,-101.387794,189.25307,286.39966,595.57227
22,58,631.8324,-88.88892,178.68513,294.3807,593.49646
22,59,630.06683,-73.3854,168.33223,302.3984,595.3254
22,60,636.29663,-59.215454,158.13544,310.28516,604.292
23,1,10.685861,4.3363442,6.7989235,2.9695718,4.1202364
23,2,21.699337,8.419151,13.425398,5.995408,8.621635
23,3,32.78244,12.615501,19.106916,8.623389,14.246295
23,4,43.85196,17.028923,23.426859,11.050885,21.281956
23,5,54.820923,22.155544,26.29519,13.86314,29.706589
23,6,65.3328,28.117413,28.095896,17.76199,38.649994
23,7,75.40043,34.452652,28.384048,23.160458,48.353424
23,8,85.33728,41.064495,26.456928,29.58313,59.98931
23,9,95.40967,47.98517,23.154804,36.78014,73.11852
23,10,105.525055,54.88337,18.939743,44.877384,87.16155
23,11,115.997955,61.813618,13.817883,53.60485,102.50927
23,12,126.98947,68.62189,7.9932866,62.78998,119.13901
23,13,138.37177,75.67967,1.3443156,72.26851,137.0699
23,14,149.92827,82.902534,-6.0235496,81.915634,155.95494
23,15,161.6226,90.524185,-13.885573,91.55074,175.51118
23,16,173.53546,98.52457,-21.981993,101.006805,195.5332
23,17,185.33893,107.36312,-30.022947,110.41033,215.38344
23,18,196.02492,118.303024,-38.297474,119.546,234.32568
23,19,205.54259,130.89041,-46.888718,128.33524,252.44423
23,20,216.64624,141.69794,-55.818615,136.84903,272.508
23,21,230.41861,146.91644,-65.46184,144.89066,295.88736
23,22,244.3648,144.63124,-75.7502,152.65675,320.21558
23,23,254.21321,135.2431,-86.47295,160.42459,341.6155
23,24,257.48703,122.09355,-97.292755,168.35693,357.78345
23,25,253.11661,109.02293,-108.03016,176.30322,367.36035
23,26,242.31747,100.48691,-118.67515,184.12279,370.55447
23,27,228.76047,98.82356,-129.27153,191.96014,369.94772
23,28,216.75287,104.463165,-139.83948,199.94118,369.1533
23,29,209.3206,115.375786,-150.19238,207.9589,371.2428
23,30,208.40184,128.4223,-160.38918,215.84564,379.0114
23,31,214.89357,139.67729,-170.6533,223.53824,394.56183
23,32,226.1683,145.83862,-180.9761,231.18382,415.99323
23,33,239.2504,145.49475,-191.24965,238.86377,440.50888
23,34,250.18921,138.05818,-201.57574,246.60811,464.62314
23,35,255.80956,125.86029,-211.98544,254.48116,485.1551
23,36,254.04942,112.5981,-222.49167,262.6715,499.61328
23,37,245.57153,101.819496,-233.0803,270.6369,507.5499
23,38,232.58878,96.814224,-243.57397,278.66995,509.70822
23,39,219.17667,99.778625,-254.08336,286.41144,508.73062
23,40,209.34937,109.53609,-264.49,294.20255,508.5523
23,41,201.53836,121.32359,-274.9212,302.09012,509.5981
23,42,191.78217,131.89897,-285.42188,310.06482,509.3788
23,43,180.08759,141.36646,-295.83676,317.90353,507.6114
23,44,167.43268,150.19449,-306.03156,325.6884,504.94205
23,45,154.50044,159.03568,-316.31577,333.5959,502.13464
23,46,141.21765,168.18536,-326.7133,341.69287,499.06335
23,47,127.78865,177.70125,-337.1719,349.84448,495.80402
23,48,115.33613,187.21164,-347.46155,357.97086,493.29544
23,49,103.68393,196.87787,-357.53555,365.9669,491.23773
23,50,92.14055,206.3778,-367.44785,373.74564,489.115
23,51,79.94081,216.24036,-377.06168,381.44086,485.94495
23,52,68.29264,225.76811,-385.80115,388.68076,482.4331
23,53,56.699673,235.23361,-393.78836,395.38348,478.10822
23,54,44.98459,245.0495,-401.5824,401.51013,473.18283
23,55,33.57368,254.53603,-409.65988,407.30557,468.82248
23,56,21.642393,264.39188,-417.73645,413.21014,463.89722
23,57,9.920771,274.80914,-425.60623,418.83258,458.72272
23,58,-1.2396898,285.43964,-432.25317,423.37857,452.5481
23,59,-12.528584,296.74402,-437.86215,427.27005,444.9109
23,60,-23.743221,308.24283,-443.02112,430.99924,436.8788
24,1,-2.7586951,5.322714,-9.259269,6.8454237,6.6765337
24,2,-2.1673543,10.925806,-19.58207,14.491,17.775908
24,3,1.1654449,15.445323,-29.855616,22.170948,31.741774
24,4,6.1539598,17.377497,-40.18171,29.915293,48.001987
24,5,11.520227,16.442387,-50.591408,37.788338,65.67728
24,6,15.436448,12.893425,-61.09763,45.978695,83.37926
24,7,17.080244,7.5797963,-71.68627,53.944073,100.1456
24,8,15.740701,2.0174046,-82.17993,61.977127,114.81994
24,9,11.692214,-1.746397,-92.689316,69.71863,126.50199
24,10,6.1588697,-2.7800162,-103.09595,77.50973,135.58414
24,11,0.2466073,-2.6672153,-113.52716,85.3973,143.87434
24,12,-5.8470206,-3.5311208,-124.02784,93.37202,152.82971
24,13,-12.38254,-5.452664,-134.44272,101.210724,162.098
24,14,-19.138155,-7.975367,-144.63753,108.99557,171.55843
24,15,-26.100725,-10.650515,-154.92172,116.90308,181.28642
24,16,-33.524574,-13.472912,-165.31924,125.00005,191.16643
24,17,-41.322178,-16.319418,-175.77785,133.15167,201.04709
24,18,-48.49106,-18.649591,-186.0675,141.27803,210.96
24,19,-55.276108,-20.556587,-196.14151,149.27406,220.64795
24,20,-61.897953,-22.445704,-206.05379,157.05281,230.21864
24,21,-69.2125,-24.601748,-215.66765,164.74806,239.37932
24,22,-75.919,-26.536762,-224.40712,171.98795,247.91286
24,23,-82.535,-28.451992,-232.39433,178.69066,255.66756
24,24,-89.47645,-30.3662,-240.18837,184.8173,262.71283
24,25,-95.97917,-32.18636,-248.26585,190.61276,269.8716
24,26,-103.08827,-34.20038,-256.3424,196.51732,276.97922
24,27,-110.46576,-36.00534,-264.2122,202.13977,283.46262
24,28,-117.63898,-37.499866,-270.85913,206.68576,288.27597
24,29,-125.40141,-38.915646,-276.4681,210.57726,291.66394
24,30,-133.26541,-40.25409,-281.6271,214.30643,294.6392
24,31,-141.0378,-41.42447,-286.03976,217.39394,296.6691
24,32,-147.89754,-42.385845,-288.9398,219.25812,297.23807
24,33,-154.07425,-43.24263,-291.75433,221.08784,298.0376
24,34,-159.92628,-44.106735,-295.48013,223.17741,299.6926
24,35,-166.2145,-44.931602,-300.41855,224.60426,301.0985
24,36,-172.78415,-45.635433,-306.72665,225.0953,302.05252
24,37,-180.05103,-46.34747,-313.7901,224.28743,301.87643
24,38,-186.43896,-46.93926,-321.40482,222.62166,301.4612
24,39,-193.24268,-47.49544,-329.405,220.17282,300.31064
24,40,-200.16635,-47.938335,-337.75488,217.28546,298.788
24,41,-207.03384,-48.707527,-346.22726,215.135,298.30804
24,42,-214.07513,-50.377827,-354.42078,215.11201,300.30276
24,43,-220.5209,-52.18297,-362.20938,217.44667,304.59116
24,44,-226.12123,-52.520958,-369.77637,222.04646,309.8775
24,45,-231.01512,-51.368996,-377.49826,227.63544,315.12027
24,46,-236.22362,-49.502537,-385.54605,233.87259,320.31024
24,47,-241.62758,-47.63041,-393.52896,240.2436,325.49268
24,48,-247.4809,-45.71713,-400.9386,246.34377,329.92245
24,49,-253.24506,-44.21061,-407.03256,252.69121,334.367
24,50,-259.4039,-43.141216,-411.46985,260.06433,339.20148
24,51,-265.22253,-42.262173,-414.6431,268.82156,345.1081
24,52,-270.91687,-41.288177,-417.53305,278.71518,351.99213
24,53,-276.95255,-40.10359,-420.6656,289.51587,359.58646
24,54,-283.09058,-38.98703,-423.89404,300.846,367.84793
24,55,-289.45767,-37.974693,-427.07047,312.2546,376.2949
24,56,-295.10376,-37.186817,-430.21567,323.768,385.41357
24,57,-299.74698,-36.61759,-433.34888,335.5053,395.37946
24,58,-303.73254,-36.16793,-436.49026,347.2357,405.73755
24,59,-307.4592,-35.871086,-439.7031,358.65085,416.09616
24,60,-311.49527,-35.67602,-442.8796,369.6893,426.12543
25,1,-9.963664,7.3326087,-3.917221,2.7271512,7.6006384
25,2,-19.606886,14.50652,-6.8172455,4.591334,16.182886
25,3,-29.256165,21.680206,-9.631766,6.4210467,24.85878
25,4,-39.291924,28.999868,-13.357565,8.510622,33.051476
25,5,-49.595966,36.77268,-18.296001,9.937475,41.228825
25,6,-60.093777,45.08924,-24.604105,10.428512,49.607285
25,7,-71.13782,54.00244,-31.667551,9.620642,59.39399
25,8,-81.66266,62.58904,-39.28227,7.9548693,69.14471
25,9,-92.57877,71.693214,-47.28244,5.5060234,80.20288
25,10,-103.664635,81.27636,-55.63233,2.6186645,92.16363
25,11,-115.22178,90.34193,-64.104706,0.4681986,103.39363
25,12,-128.10863,98.13331,-72.29823,0.445229,112.506714
25,13,-140.9074,105.186066,-80.086815,2.7798731,119.105705
25,14,-151.15434,114.10871,-87.65382,7.3796787,124.191
25,15,-158.12845,125.16092,-95.37571,12.968649,128.54965
25,16,-164.03964,137.39806,-103.4235,19.205795,132.8297
25,17,-170.16766,149.74821,-111.40641,25.576818,137.37329
25,18,-176.71834,162.38737,-118.81603,31.676973,142.96114
25,19,-183.9389,174.47556,-124.91001,38.024426,148.67186
25,20,-192.32275,186.16539,-129.34727,45.397537,154.21251
25,21,-200.75673,197.3955,-132.52054,54.154762,158.66342
25,22,-208.9354,208.73894,-135.41049,64.04839,162.29993
25,23,-217.05035,220.59317,-138.54303,74.84907,165.5438
25,24,-225.38242,232.40974,-141.77148,86.17923,168.44629
25,25,-234.10527,244.21355,-144.9479,97.58783,171.6046
25,26,-242.60062,255.26326,-148.09312,109.101204,174.05461
25,27,-250.64758,265.37646,-151.22632,120.83852,175.43034
25,28,-258.37717,274.9009,-154.3677,132.56891,176.2849
25,29,-266.2428,283.96716,-157.58054,143.98407,177.20822
25,30,-274.59384,293.0072,-160.75706,155.0225,178.88148
25,31,-283.55475,302.23697,-163.77849,165.77423,181.57211
25,32,-292.69806,311.20337,-166.20024,176.5718,184.73592
25,33,-301.85568,320.00372,-167.91057,187.26236,188.57774
25,34,-310.85623,328.6495,-169.96407,198.16158,192.03568
25,35,-319.68024,337.3474,-172.90773,208.99345,194.97925
25,36,-328.44034,346.22882,-176.52342,220.08655,197.46043
25,37,-336.95984,355.64233,-180.08282,231.24997,200.20953
25,38,-344.10306,366.05347,-183.5823,242.54591,202.53648
25,39,-348.17987,378.6625,-187.00804,254.08917,203.70291
25,40,-347.61145,392.0543,-190.32518,265.60385,201.81349
25,41,-342.65668,405.22235,-193.51079,276.8293,196.79753
25,42,-337.20782,418.9899,-196.46838,287.75558,192.4319
25,43,-332.21024,433.41962,-199.25235,298.5132,189.41367
25,44,-327.1157,448.48053,-201.53386,308.9003,187.75899
25,45,-321.4813,464.00006,-203.33707,318.88202,187.12912
25,46,-315.44843,479.1312,-204.72002,328.2508,187.15147
25,47,-309.47537,493.6141,-205.7656,336.94803,187.88287
25,48,-302.59503,508.29446,-206.5295,344.49954,189.88777
25,49,-294.7672,522.8404,-207.27277,350.9065,192.9159
25,50,-286.0034,537.4504,-208.00261,355.96896,197.53386
25,51,-276.8606,551.8828,-208.59946,359.75894,203.89008
25,52,-266.96008,565.9886,-209.05467,362.63867,211.43373
25,53,-256.69238,580.2052,-209.32007,364.4816,220.86378
25,54,-246.19846,594.5697,-209.48277,365.39996,232.09225
25,55,-235.36087,609.15424,-209.5171,365.62958,244.89214
25,56,-224.0052,623.591,-209.53069,365.6793,258.31757
25,57,-211.87157,638.7229,-209.54073,365.75723,272.97562
25,58,-199.44318,654.41974,-209.58136,366.04556,288.55234
25,59,-187.25652,670.4225,-209.59175,366.21893,305.0224
25,60,-175.51683,686.173,-209.58496,366.24115,321.7406
26,1,-3.6086235,11.641117,-2.7160676,9.679693,2.154957
26,2,-7.4481244,22.981419,-5.1378255,20.477255,3.407098
26,3,-11.397479,34.197723,-6.8481474,31.167822,5.4659605
26,4,-15.302377,45.27615,-8.901643,42.067043,7.160151
26,5,-19.038038,56.333614,-11.845302,52.898914,7.9707355
26,6,-22.647408,67.534744,-15.461006,63.992012,8.0121975
26,7,-25.82737,79.07909,-19.020403,75.15543,7.8568344
26,8,-27.423302,90.86877,-22.519876,86.451385,6.5997605
26,9,-25.501614,103.24185,-25.945621,97.99464,5.2659674
26,10,-19.308277,114.33446,-29.262754,109.50932,11.062258
26,11,-9.458817,123.4025,-32.44836,120.73479,23.143806
26,12,1.1039028,132.80103,-35.405968,131.66106,36.527664
26,13,11.595707,142.9866,-38.189922,142.41869,49.788868
26,14,22.479149,153.70634,-40.47144,152.80576,62.95703
26,15,34.059258,164.61928,-42.274647,162.78748,76.35589
26,16,45.877388,175.08139,-43.65759,172.15627,89.58274
26,17,57.38591,185.03014,-44.70317,180.8535,102.174484
26,18,69.812706,194.78915,-45.467068,188.40501,115.45641
26,19,83.0203,204.02618,-46.210342,194.81195,129.55873
26,20,97.0862,212.91727,-46.94018,199.87444,144.61575
26,21,111.40156,221.4851,-47.53703,203.6644,159.93452
26,22,126.2318,229.43384,-47.992252,206.54413,175.72125
26,23,141.4368,237.32094,-48.257637,208.38707,191.88837
26,24,156.9099,245.24054,-48.420353,209.30544,208.45107
26,25,172.78798,253.20523,-48.454685,209.53505,225.51143
26,26,189.0604,260.81625,-48.468258,209.58476,242.9908
26,27,206.3397,268.70178,-48.4783,209.6627,261.56802
26,28,224.13852,276.9574,-48.518944,209.95103,280.77026
26,29,241.86673,285.59024,-48.529327,210.12439,300.0416
26,30,259.0868,294.19666,-48.52254,210.14662,318.88544
26,31,276.13263,303.16348,-48.529327,210.17998,337.71484
26,32,293.28854,312.71045,-48.529327,210.21863,356.85294
26,33,309.77957,322.45245,-48.53611,210.25781,375.47006
26,34,325.17456,332.20804,-48.5393,210.30753,393.0926
26,35,340.07803,342.8031,-48.549683,210.36313,410.575
26,36,354.43045,354.4283,-48.58361,210.54626,427.928
26,37,367.77936,367.46906,-48.705338,211.1068,444.86923
26,38,380.52924,381.6327,-48.857807,212.42012,461.52588
26,39,392.43884,396.51236,-48.764847,215.0521,477.06238
26,40,403.44894,412.67044,-47.403088,218.41475,490.92038
26,41,413.6412,429.10483,-43.696026,221.33661,502.31958
26,42,424.0521,445.659,-37.83824,223.13992,512.6962
26,43,434.7159,461.6374,-30.65545,224.2603,522.41595
26,44,446.9603,476.8118,-22.81,224.86227,533.0691
26,45,459.85983,492.10626,-14.34564,225.4297,544.04706
26,46,473.06003,506.93884,-4.9318047,225.83556,554.5225
26,47,486.29703,520.5001,5.035936,225.78703,564.3297
26,48,499.13727,532.9912,15.375831,225.54768,573.18994
26,49,512.0628,544.42017,26.199732,225.26913,581.30914
26,50,525.8228,555.6337,37.36288,225.17545,589.7421
26,51,540.1231,566.48224,48.64198,224.96446,598.48816
26,52,555.39,577.5732,59.905647,224.52023,608.4005
26,53,571.1153,588.4765,71.22604,224.07478,618.6096
26,54,586.73914,598.4631,82.542625,223.87976,628.11365
26,55,602.2191,607.38306,93.827286,223.49695,637.0485
26,56,617.79724,615.76685,104.52837,222.98051,646.31726
26,57,633.7905,623.85754,114.25095,222.26865,656.6544
26,58,649.77673,631.49554,122.62247,221.42987,667.8664
26,59,666.6201,639.2017,129.86165,220.91444,680.49536
26,60,684.2991,646.8346,136.13817,222.37006,693.2896
27,1,-2.537585,13.800022,-0.0067854035,0.028132318,14.002496
27,2,-5.541607,27.902504,-0.0067854035,0.06677531,28.380665
27,3,-8.857816,41.659782,-0.013570807,0.105968766,42.48459
27,4,-12.445076,54.72288,-0.016759947,0.1556729,55.96466
27,5,-16.832687,67.91125,-0.027141614,0.21127036,69.75466
27,6,-22.114338,80.98438,-0.06106863,0.3944084,83.55292
27,7,-28.68886,93.70964,-0.18279876,0.95494205,97.03623
27,8,-36.314804,106.401764,-0.33526674,2.2682652,110.17401
27,9,-44.75049,118.75938,-0.2423068,4.900249,122.24925
27,10,-54.449093,130.85579,1.1194539,8.262895,134.59897
27,11,-64.65071,142.51477,4.826516,11.184764,148.57542
27,12,-74.97449,154.46378,10.684299,12.988066,165.38683
27,13,-84.87062,166.56592,17.867088,14.108442,183.8432
27,14,-93.81157,179.77573,25.712542,14.710422,203.79541
27,15,-102.75404,193.62648,34.1769,15.277849,224.85176
27,16,-111.27999,207.63551,43.590736,15.683711,246.63826
27,17,-118.726746,221.24551,53.558475,15.635182,268.2495
27,18,-125.35317,234.13773,63.89837,15.395833,289.2476
27,19,-131.09027,246.74072,74.722275,15.117284,309.85193
27,20,-136.50652,260.0326,85.88542,15.023594,330.88907
27,21,-141.52756,273.69635,97.16452,14.81261,352.12878
27,22,-146.56447,288.33334,108.42819,14.368386,374.27005
27,23,-151.35931,303.33203,119.74858,13.922939,396.55658
27,24,-155.43034,317.9339,131.06517,13.727909,417.87674
27,25,-158.6757,332.05417,142.34982,13.345101,438.3969
27,26,-161.47777,346.10233,153.05092,12.82867,458.25717
27,27,-163.96323,360.45233,162.7735,12.1168,477.59244
27,28,-166.0936,374.65588,171.145,11.278027,495.75534
27,29,-168.09375,389.69202,178.38419,10.762598,513.4535
27,30,-169.8511,405.4977,184.6607,12.218209,529.4784
27,31,-171.03197,421.506,189.66241,16.2021,542.56036
27,32,-171.50175,437.21594,192.797,22.55122,551.9605
27,33,-171.0044,453.30365,194.36754,30.336456,558.92566
27,34,-169.58649,469.24796,195.65967,38.996174,564.37695
27,35,-167.66032,485.2219,197.0295,48.662235,568.84357
27,36,-165.72728,501.6394,198.55309,59.296127,573.0338
27,37,-163.79167,518.30145,200.33842,70.524826,577.1435
27,38,-161.64134,534.5693,202.0442,82.404366,580.27606
27,39,-159.61775,550.15686,203.68031,94.70261,582.60114
27,40,-157.97163,565.0611,205.37378,107.17689,584.5321
27,41,-157.78,579.4481,207.05333,119.90271,586.7583
27,42,-159.99234,593.341,208.89629,132.67334,590.16394
27,43,-164.55057,606.732,210.79199,145.643,594.54614
27,44,-170.36572,619.6313,212.74294,158.73654,599.3298
27,45,-176.55013,632.3263,214.74776,171.52985,604.52246
27,46,-182.83989,644.9147,216.75107,184.20786,609.85547
27,47,-189.1172,657.4058,218.46642,196.88818,614.9804
27,48,-195.29047,669.8376,220.05605,209.45456,620.0526
27,49,-201.40239,682.23865,221.3927,221.53201,625.305
27,50,-207.48279,694.5976,222.96506,233.22482,630.99146
27,51,-213.51347,706.92126,224.71082,245.03903,636.6912
27,52,-219.48907,719.20215,226.37973,256.53146,642.54425
27,53,-225.40556,731.4423,227.95277,267.64096,648.5719
27,54,-231.28642,743.64453,229.46584,278.28497,654.86804
27,55,-237.14449,755.8249,230.86497,288.12115,661.6492
27,56,-242.94658,767.9777,231.99603,297.024,668.8557
27,57,-248.70465,780.086,232.61734,304.55402,676.61035
27,58,-254.41783,792.14923,233.53377,310.54898,685.5914
27,59,-260.10284,804.1735,236.25305,314.9075,696.95795
27,60,-265.7373,816.15735,240.73148,316.98138,711.1169
28,1,12.267245,5.3033037,4.435475,3.6999202,7.9942145
28,2,24.695557,10.085236,7.570048,10.049039,17.125547
28,3,37.94072,14.297775,9.140587,17.834274,29.01645
28,4,51.786083,17.839968,10.432724,26.49399,42.249172
28,5,66.00926,21.0084,11.802549,36.160053,56.284454
28,6,80.68999,24.321976,13.326136,46.79395,71.01323
28,7,95.69819,27.733984,15.111479,58.022644,86.09077
28,8,110.788864,30.915318,16.817263,69.90218,101.73808
28,9,125.436516,34.038803,18.45337,82.200424,117.32406
28,10,139.54735,37.33074,20.14683,94.674706,132.45683
28,11,152.8298,41.81916,21.826387,107.40053,146.50192
28,12,164.93816,48.388622,23.66934,120.171165,158.46013
28,13,175.8285,56.968548,25.565044,133.14082,168.46758
28,14,185.86244,66.55745,27.515991,146.23436,177.26254
28,15,195.58722,76.42153,29.520807,159.02766,185.4773
28,16,205.17838,86.34767,31.524124,171.70567,193.49881
28,17,214.68262,96.229485,33.239475,184.386,201.72551
28,18,224.16464,105.994385,34.829094,196.9524,210.05072
28,19,233.63745,115.6917,36.16576,209.02985,218.4195
28,20,243.08083,125.34534,37.73811,220.72264,226.41216
28,21,252.50705,134.94073,39.483868,232.53685,234.31577
28,22,261.91077,144.47029,41.152786,244.02928,242.16953
28,23,271.29517,153.93098,42.725834,255.13878,249.97392
28,24,280.65533,163.34558,44.238895,265.7828,257.65503
28,25,290.0022,172.73143,45.63803,275.619,265.1409
28,26,299.3411,182.05579,46.76909,284.52182,272.56543
28,27,308.6522,191.324,47.390392,292.05182,280.00684
28,28,317.93536,200.53511,48.306816,298.0468,286.7195
28,29,327.191,209.70674,51.026108,302.40533,291.30756
28,30,336.4248,218.81758,55.504536,304.4792,293.6905
28,31,345.64246,227.86389,61.082886,303.76465,294.50818
28,32,354.81226,236.86502,66.74223,300.30682,294.9732
28,33,363.9702,245.81706,72.265144,294.684,295.7699
28,34,373.114,254.70982,78.36263,288.0457,296.6305
28,35,382.22504,263.5308,85.12223,280.6831,297.5975
28,36,391.32028,272.27484,92.43864,272.80035,298.8821
28,37,400.4035,280.97232,100.05063,264.83676,300.78598
28,38,409.44864,289.62387,107.910065,257.0302,303.295
28,39,418.46127,298.1986,116.106316,249.34238,306.27673
28,40,427.44302,306.69443,124.78669,241.76962,309.54175
28,41,436.37686,315.13895,133.83003,234.20876,313.18408
28,42,445.305,323.5158,143.08371,226.87215,317.2975
28,43,454.22723,331.81943,152.13304,220.15463,322.0713
28,44,463.13324,340.05713,160.44762,213.876,327.9333
28,45,472.0082,348.26553,167.78821,208.14781,334.93698
28,46,480.85837,356.42105,174.66562,202.45227,342.72495
28,47,489.6923,364.51822,181.22427,196.71432,351.1562
28,48,498.49728,372.56857,187.30199,191.30077,360.13962
28,49,507.28925,380.58777,192.76556,186.62509,369.52222
28,50,516.02155,388.58603,197.7695,183.62326,378.54208
28,51,524.4094,396.757,202.85954,182.76656,386.2463
28,52,532.091,405.75702,207.46786,184.2956,392.9699
28,53,539.3395,415.53006,210.90503,187.75421,399.68866
28,54,546.3943,425.8934,212.6232,192.99727,406.99356
28,55,552.5627,437.1012,212.7849,199.16615,414.80362
28,56,557.26373,449.02362,212.3849,205.41151,422.24197
28,57,562.64514,460.67535,211.93079,211.37079,430.29446
28,58,571.1093,471.13504,211.50014,217.05418,440.31335
28,59,582.4982,479.41992,211.1026,222.81863,451.4188
28,60,596.3467,483.82593,210.75269,229.4661,461.93253
29,1,-0.36374834,-0.051543716,5.05272,-0.77669317,5.464794
29,2,-1.2016568,-0.17334081,10.712069,-4.2345185,12.586898
29,3,-2.172367,-0.31433922,16.234978,-9.857362,20.73402
29,4,-3.226895,-0.46519375,22.332468,-16.495657,30.170462
29,5,-4.366541,-0.625602,29.09206,-23.858234,40.73369
29,6,-5.5827985,-0.79244137,36.40847,-31.741,52.16397
29,7,-6.845162,-0.9630247,44.020462,-39.704594,63.939198
29,8,-8.170528,-1.1413875,51.879898,-47.511147,75.869675
29,9,-9.575926,-1.3267189,60.07615,-55.19897,88.0547
29,10,-11.061187,-1.518198,68.756516,-62.771725,100.61243
29,11,-12.618772,-1.7184418,77.79987,-70.3326,113.50522
29,12,-14.229519,-1.9194702,87.05354,-77.66921,126.47641
29,13,-15.897265,-2.1207554,96.10287,-84.38672,138.96661
29,14,-17.623865,-2.3237731,104.41745,-90.665344,150.65959
29,15,-19.395222,-2.53199,111.75804,-96.39355,161.27979
29,16,-21.222803,-2.7434332,118.63545,-102.08909,171.55144
29,17,-23.10402,-2.9560094,125.1941,-107.82703,181.63223
29,18,-25.039942,-3.1723094,131.2718,-113.24058,191.17633
29,19,-27.008047,-3.3898258,136.7354,-117.91626,199.82047
29,20,-29.034996,-3.618134,141.73933,-120.91809,207.17903
29,21,-31.190884,-3.9283416,146.82936,-121.77479,213.49237
29,22,-33.206387,-4.4106436,151.4377,-120.24576,217.97067
29,23,-34.875633,-4.9329557,154.87486,-116.78714,220.26485
29,24,-36.18124,-5.400268,156.59303,-111.544075,220.0646
29,25,-37.20219,-5.8787694,156.75473,-105.375206,217.98814
29,26,-38.126915,-6.4660516,156.35474,-99.12983,215.4291
29,27,-39.06477,-6.9890966,155.90062,-93.17056,213.16367
29,28,-39.493168,-7.1035495,155.46997,-87.48717,210.88422
29,29,-39.297592,-7.1036425,155.07243,-81.72271,208.20113
29,30,-38.67438,-7.311107,154.72252,-75.07526,204.9252
29,31,-37.532364,-7.84184,154.39032,-67.57294,201.00279
29,32,-35.917606,-8.567547,154.04428,-59.539436,196.6816
29,33,-33.65389,-9.489385,153.83026,-51.52965,192.13976
29,34,-30.941813,-10.44142,153.66385,-43.75563,187.58755
29,35,-27.8171,-11.382137,153.56201,-36.440357,183.10188
29,36,-24.306248,-12.13934,153.47713,-30.022297,178.68053
29,37,-22.25255,-12.39429,153.4225,-24.62256,176.10013
29,38,-21.408886,-12.455931,153.4228,-19.282509,174.96492
29,39,-21.122988,-12.470615,153.49307,-13.067739,174.61708
29,40,-21.232107,-12.463554,153.6422,-5.669719,175.00621
29,41,-21.522568,-12.431989,154.11328,2.4288309,176.26343
29,42,-21.572197,-12.42635,154.78778,10.50225,177.84421
29,43,-21.009794,-12.487404,155.45692,18.33412,179.13814
29,44,-20.501453,-12.547923,155.9893,25.867521,180.62318
29,45,-19.731155,-12.647657,156.32574,32.920425,181.85841
29,46,-18.7972,-12.784802,156.5938,39.174862,182.92567
29,47,-17.65886,-12.980876,156.89926,44.682648,183.83585
29,48,-16.017757,-13.318516,157.26848,50.4438,184.64494
29,49,-14.021214,-13.761311,157.91603,56.839844,185.86806
29,50,-11.874892,-14.181592,158.74216,64.24342,187.77821
29,51,-10.080469,-14.494321,160.08437,72.03599,190.90198
29,52,-7.817048,-14.784321,162.22736,79.4126,194.39175
29,53,-5.1849594,-14.902958,164.36917,84.745346,196.66823
29,54,-2.1542768,-14.732055,166.5165,89.76603,198.41794
29,55,1.0114839,-14.357385,167.44957,91.58014,197.29266
29,56,4.4377346,-13.47683,167.49109,91.57614,193.96527
29,57,8.176035,-11.988061,167.50467,91.531715,190.00514
29,58,11.554127,-10.567514,167.51144,91.4873,186.38098
29,59,13.857501,-9.681785,167.51505,91.43692,183.94464
29,60,15.500322,-9.079165,167.52501,91.39244,182.22527
30,1,-0.20951392,6.721184,-0.30179963,6.779555,0.109196305
30,2,-0.3574621,13.555062,-0.64783734,14.813054,1.2910697
30,3,-0.6375598,20.72817,-0.86186635,22.822838,2.1066432
30,4,-1.2653482,28.164623,-1.0282778,30.596859,2.443762
30,5,-2.2723756,35.89466,-1.1301175,37.912132,2.3183925
30,6,-3.9637647,43.847023,-1.214998,44.330193,2.7909086
30,7,-5.969101,50.36484,-1.2696173,49.72993,4.7421784
30,8,-7.9535046,55.817127,-1.2693137,55.06998,6.7258186
30,9,-9.940923,60.930984,-1.1990534,61.28475,8.749024
30,10,-11.795432,65.89744,-1.0499293,68.68277,11.100626
30,11,-13.4074,70.86565,-0.5788394,76.78132,14.126824
30,12,-15.071792,76.08231,0.095653094,84.85474,17.521608
30,13,-16.95337,81.87926,0.7648064,92.68661,20.754097
30,14,-18.758217,87.64244,1.2971839,100.22001,23.67307
30,15,-20.580484,93.677765,1.6336203,107.27291,26.044086
30,16,-22.345354,99.90457,1.9016669,113.52735,27.811834
30,17,-24.007605,106.3762,2.2071302,119.03514,29.111187
30,18,-25.572886,113.406296,2.5763576,124.79629,30.366293
30,19,-27.105116,120.82246,3.2239077,131.19234,32.052834
30,20,-28.85402,128.33852,4.0500345,138.59592,34.465794
30,21,-30.66958,135.46538,5.392241,146.38847,37.67982
30,22,-32.938686,142.94472,7.5352287,153.76509,41.895325
30,23,-35.945824,150.5409,9.677049,159.09784,46.4184
30,24,-39.89098,158.15001,11.824369,164.11852,52.05862
30,25,-44.37466,165.63347,12.757444,165.93263,57.132885
30,26,-50.034653,172.7258,12.798967,165.92863,63.200195
30,27,-56.899605,179.38004,12.812537,165.8842,71.006485
30,28,-63.628113,185.6576,12.819323,165.83978,78.974396
30,29,-69.309906,191.29756,12.822918,165.78941,86.002716
30,30,-74.40211,196.51169,12.832892,165.74493,92.50156
30,31,-79.154945,201.34106,12.839677,165.68405,98.66323
30,32,-84.00686,206.18086,12.846461,165.62262,105.002556
30,33,-89.16864,211.38548,12.87679,165.59448,111.848495
30,34,-94.38675,216.89272,13.14572,165.9644,118.98288
30,35,-99.71826,222.55128,14.068071,167.36238,126.464005
30,36,-105.16628,228.32831,15.374492,169.52022,134.1211
30,37,-110.87312,234.2418,16.927162,172.34734,141.99944
30,38,-116.812874,240.41698,18.689695,175.59792,150.20804
30,39,-122.83721,246.5486,20.395374,179.1091,158.31506
30,40,-128.67148,252.55833,22.045399,182.76866,166.09087
30,41,-134.251,258.9532,23.616735,187.03831,173.47614
30,42,-139.34236,265.93298,25.334064,192.47485,180.31757
30,43,-144.30054,273.56198,26.744896,198.45682,186.80826
30,44,-148.94293,281.5083,27.825712,205.28719,192.50146
30,45,-153.17006,289.7621,28.487839,213.23384,197.11967
30,46,-157.02698,298.69113,28.496841,221.45561,200.95872
30,47,-160.08414,308.39404,27.499344,229.40077,203.53746
30,48,-162.24597,318.93732,25.330626,236.97484,204.7018
30,49,-164.22699,330.02228,22.257343,244.00703,205.3656
30,50,-166.49951,341.1334,18.69106,251.03937,205.9429
30,51,-169.03975,352.26495,14.883505,258.48694,206.45116
30,52,-171.69464,363.83856,11.081368,266.4227,207.11572
30,53,-173.9691,375.9412,7.622247,274.73642,207.88898
30,54,-175.32166,388.2777,4.7373323,283.42163,208.36516
30,55,-175.97365,401.10608,2.3023047,292.27454,208.86987
30,56,-175.99637,413.7248,0.23563935,300.09274,209.69017
30,57,-176.28432,426.3836,-1.1745766,308.19864,211.26076
30,58,-176.89754,438.98904,-2.3436728,316.59512,213.18846
30,59,-177.71704,451.74847,-3.279414,323.12534,216.73117
30,60,-178.57823,464.7238,-4.3040943,329.32547,220.69023
31,1,3.8164485,13.429707,0.006784839,-0.05559746,14.0131
31,2,7.509017,27.019577,0.013569678,-0.11703547,28.152752
31,3,11.303769,40.801834,0.04389791,-0.14516778,42.46695
31,4,15.44412,54.608994,0.31282717,0.22475399,56.449993
31,5,19.673828,68.57134,1.2351798,1.6227204,69.44136
31,6,23.972736,82.78502,2.5415998,3.780569,81.85961
31,7,28.201153,97.36985,4.0942707,6.607674,93.90907
31,8,32.565613,112.33172,5.856803,9.858261,105.89698
31,9,36.80695,127.46674,7.5624814,13.369449,117.78554
31,10,41.10372,142.45358,9.212507,17.029,129.41551
31,11,46.232925,157.31268,10.783843,21.298668,140.55763
31,12,52.705498,171.8228,12.501172,26.735205,150.55498
31,13,60.163826,186.3797,13.9120035,32.71716,160.47244
31,14,68.35948,200.65848,14.99282,39.547527,169.71957
31,15,77.36987,214.51736,15.654947,47.494186,178.06032
31,16,87.54053,228.11922,15.663949,55.715958,186.78632
31,17,99.35224,240.93712,14.666452,63.661118,196.46492
31,18,112.86102,252.86287,12.497733,71.235176,207.51242
31,19,127.050385,264.76218,9.424451,78.26738,220.49074
31,20,141.00209,277.06662,5.8581676,85.29971,234.60269
31,21,154.73088,289.7378,2.0506124,92.7473,249.23186
31,22,168.78085,302.73486,-1.7515236,100.68304,264.39786
31,23,183.6716,315.4503,-5.2106447,108.996765,279.8206
31,24,199.57448,327.05017,-8.095559,117.681984,294.893
31,25,216.49478,337.93805,-10.530587,126.53488,310.21255
31,26,233.73647,347.87415,-12.597253,134.3531,325.99316
31,27,250.80621,358.19327,-14.007468,142.45897,341.56635
31,28,267.56897,368.92838,-15.176565,150.85547,357.07257
31,29,284.30133,380.01416,-16.112307,157.38568,373.91415
31,30,301.19186,391.25668,-17.136986,163.5858,391.3659
31,31,318.62564,402.021,-17.579275,167.60449,409.85953
31,32,336.4346,412.1227,-18.574629,172.33394,428.40427
31,33,354.32245,422.022,-20.838285,175.43022,448.94666
31,34,372.12885,431.79703,-24.489319,177.73781,471.01175
31,35,389.89084,441.47855,-29.576773,179.59451,494.50613
31,36,407.62308,451.09595,-35.687763,179.4432,519.9228
31,37,425.371,460.61575,-42.282112,177.82153,546.5089
31,38,443.08246,470.03296,-48.979713,175.53627,573.4575
31,39,460.7705,479.4235,-56.588997,174.22939,600.66986
31,40,478.43094,488.78113,-64.38236,172.86005,628.05444
31,41,496.09354,498.05243,-72.512856,171.7315,655.5902
31,42,513.726,507.24573,-80.89103,170.72618,683.2385
31,43,531.38043,516.38336,-89.287674,169.1635,711.1895
31,44,549.03064,525.4395,-97.35231,167.5894,738.82855
31,45,566.67053,534.3713,-105.11811,166.44974,765.9414
31,46,584.2815,543.2038,-112.83191,166.10242,792.57336
31,47,601.89954,551.9947,-120.50879,166.54448,818.80743
31,48,619.5207,560.7218,-128.38873,167.92856,844.78107
31,49,637.09924,569.3969,-136.52922,169.98029,870.65186
31,50,654.76227,577.99884,-144.62389,172.38403,896.40485
31,51,672.4765,586.5165,-152.38684,174.65881,921.9687
31,52,690.27985,594.6742,-159.40498,176.78809,946.886
31,53,708.3867,602.8782,-165.19197,178.35161,971.2685
31,54,726.5476,611.21234,-169.75603,180.77142,994.3036
31,55,745.0404,619.88403,-172.3858,184.48267,1015.50244
31,56,763.7559,628.6754,-172.82141,189.18896,1034.5653
31,57,782.64764,637.5275,-172.1884,195.24728,1052.2946
31,58,801.6382,646.6246,-171.56976,201.43977,1070.1978
31,59,820.7981,656.03296,-171.86864,207.45346,1089.3167
31,60,840.47076,665.8373,-173.21434,213.077,1110.2024
32,1,-2.2541118,11.883171,-0.31846145,3.5528958,8.552206
32,2,-4.0613713,23.493662,-1.3138148,8.282337,15.457473
32,3,-5.7098045,34.817177,-3.577472,11.378611,23.53536
32,4,-7.298346,45.98451,-7.2285056,13.686201,32.298386
32,5,-8.842255,57.07515,-12.315959,15.542916,41.67725
32,6,-10.355634,68.11513,-18.426949,15.391597,53.33776
32,7,-11.812403,79.120766,-25.0213,13.769931,66.672386
32,8,-13.218456,90.049484,-31.718899,11.484666,80.71368
32,9,-14.612673,100.94023,-39.328182,10.177778,94.06741
32,10,-15.992876,111.790855,-47.121548,8.808435,107.58426
32,11,-17.32572,122.6037,-55.252045,7.6798954,121.020195
32,12,-18.620897,133.35623,-63.630215,6.674582,134.43987
32,13,-19.88273,144.10289,-72.02686,5.111901,148.45035
32,14,-21.101643,154.81198,-80.0915,3.5377958,162.36897
32,15,-22.255953,165.461,-87.85729,2.3981364,175.76414
32,16,-23.36205,176.04347,-95.5711,2.0508163,188.3815
32,17,-24.445108,186.61525,-103.24798,2.4928746,200.27718
32,18,-25.494179,197.16446,-111.12792,3.8769507,211.40765
32,19,-26.522299,207.65358,-119.2684,5.9286866,222.02426
32,20,-27.499157,218.18845,-127.363075,8.332431,232.40558
32,21,-28.424065,228.736,-135.12602,10.60721,242.82808
32,22,-29.148146,239.22395,-142.14417,12.736485,253.11
32,23,-29.846025,249.99786,-147.93117,14.300005,263.62393
32,24,-30.602295,260.8611,-152.49522,16.71982,272.87885
32,25,-31.482052,272.15427,-155.125,20.431063,280.4499
32,26,-32.38889,283.69525,-155.56061,25.137354,286.39737
32,27,-33.299213,295.42426,-154.92758,31.19568,290.87833
32,28,-34.32733,307.34985,-154.30894,37.388176,295.42325
32,29,-35.49934,319.55594,-154.60782,43.40185,300.74557
32,30,-36.807903,332.38953,-155.95352,49.025394,307.39374
32,31,-38.163906,345.40286,-157.06503,54.3245,314.4266
32,32,-39.554897,358.46677,-156.19675,59.26422,321.13467
32,33,-40.977924,371.92563,-153.27234,63.160717,328.5511
32,34,-42.310535,386.0373,-148.41287,65.64398,337.50494
32,35,-43.714607,400.55237,-142.69713,68.04897,346.92368
32,36,-45.12325,415.32605,-136.54424,71.08235,356.17627
32,37,-46.443962,430.53937,-129.90424,73.79751,366.37463
32,38,-47.819878,445.56122,-123.08939,76.31708,376.8378
32,39,-48.97654,460.9521,-116.34132,78.16341,388.67108
32,40,-50.182056,476.42578,-110.05073,79.77468,401.1438
32,41,-51.18091,492.2327,-104.645515,81.647316,414.05173
32,42,-51.959988,508.34155,-99.77215,83.0844,427.9365
32,43,-52.93643,524.82806,-95.29153,81.875824,444.97263
32,44,-53.836407,541.5902,-92.1069,78.11944,465.04816
32,45,-54.454914,558.4635,-89.861824,73.75081,486.00418
32,46,-54.800514,575.42267,-87.4196,70.18711,506.28745
32,47,-54.976795,592.78937,-84.72204,68.071175,525.5606
32,48,-55.294014,610.4188,-81.96546,67.5766,543.4971
32,49,-55.780014,628.4315,-79.809135,68.1934,560.7532
32,50,-56.62526,646.5226,-78.70957,68.86713,578.07745
32,51,-58.244236,665.2081,-78.68443,69.07912,596.4794
32,52,-60.360725,684.58496,-78.883934,69.17391,615.68976
32,53,-62.509876,704.4883,-79.30016,69.01824,635.6918
32,54,-65.06776,724.94806,-80.1027,68.76905,656.35126
32,55,-67.48888,745.35394,-81.357025,68.39622,677.09973
32,56,-69.68734,765.7905,-82.58991,67.96886,697.9409
32,57,-71.56193,785.30023,-83.61389,67.357544,718.0438
32,58,-73.05744,804.1312,-84.368195,66.65246,737.5655
32,59,-74.2829,822.61224,-84.83714,65.95649,756.7294
32,60,-75.30978,841.10406,-85.085106,65.3013,775.8643
33,1,-1.6882257,5.53904,-0.94868237,4.748468,1.0825566
33,2,-3.1907334,10.398479,-0.08039794,9.688191,3.190407
33,3,-4.6278367,15.033915,2.8440046,13.584684,7.611089
33,4,-6.124326,20.051376,7.703482,16.06795,14.390135
33,5,-7.724568,25.372538,13.419214,18.472942,22.241041
33,6,-9.410483,31.006607,19.572119,21.506323,30.499945
33,7,-11.191759,37.148174,26.21212,24.22148,39.574608
33,8,-13.017635,43.333687,33.026955,26.741045,48.943027
33,9,-14.853854,49.95024,39.775036,28.587376,58.657375
33,10,-16.747908,56.703354,46.06562,30.198652,68.17652
33,11,-18.627096,63.80162,51.47083,32.071285,76.945
33,12,-20.471884,71.21091,56.344204,33.50837,85.56981
33,13,-22.493845,78.97222,60.82482,32.29979,95.50035
33,14,-24.536806,86.99537,64.009445,28.543406,106.09934
33,15,-26.46238,95.133644,66.254524,24.174778,116.75437
33,16,-28.271627,103.37634,68.69675,20.611078,127.487076
33,17,-30.078207,112.02841,71.39432,18.495144,138.00415
33,18,-32.007946,120.9212,74.15089,18.000568,147.85924
33,19,-34.10253,130.17192,76.30721,18.617367,156.95454
33,20,-36.400707,139.4671,77.406784,19.291096,165.51259
33,21,-39.245647,149.2822,77.431915,19.503086,174.51726
33,22,-42.530075,159.73337,77.23242,19.597883,184.33939
33,23,-45.958954,170.6914,76.816185,19.442211,194.80774
33,24,-49.76042,182.16003,76.01365,19.193022,205.85764
33,25,-53.468826,193.58762,74.75932,18.820187,216.7628
33,26,-57.05424,205.06204,73.526436,18.392822,227.8085
33,27,-60.234646,215.6623,72.50246,17.781515,238.27704
33,28,-63.046795,225.63124,71.74815,17.076427,248.32396
33,29,-65.633286,235.28,71.279205,16.380459,258.18994
33,30,-68.115715,244.95477,71.03124,15.725267,268.15677
33,31,-70.58219,254.6301,70.96271,15.250724,278.0961
33,32,-73.04658,264.2716,70.96271,15.194564,287.71173
33,33,-75.48184,273.85,70.874916,15.559506,296.87418
33,34,-77.89976,283.4014,70.547295,16.57327,305.34207
33,35,-80.29978,292.89,69.72417,18.479328,312.74335
33,36,-82.6695,302.34045,68.25922,21.868929,318.50238
33,37,-85.02122,311.74634,66.52415,26.051525,323.39996
33,38,-87.36496,321.12973,64.67504,30.112093,328.34042
33,39,-89.66958,330.4984,62.532482,33.54484,333.68683
33,40,-91.95168,339.834,59.77445,35.919853,339.68314
33,41,-94.210495,349.1498,56.250275,37.243397,346.3005
33,42,-96.44853,358.44424,52.18705,36.974617,354.16843
33,43,-98.647575,367.70987,47.68218,35.969112,362.5801
33,44,-100.800514,376.90775,42.680443,34.74141,371.03177
33,45,-102.92013,386.0719,37.150402,33.472343,379.40244
33,46,-104.98792,395.1847,31.240627,31.781067,388.09845
33,47,-107.00371,404.2434,25.344616,29.366302,397.55368
33,48,-108.98696,413.24588,19.577736,26.715818,407.3504
33,49,-110.96497,422.21674,13.989193,24.479452,416.90344
33,50,-112.91044,431.11975,8.883979,22.625755,426.26425
33,51,-114.82826,439.97296,4.5484686,20.342665,436.28018
33,52,-116.72909,448.78818,1.5724479,17.885036,446.8476
33,53,-118.6124,457.556,-0.112563916,14.771012,458.36746
33,54,-120.47367,466.2833,-0.31371677,10.437645,471.41666
33,55,-122.296295,474.95044,0.57064706,5.6752777,485.09323
33,56,-124.09041,483.56915,1.3258951,0.5191927,499.06564
33,57,-125.87422,492.159,1.2697682,-4.5576982,512.73096
33,58,-127.640465,500.72498,0.60591,-9.478916,526.0752
33,59,-129.38332,509.263,0.17951074,-14.150338,539.2106
33,60,-131.09319,517.7497,0.7801224,-18.415037,552.14417
34,1,-0.6035808,-2.8300562,-0.047827523,-0.39027205,2.5022805
34,2,-1.1639417,-5.50508,-0.047827523,-0.44643113,5.1803126
34,3,-1.7296903,-8.217264,-0.13561924,-0.08148937,8.29047
34,4,-2.3071966,-10.977491,-0.46324378,0.93227476,12.051667
34,5,-2.871764,-13.673169,-1.2863718,2.8383331,16.587439
34,6,-3.4326177,-16.323957,-2.751322,6.227933,22.56218
34,7,-3.9847364,-18.92467,-4.486393,10.41053,29.339487
34,8,-4.5320563,-21.499805,-6.3354936,14.471098,36.016083
34,9,-5.0828147,-24.046442,-8.478054,17.903845,42.08746
34,10,-5.628857,-26.553627,-11.236088,20.278858,47.166965
34,11,-6.173935,-29.034063,-14.760261,21.6024,51.35929
34,12,-6.7170916,-31.487202,-18.823486,21.333622,54.19044
34,13,-7.259865,-33.901165,-23.32836,20.328117,56.559807
34,14,-7.792883,-36.237957,-28.330093,19.100414,59.02637
34,15,-8.322792,-38.533222,-33.860138,17.831347,61.87989
34,16,-8.847963,-40.76552,-39.76991,16.140072,64.76429
34,17,-9.3672495,-42.93216,-45.66592,13.725307,67.2879
34,18,-9.876383,-45.03675,-51.4328,11.074823,69.82438
34,19,-10.377333,-47.109184,-57.021343,8.838456,72.840935
34,20,-10.864672,-49.108807,-62.12656,6.9847593,75.98862
34,21,-11.342288,-51.053253,-66.46207,4.701669,78.401535
34,22,-11.811839,-52.957047,-69.43809,2.2440414,79.7994
34,23,-12.270775,-54.811455,-71.1231,-0.8699827,79.83282
34,24,-12.721598,-56.62174,-71.32426,-5.20335,77.96232
34,25,-13.161116,-58.36541,-70.43989,-9.965717,74.98925
34,26,-13.590938,-60.056076,-69.68464,-15.121802,71.872055
34,27,-14.014001,-61.716827,-69.74077,-20.198694,69.492645
34,28,-14.432601,-63.350414,-70.404625,-25.119911,67.78229
34,29,-14.846291,-64.95163,-70.831024,-29.791334,66.11003
34,30,-15.249586,-66.49637,-70.230415,-34.056034,63.837814
34,31,-15.633838,-67.952484,-68.0351,-37.803814,60.45523
34,32,-16.003738,-69.3435,-63.642017,-40.881355,55.493233
34,33,-16.366411,-70.693924,-57.447765,-43.111813,49.48182
34,34,-16.72088,-72.005295,-50.26783,-45.092075,43.008366
34,35,-17.067272,-73.27189,-42.930134,-47.24232,36.69368
34,36,-17.40218,-74.47544,-35.59984,-49.41523,30.970453
34,37,-17.72622,-75.62389,-28.195066,-51.35069,26.434546
34,38,-18.035284,-76.71124,-20.15771,-52.48981,24.314243
34,39,-18.324623,-77.71898,-11.016203,-52.742073,26.024197
34,40,-18.598064,-78.67966,-0.5452664,-52.155407,32.084877
34,41,-18.853796,-79.57519,10.932683,-50.48492,41.63506
34,42,-19.097237,-80.42093,22.624495,-48.060436,52.80061
34,43,-19.322842,-81.19153,34.095287,-45.424335,64.286766
34,44,-19.533096,-81.90261,44.249912,-43.205936,74.60365
34,45,-19.72378,-82.539314,52.548687,-41.2197,83.25034
34,46,-19.893768,-83.10216,59.27911,-38.882515,90.68474
34,47,-20.049936,-83.61584,65.22023,-37.697178,96.847946
34,48,-20.197245,-84.09573,69.932755,-37.181053,101.60908
34,49,-20.331902,-84.530975,72.98407,-36.31065,105.03842
34,50,-20.453434,-84.9214,74.59759,-34.75227,107.478546
34,51,-20.564617,-85.27616,75.67915,-33.938904,109.07969
34,52,-20.656511,-85.56907,77.36264,-32.799706,111.32098
34,53,-20.737799,-85.82655,78.9872,-30.210451,114.18505
34,54,-20.799635,-86.02056,79.472374,-26.1726,116.774376
34,55,-20.845867,-86.1645,78.7529,-21.38873,118.81
34,56,-20.877352,-86.26202,77.47541,-15.294623,121.283295
34,57,-20.897614,-86.32456,75.69198,-7.699373,124.545044
34,58,-20.912617,-86.37067,73.58631,1.1208614,128.78204
34,59,-20.906628,-86.35229,71.18916,10.276164,133.48666
34,60,-20.879644,-86.26978,68.56075,20.165995,139.02576
35,1,0.91004807,-2.5193372,2.04935,-3.3418422,1.4051774
35,2,1.6657522,-4.602841,6.442431,-6.419384,5.11043
35,3,2.3550537,-6.506193,12.636685,-8.649843,10.502723
35,4,3.0018454,-8.299419,19.81662,-10.630105,16.975533
35,5,3.6231632,-10.038123,27.154316,-12.780351,23.6904
35,6,4.210834,-11.706027,34.48461,-14.953261,30.447432
35,7,4.772595,-13.318913,41.88938,-16.88872,37.28806
35,8,5.309534,-14.870163,49.92674,-18.027842,44.7288
35,9,5.814785,-16.342539,59.06825,-18.280102,53.2887
35,10,6.3063555,-17.764402,69.539185,-17.693438,63.232872
35,11,6.773961,-19.120735,81.017136,-16.02295,74.30777
35,12,7.2214546,-20.427649,92.70895,-13.598466,85.75983
35,13,7.6376324,-21.661346,104.17974,-10.962364,97.13313
35,14,8.030455,-22.836224,114.334366,-8.743965,107.23392
35,15,8.394567,-23.938,122.63314,-6.7577314,115.52321
35,16,8.731717,-24.966204,129.36356,-4.420544,122.368965
35,17,9.050734,-25.945168,135.30467,-3.2352064,128.28015
35,18,9.355983,-26.890507,140.01721,-2.7190812,132.87819
35,19,9.64476,-27.791656,143.06851,-1.8486782,135.92255
35,20,9.916312,-28.64413,144.68204,-0.29029784,137.71617
35,21,10.17346,-29.456823,145.7636,0.52306545,138.86496
35,22,10.410045,-30.205288,147.4471,1.662263,140.69362
35,23,10.6339,-30.917933,149.07166,4.2515197,142.83524
35,24,10.835723,-31.566683,149.55682,8.28937,144.33311
35,25,11.020366,-32.1649,148.83736,13.07324,145.05176
35,26,11.189627,-32.71623,147.55986,19.167347,145.90665
35,27,11.347445,-33.232086,145.77643,26.762598,147.20908
35,28,11.499347,-33.731018,143.67076,35.582832,149.24374
35,29,11.631218,-34.16468,141.27362,44.738132,151.76562
35,30,11.742822,-34.53319,138.6452,54.627964,155.09328
35,31,11.844137,-34.86871,136.0073,64.63609,159.11536
35,32,11.927185,-35.145435,133.34517,74.94383,163.89622
35,33,11.990618,-35.359127,130.9071,84.72131,168.99835
35,34,12.042586,-35.53577,128.71376,93.73066,174.13205
35,35,12.083054,-35.674072,126.47239,101.9498,178.956
35,36,12.106157,-35.753845,123.45915,112.78647,185.64406
35,37,12.111497,-35.77257,120.42801,122.74656,191.99162
35,38,12.104053,-35.74642,117.88306,132.8169,199.0045
35,39,12.083066,-35.67228,116.126236,142.35243,206.19841
35,40,12.056451,-35.577396,115.33911,151.7987,213.95586
35,41,12.043967,-35.532707,115.52737,161.43134,222.49416
35,42,12.038383,-35.512474,116.60443,170.99458,231.47185
35,43,12.040804,-35.521435,118.477776,179.97076,240.345
35,44,12.0905485,-35.709064,120.93089,189.07242,249.74574
35,45,12.174804,-36.031124,124.242516,197.58328,259.10394
35,46,12.337092,-36.631332,128.56908,206.24626,269.25714
35,47,12.580675,-37.494503,134.24147,214.65749,279.9678
35,48,12.987841,-38.926018,140.17876,223.08743,291.25348
35,49,13.512538,-40.751217,145.71907,231.5471,302.6961
35,50,14.192288,-42.94005,150.48293,240.18935,314.22507
35,51,15.092747,-45.450382,154.96193,247.77621,324.87726
35,52,16.358116,-48.497074,157.37357,257.0701,336.53625
35,53,17.819918,-51.760056,158.3943,266.49628,347.9199
35,54,19.17155,-54.535168,158.10287,275.52646,358.10974
35,55,20.767616,-57.71697,156.64143,284.5426,368.24356
35,56,22.190866,-60.477524,154.4068,293.08615,377.47623
35,57,23.854805,-63.566612,151.61017,300.6501,385.9731
35,58,25.670801,-66.86128,148.11436,307.59586,393.96774
35,59,27.695215,-70.435524,144.47745,314.10843,401.88574
35,60,29.837347,-74.227005,141.81577,320.5285,410.33044
36,1,-0.734265,2.7013931,-2.371346,9.017908,6.5252123
36,2,-1.3504155,4.956846,-5.033474,19.325653,14.833325
36,3,-1.908987,7.0093927,-7.471537,29.103134,22.783228
36,4,-2.440847,8.97901,-9.664881,38.11248,30.015759
36,5,-2.955043,10.894447,-11.90625,46.33162,36.5502
36,6,-3.44442,12.737694,-14.919487,57.16829,45.888504
36,7,-3.9088407,14.516471,-17.950634,67.12838,54.45351
36,8,-4.359766,16.246746,-20.495586,77.19872,63.051632
36,9,-4.794693,17.925892,-22.252405,86.734245,70.98845
36,10,-5.218127,19.576736,-23.039526,96.18053,78.6495
36,11,-5.6485524,21.262493,-22.85127,105.813156,86.28295
36,12,-6.07806,22.966484,-21.774214,115.3764,93.73347
36,13,-6.504455,24.696957,-19.900866,124.35259,100.552025
36,14,-6.9638357,26.60076,-17.447748,133.45424,107.36656
36,15,-7.4474907,28.634422,-14.1361265,141.96509,113.52787
36,16,-8.015288,30.937855,-9.809572,150.62808,119.70368
36,17,-8.676568,33.49928,-4.137178,159.03929,125.622055
36,18,-9.492147,36.631584,1.8001142,167.46925,131.32408
36,19,-10.421939,40.161774,7.340435,175.92892,136.92415
36,20,-11.536278,44.055775,12.104279,184.57117,142.49017
36,21,-12.939753,48.26251,16.58328,192.15804,146.89293
36,22,-14.781554,52.993454,18.99493,201.4519,152.2523
36,23,-16.869183,57.947807,20.015663,210.8781,157.3155
36,24,-18.920486,62.410603,19.72424,219.9083,162.16946
36,25,-21.229918,67.283806,18.26279,228.92442,166.3952
36,26,-23.395842,71.72634,16.028154,237.46797,170.3659
36,27,-25.825964,76.49034,13.23152,245.03189,173.00792
36,28,-28.419846,81.45615,9.735716,251.97769,174.73822
36,29,-31.234673,86.69615,6.0988064,258.49026,175.80388
36,30,-34.160454,92.156624,3.4371202,264.9103,176.79767
36,31,-37.089592,97.667496,3.4485404,271.26434,178.26723
36,32,-40.295254,103.68422,6.7254477,276.23276,178.84056
36,33,-43.695366,110.049065,12.550487,278.64322,177.72896
36,34,-47.324192,116.7753,20.070398,278.2607,174.98448
36,35,-51.131004,123.71698,28.758797,276.45502,172.36963
36,36,-55.123394,130.74422,38.11664,274.6737,171.4917
36,37,-59.468254,137.85161,47.428673,274.35266,173.37672
36,38,-63.899055,144.69972,56.052193,276.38797,178.12944
36,39,-68.76323,151.86874,63.290527,281.02228,184.71283
36,40,-73.399895,158.8344,68.02321,287.9506,191.498
36,41,-78.13463,165.81044,69.851265,296.1764,197.21843
36,42,-82.590355,172.1504,68.846115,305.22504,201.59827
36,43,-86.90143,178.35657,65.87999,314.84378,204.86806
36,44,-90.600746,183.84836,62.10195,325.23712,208.1079
36,45,-94.00253,188.81973,57.584057,336.2834,211.48055
36,46,-97.27858,193.67938,51.95796,347.5645,214.3646
36,47,-100.82621,198.82643,45.25474,358.59033,216.4813
36,48,-104.659355,204.31079,37.77234,369.10043,217.81279
36,49,-108.93396,210.3029,30.153849,378.92615,218.58458
36,50,-113.326195,216.55399,22.955143,388.28488,219.23526
36,51,-117.66106,222.74957,16.157293,396.85867,219.59355
36,52,-121.86992,228.87236,9.565497,404.35132,219.24446
36,53,-125.59323,234.34402,2.897923,410.19522,217.7926
36,54,-128.64803,238.77782,-3.5053535,414.39056,215.6398
36,55,-131.8379,243.56712,-8.492212,416.65884,212.5439
36,56,-134.7303,247.96613,-11.601958,417.68726,209.68036
36,57,-137.27608,251.77878,-14.358418,418.277,206.9551
36,58,-139.39073,254.81833,-18.735176,418.90585,203.67247
36,59,-141.12056,257.21332,-24.76689,419.13547,199.39148
36,60,-142.273,258.6323,-32.47746,419.1963,194.5144
